gid,depth,in_deg,in_kzt,profile_bucket,merged_buckets,p_onward,bucket_size,last_in_date,late_inflow,boundary_status
100000000018102100,4,1,7000.00000000,0:0,0,0.26631158,751,2026-07-18,False,sink_like
100000000041368100,1,1,160000.00000000,0:1,1,0.28150134,373,2026-07-22,False,observed_sink
100000000287768100,3,1,35168.00000000,0:0,0,0.26631158,751,2026-07-27,False,observed_sink
100000000299820100,4,1,10000.00000000,0:0,0,0.26631158,751,2026-07-09,False,sink_like
100000000307908100,2,1,5000.00000000,0:0,0,0.26631158,751,2026-07-16,False,observed_sink
100000000369781100,4,1,5000.00000000,0:0,0,0.26631158,751,2026-07-04,False,sink_like
100000000375150100,4,1,300000.00000000,0:2,2,0.36111111,180,2026-07-07,False,unknown
100000000404740100,4,1,25000.00000000,0:0,0,0.26631158,751,2026-07-21,False,sink_like
100000000408846100,3,1,40500.00000000,0:0,0,0.26631158,751,2026-07-16,False,observed_sink
100000000424935100,4,1,15000.00000000,0:0,0,0.26631158,751,2026-07-05,False,sink_like
100000000425407100,2,1,20000.00000000,0:0,0,0.26631158,751,2026-07-22,False,observed_sink
100000000440392100,1,1,105705.00000000,0:1,1,0.28150134,373,2026-07-19,False,observed_sink
100000000456947100,0,0,0.00000000,2:0,0,,6,,False,observed_sink
100000000470237100,4,1,32500.00000000,0:0,0,0.26631158,751,2026-07-30,True,unknown
100000000481716100,3,1,8000.00000000,0:0,0,0.26631158,751,2026-07-22,False,observed_sink
100000000500040100,4,1,20000.00000000,0:0,0,0.26631158,751,2026-07-28,False,sink_like
100000000533217100,2,1,53587.00000000,0:1,1,0.28150134,373,2026-07-15,False,observed_sink
100000000542087100,4,1,8506.91000000,0:0,0,0.26631158,751,2026-07-15,False,sink_like
100000000555721100,1,2,113000.00000000,1:1,1,0.59793814,97,2026-07-16,False,observed_sink
100000000557536100,4,1,153000.00000000,0:1,1,0.28150134,373,2026-07-13,False,sink_like
100000000560751100,3,1,25000.00000000,0:0,0,0.26631158,751,2026-07-09,False,observed_sink
100000000561160100,4,1,240000.00000000,0:2,2,0.36111111,180,2026-07-30,True,unknown
100000000569479100,3,1,320000.00000000,0:2,2,0.36111111,180,2026-07-31,True,observed_sink
100000000581662100,4,1,21160.00000000,0:0,0,0.26631158,751,2026-07-16,False,sink_like
100000000581682100,4,1,5000.00000000,0:0,0,0.26631158,751,2026-07-11,False,sink_like
100000000600707100,4,1,89000.00000000,0:1,1,0.28150134,373,2026-07-31,True,unknown
100000000608031100,4,1,30000.00000000,0:0,0,0.26631158,751,2026-07-24,False,sink_like
100000000611474100,3,1,32000.00000000,0:0,0,0.26631158,751,2026-07-26,False,observed_sink
100000000625169100,2,1,10000.00000000,0:0,0,0.26631158,751,2026-07-29,False,observed_sink
100000000627521100,4,1,6500.00000000,0:0,0,0.26631158,751,2026-07-11,False,sink_like
100000000629812100,2,2,22000.00000000,1:0,0,0.66666667,42,2026-07-28,False,observed_sink
100000000634341100,4,1,24000.00000000,0:0,0,0.26631158,751,2026-07-22,False,sink_like
100000000646541100,2,3,25300.00000000,2:0,0,,6,2026-07-31,True,observed_sink
100000000655469100,4,1,20000.00000000,0:0,0,0.26631158,751,2026-07-18,False,sink_like
100000000661131100,3,1,15600.00000000,0:0,0,0.26631158,751,2026-07-08,False,observed_sink
100000000673915100,4,1,20200.00000000,0:0,0,0.26631158,751,2026-07-14,False,sink_like
100000000703902100,1,1,25499.00000000,0:0,0,0.26631158,751,2026-07-22,False,observed_sink
100000000704700100,4,1,10000.00000000,0:0,0,0.26631158,751,2026-07-26,False,sink_like
100000000718427100,2,1,6000.00000000,0:0,0,0.26631158,751,2026-07-24,False,observed_sink
100000000733373100,2,1,10710.00000000,0:0,0,0.26631158,751,2026-07-24,False,observed_sink
100000000733940100,4,1,752000.00000000,0:2,2,0.36111111,180,2026-07-28,False,unknown
100000000737152100,4,1,35000.00000000,0:0,0,0.26631158,751,2026-07-06,False,sink_like
100000000765628100,2,1,5000.00000000,0:0,0,0.26631158,751,2026-07-10,False,observed_sink
100000000769919100,2,1,250000.00000000,0:2,2,0.36111111,180,2026-07-13,False,observed_sink
100000000782285100,3,1,6151.00000000,0:0,0,0.26631158,751,2026-07-14,False,observed_sink
100000000783406100,3,1,6066.00000000,0:0,0,0.26631158,751,2026-07-22,False,observed_sink
100000000790311100,2,1,46300.00000000,0:0,0,0.26631158,751,2026-07-27,False,observed_sink
100000000795033100,2,1,18200.00000000,0:0,0,0.26631158,751,2026-07-07,False,observed_sink
100000000795129100,2,1,332000.00000000,0:2,2,0.36111111,180,2026-07-31,True,observed_sink
100000000795374100,3,1,50000.00000000,0:1,1,0.28150134,373,2026-07-12,False,observed_sink
100000000802149100,3,1,104128.00000000,0:1,1,0.28150134,373,2026-07-11,False,observed_sink
100000000803368100,4,1,139503.00000000,0:1,1,0.28150134,373,2026-07-13,False,sink_like
100000000817146100,1,1,70020.00000000,0:1,1,0.28150134,373,2026-07-06,False,observed_sink
100000000821507100,2,1,400000.00000000,0:2,2,0.36111111,180,2026-07-22,False,observed_sink
100000000861294100,2,1,150000.00000000,0:1,1,0.28150134,373,2026-07-28,False,observed_sink
100000000870121100,3,1,12000.00000000,0:0,0,0.26631158,751,2026-07-21,False,observed_sink
100000000878006100,3,1,47003.00000000,0:0,0,0.26631158,751,2026-07-03,False,observed_sink
100000000896111100,3,1,287100.00000000,0:2,2,0.36111111,180,2026-07-01,False,observed_sink
100000000907277100,1,1,17534.00000000,0:0,0,0.26631158,751,2026-07-24,False,observed_sink
100000000912487100,2,1,10000.00000000,0:0,0,0.26631158,751,2026-07-23,False,observed_sink
100000000917179100,2,1,94465.00000000,0:1,1,0.28150134,373,2026-07-29,False,observed_sink
100000000926078100,4,1,250000.00000000,0:2,2,0.36111111,180,2026-07-28,False,unknown
100000000941942100,1,1,130000.00000000,0:1,1,0.28150134,373,2026-07-17,False,observed_sink
100000000942301100,3,1,57580.00000000,0:1,1,0.28150134,373,2026-07-08,False,observed_sink
100000000943371100,2,1,15500.00000000,0:0,0,0.26631158,751,2026-07-14,False,observed_sink
100000000945428100,1,1,89629.00000000,0:1,1,0.28150134,373,2026-07-15,False,observed_sink
100000000954884100,3,1,34000.00000000,0:0,0,0.26631158,751,2026-07-30,True,observed_sink
100000000955444100,2,1,6910.00000000,0:0,0,0.26631158,751,2026-07-03,False,observed_sink
100000000957746100,4,1,5300.00000000,0:0,0,0.26631158,751,2026-07-06,False,sink_like
100000000961900100,1,2,36000.00000000,1:0,0,0.66666667,42,2026-07-14,False,observed_sink
100000000967918100,2,1,21200.00000000,0:0,0,0.26631158,751,2026-07-30,True,observed_sink
100000000968253100,1,1,15000.00000000,0:0,0,0.26631158,751,2026-07-20,False,observed_sink
100000000971908100,2,1,89000.00000000,0:1,1,0.28150134,373,2026-07-27,False,observed_sink
100000000978041100,1,1,44445.00000000,0:0,0,0.26631158,751,2026-07-22,False,observed_sink
100000000979567100,2,1,10000.00000000,0:0,0,0.26631158,751,2026-07-02,False,observed_sink
100000000979923100,1,1,97900.00000000,0:1,1,0.28150134,373,2026-07-13,False,observed_sink
100000000981693100,4,1,16500.00000000,0:0,0,0.26631158,751,2026-07-25,False,sink_like
100000000993112100,2,1,141000.00000000,0:1,1,0.28150134,373,2026-07-20,False,observed_sink
100000000998559100,1,1,100000.00000000,0:1,1,0.28150134,373,2026-07-26,False,observed_sink
100000001009583100,3,1,393740.00000000,0:2,2,0.36111111,180,2026-07-31,True,observed_sink
100000001046057100,3,1,83420.00000000,0:1,1,0.28150134,373,2026-07-05,False,observed_sink
100000001046626100,3,1,150000.00000000,0:1,1,0.28150134,373,2026-07-20,False,observed_sink
100000001052789100,3,1,70975.00000000,0:1,1,0.28150134,373,2026-07-23,False,observed_sink
100000001053894100,4,1,2000000.00000000,0:3,"3,2",0.37765957,188,2026-07-28,False,unknown
100000001056414100,3,1,250000.00000000,0:2,2,0.36111111,180,2026-07-15,False,observed_sink
100000001065234100,4,1,360000.00000000,0:2,2,0.36111111,180,2026-07-05,False,unknown
100000001065481100,4,1,16000.00000000,0:0,0,0.26631158,751,2026-07-23,False,sink_like
100000001072022100,1,3,1684000.00000000,2:3,3,0.68750000,16,2026-07-30,True,observed_sink
100000001074553100,1,2,28971.00000000,1:0,0,0.66666667,42,2026-07-17,False,observed_sink
100000001083990100,2,1,49900.00000000,0:0,0,0.26631158,751,2026-07-14,False,observed_sink
100000001089055100,4,1,13000.00000000,0:0,0,0.26631158,751,2026-07-10,False,sink_like
100000001103905100,1,1,18000.00000000,0:0,0,0.26631158,751,2026-07-18,False,observed_sink
100000001110358100,3,2,32000.00000000,1:0,0,0.66666667,42,2026-07-16,False,observed_sink
100000001111763100,1,1,17144.00000000,0:0,0,0.26631158,751,2026-07-07,False,observed_sink
100000001114385100,2,1,29500.00000000,0:0,0,0.26631158,751,2026-07-10,False,observed_sink
100000001130176100,3,1,25000.00000000,0:0,0,0.26631158,751,2026-07-24,False,observed_sink
100000001130553100,4,1,18000.00000000,0:0,0,0.26631158,751,2026-07-10,False,sink_like
100000001131403100,4,1,1570000.00000000,0:3,"3,2",0.37765957,188,2026-07-27,False,unknown
100000001138376100,2,1,15300.00000000,0:0,0,0.26631158,751,2026-07-31,True,observed_sink
100000001140785100,3,2,215000.00000000,1:2,2,0.45679012,81,2026-07-14,False,observed_sink
100000001145749100,3,1,10000.00000000,0:0,0,0.26631158,751,2026-07-20,False,observed_sink
100000001149815100,3,1,12000.00000000,0:0,0,0.26631158,751,2026-07-27,False,observed_sink
100000001155773100,3,1,21500.00000000,0:0,0,0.26631158,751,2026-07-16,False,observed_sink
100000001160401100,3,1,47190.00000000,0:0,0,0.26631158,751,2026-07-06,False,observed_sink
100000001164648100,1,2,13660.00000000,1:0,0,0.66666667,42,2026-07-31,True,observed_sink
100000001184915100,2,1,201000.00000000,0:2,2,0.36111111,180,2026-07-30,True,observed_sink
100000001194266100,1,1,50000.00000000,0:1,1,0.28150134,373,2026-07-24,False,observed_sink
100000001202637100,4,1,10000.00000000,0:0,0,0.26631158,751,2026-07-10,False,sink_like
100000001202787100,4,2,14850.00000000,1:0,0,0.66666667,42,2026-07-17,False,likely_onward
100000001220124100,4,1,40000.00000000,0:0,0,0.26631158,751,2026-07-15,False,sink_like
100000001222245100,4,1,420000.00000000,0:2,2,0.36111111,180,2026-07-31,True,unknown
100000001227106100,3,1,164765.00000000,0:1,1,0.28150134,373,2026-07-23,False,observed_sink
100000001241318100,2,1,53000.00000000,0:1,1,0.28150134,373,2026-07-08,False,observed_sink
100000001246806100,4,1,130000.00000000,0:1,1,0.28150134,373,2026-07-21,False,sink_like
100000001248999100,3,1,23425.00000000,0:0,0,0.26631158,751,2026-07-22,False,observed_sink
100000001249054100,4,1,17375.00000000,0:0,0,0.26631158,751,2026-07-26,False,sink_like
100000001250022100,2,1,50000.00000000,0:1,1,0.28150134,373,2026-07-31,True,observed_sink
100000001251686100,2,1,18000.00000000,0:0,0,0.26631158,751,2026-07-12,False,observed_sink
100000001253557100,1,5,210200.00000000,3:2,2,0.91666667,24,2026-07-28,False,observed_sink
100000001256409100,4,1,8000.00000000,0:0,0,0.26631158,751,2026-07-27,False,sink_like
100000001262647100,2,1,23650.00000000,0:0,0,0.26631158,751,2026-07-30,True,observed_sink
100000001270349100,3,1,200000.00000000,0:2,2,0.36111111,180,2026-07-05,False,observed_sink
100000001270470100,4,1,28300.00000000,0:0,0,0.26631158,751,2026-07-07,False,sink_like
100000001273783100,2,1,23200.00000000,0:0,0,0.26631158,751,2026-07-20,False,observed_sink
100000001275557100,4,1,20000.00000000,0:0,0,0.26631158,751,2026-07-07,False,sink_like
100000001275752100,3,1,151500.00000000,0:1,1,0.28150134,373,2026-07-30,True,observed_sink
100000001276409100,4,1,94760.00000000,0:1,1,0.28150134,373,2026-07-14,False,sink_like
100000001279875100,2,1,49235.00000000,0:0,0,0.26631158,751,2026-07-31,True,observed_sink
100000001280798100,3,1,23785.00000000,0:0,0,0.26631158,751,2026-07-06,False,observed_sink
100000001282143100,3,5,1700000.00000000,3:3,3,0.64285714,14,2026-07-29,False,observed_sink
100000001285440100,3,2,243000.00000000,1:2,2,0.45679012,81,2026-07-30,True,observed_sink
100000001286703100,4,1,20500.00000000,0:0,0,0.26631158,751,2026-07-21,False,sink_like
100000001290243100,2,1,10000.00000000,0:0,0,0.26631158,751,2026-07-12,False,observed_sink
100000001297206100,4,1,6758.00000000,0:0,0,0.26631158,751,2026-07-16,False,sink_like
100000001298099100,3,1,19000.00000000,0:0,0,0.26631158,751,2026-07-06,False,observed_sink
100000001299323100,4,1,109000.00000000,0:1,1,0.28150134,373,2026-07-28,False,sink_like
100000001299443100,4,1,8000.00000000,0:0,0,0.26631158,751,2026-07-24,False,sink_like
100000001299828100,4,1,100000.00000000,0:1,1,0.28150134,373,2026-07-24,False,sink_like
100000001303311100,3,5,1324000.00000000,3:3,3,0.64285714,14,2026-07-31,True,observed_sink
100000001307612100,1,1,38483.00000000,0:0,0,0.26631158,751,2026-07-01,False,observed_sink
100000001308856100,2,1,27000.00000000,0:0,0,0.26631158,751,2026-07-22,False,observed_sink
100000001311175100,4,1,300000.00000000,0:2,2,0.36111111,180,2026-07-21,False,unknown
100000001325618100,4,1,9300.00000000,0:0,0,0.26631158,751,2026-07-29,False,sink_like
100000001329153100,3,1,150687.00000000,0:1,1,0.28150134,373,2026-07-03,False,observed_sink
100000001339466100,2,1,30000.00000000,0:0,0,0.26631158,751,2026-07-10,False,observed_sink
100000001362940100,1,1,81000.00000000,0:1,1,0.28150134,373,2026-07-19,False,observed_sink
100000001378288100,4,1,268000.00000000,0:2,2,0.36111111,180,2026-07-18,False,unknown
100000001379511100,3,1,55000.00000000,0:1,1,0.28150134,373,2026-07-04,False,observed_sink
100000001380107100,3,1,6000.00000000,0:0,0,0.26631158,751,2026-07-22,False,observed_sink
100000001380986100,2,1,70170.00000000,0:1,1,0.28150134,373,2026-07-07,False,observed_sink
100000001386612100,2,1,62264.00000000,0:1,1,0.28150134,373,2026-07-04,False,observed_sink
100000001389255100,1,1,16136.00000000,0:0,0,0.26631158,751,2026-07-18,False,observed_sink
100000001411870100,1,2,900000.00000000,1:2,2,0.45679012,81,2026-07-23,False,observed_sink
100000001415126100,0,1,27000.00000000,0:0,0,0.26631158,751,2026-07-02,False,observed_sink
100000001418900100,2,1,40140.00000000,0:0,0,0.26631158,751,2026-07-28,False,observed_sink
100000001420847100,2,1,20000.00000000,0:0,0,0.26631158,751,2026-07-30,True,observed_sink
100000001429930100,0,1,26000.00000000,0:0,0,0.26631158,751,2026-07-23,False,observed_sink
100000001463701100,1,2,621000.00000000,1:2,2,0.45679012,81,2026-07-20,False,observed_sink
100000001471706100,4,1,377000.00000000,0:2,2,0.36111111,180,2026-07-23,False,unknown
100000001477796100,1,1,182000.00000000,0:1,1,0.28150134,373,2026-07-28,False,observed_sink
100000001484381100,3,2,95585.00000000,1:1,1,0.59793814,97,2026-07-20,False,observed_sink
100000001498732100,4,1,5500.00000000,0:0,0,0.26631158,751,2026-07-20,False,sink_like
100000001524952100,1,1,103807.00000000,0:1,1,0.28150134,373,2026-07-05,False,observed_sink
100000001527186100,1,1,678000.00000000,0:2,2,0.36111111,180,2026-07-24,False,observed_sink
100000001530709100,3,1,53961.00000000,0:1,1,0.28150134,373,2026-07-16,False,observed_sink
100000001530740100,2,1,15000.00000000,0:0,0,0.26631158,751,2026-07-02,False,observed_sink
100000001533161100,4,1,100000.00000000,0:1,1,0.28150134,373,2026-07-21,False,sink_like
100000001537524100,4,1,150000.00000000,0:1,1,0.28150134,373,2026-07-30,True,unknown
100000001538095100,3,2,280000.00000000,1:2,2,0.45679012,81,2026-07-28,False,observed_sink
100000001541418100,2,2,96900.00000000,1:1,1,0.59793814,97,2026-07-18,False,observed_sink
100000001549194100,3,1,46500.00000000,0:0,0,0.26631158,751,2026-07-08,False,observed_sink
100000001550388100,1,1,50000.00000000,0:1,1,0.28150134,373,2026-07-18,False,observed_sink
100000001550419100,3,1,23000.00000000,0:0,0,0.26631158,751,2026-07-21,False,observed_sink
100000001554432100,1,1,53920.00000000,0:1,1,0.28150134,373,2026-07-24,False,observed_sink
100000001557930100,2,1,34610.00000000,0:0,0,0.26631158,751,2026-07-30,True,observed_sink
100000001567366100,1,1,824070.00000000,0:2,2,0.36111111,180,2026-07-21,False,observed_sink
100000001578517100,2,1,30000.00000000,0:0,0,0.26631158,751,2026-07-03,False,observed_sink
100000001584286100,2,2,738699.00000000,1:2,2,0.45679012,81,2026-07-17,False,observed_sink
100000001590795100,4,1,5060.00000000,0:0,0,0.26631158,751,2026-07-27,False,sink_like
100000001597424100,3,1,48100.00000000,0:0,0,0.26631158,751,2026-07-01,False,observed_sink
100000001598625100,4,1,25000.00000000,0:0,0,0.26631158,751,2026-07-08,False,sink_like
100000001611488100,3,2,779300.00000000,1:2,2,0.45679012,81,2026-07-28,False,observed_sink
100000001632325100,3,1,85600.00000000,0:1,1,0.28150134,373,2026-07-07,False,observed_sink
100000001633685100,2,3,45000.00000000,2:0,0,,6,2026-07-17,False,observed_sink
100000001639766100,3,1,20000.00000000,0:0,0,0.26631158,751,2026-07-27,False,observed_sink
100000001641789100,1,1,17826.00000000,0:0,0,0.26631158,751,2026-07-13,False,observed_sink
100000001641951100,2,1,25000.00000000,0:0,0,0.26631158,751,2026-07-28,False,observed_sink
100000001648936100,2,1,92740.00000000,0:1,1,0.28150134,373,2026-07-29,False,observed_sink
100000001669260100,4,1,500000.00000000,0:2,2,0.36111111,180,2026-07-08,False,unknown
100000001674850100,3,2,237000.00000000,1:2,2,0.45679012,81,2026-07-17,False,observed_sink
100000001680944100,3,1,393000.00000000,0:2,2,0.36111111,180,2026-07-31,True,observed_sink
100000001684867100,1,1,30550.00000000,0:0,0,0.26631158,751,2026-07-14,False,observed_sink
100000001686328100,3,1,140000.00000000,0:1,1,0.28150134,373,2026-07-30,True,observed_sink
100000001688676100,3,1,133700.00000000,0:1,1,0.28150134,373,2026-07-26,False,observed_sink
100000001689968100,3,3,344333.75000000,2:2,2,0.60655738,61,2026-07-20,False,observed_sink
100000001690439100,3,1,14200.00000000,0:0,0,0.26631158,751,2026-07-01,False,observed_sink
100000001690558100,3,1,740000.00000000,0:2,2,0.36111111,180,2026-07-19,False,observed_sink
100000001696818100,1,1,53550.00000000,0:1,1,0.28150134,373,2026-07-27,False,observed_sink
100000001714173100,3,1,638905.00000000,0:2,2,0.36111111,180,2026-07-13,False,observed_sink
100000001714413100,3,1,250172.00000000,0:2,2,0.36111111,180,2026-07-24,False,observed_sink
100000001714883100,4,1,6900.00000000,0:0,0,0.26631158,751,2026-07-29,False,sink_like
100000001716579100,1,1,13916.00000000,0:0,0,0.26631158,751,2026-07-03,False,observed_sink
100000001724740100,4,1,185000.00000000,0:1,1,0.28150134,373,2026-07-26,False,sink_like
100000001726614100,3,1,138717.00000000,0:1,1,0.28150134,373,2026-07-13,False,observed_sink
100000001733216100,4,1,60000.00000000,0:1,1,0.28150134,373,2026-07-22,False,sink_like
100000001733687100,3,1,300000.00000000,0:2,2,0.36111111,180,2026-07-30,True,observed_sink
100000001737722100,2,1,60460.00000000,0:1,1,0.28150134,373,2026-07-24,False,observed_sink
100000001745217100,3,1,50000.00000000,0:1,1,0.28150134,373,2026-07-13,False,observed_sink
100000001784279100,3,1,35674.00000000,0:0,0,0.26631158,751,2026-07-14,False,observed_sink
100000001785161100,3,2,30000.00000000,1:0,0,0.66666667,42,2026-07-31,True,observed_sink
100000001805543100,1,1,59000.00000000,0:1,1,0.28150134,373,2026-07-06,False,observed_sink
100000001816678100,4,1,60000.00000000,0:1,1,0.28150134,373,2026-07-25,False,sink_like
100000001818442100,3,1,42215.00000000,0:0,0,0.26631158,751,2026-07-06,False,observed_sink
100000001819396100,3,1,166080.00000000,0:1,1,0.28150134,373,2026-07-16,False,observed_sink
100000001822623100,2,1,201300.00000000,0:2,2,0.36111111,180,2026-07-17,False,observed_sink
100000001822650100,4,1,112000.00000000,0:1,1,0.28150134,373,2026-07-31,True,unknown
100000001835625100,3,1,75130.00000000,0:1,1,0.28150134,373,2026-07-16,False,observed_sink
100000001837130100,3,1,172900.00000000,0:1,1,0.28150134,373,2026-07-13,False,observed_sink
100000001845505100,4,1,20000.00000000,0:0,0,0.26631158,751,2026-07-26,False,sink_like
100000001848426100,2,1,95530.00000000,0:1,1,0.28150134,373,2026-07-28,False,observed_sink
100000001851289100,1,1,109510.00000000,0:1,1,0.28150134,373,2026-07-18,False,observed_sink
100000001852140100,3,1,30000.00000000,0:0,0,0.26631158,751,2026-07-03,False,observed_sink
100000001853812100,3,1,70000.00000000,0:1,1,0.28150134,373,2026-07-10,False,observed_sink
100000001860090100,3,1,5000.00000000,0:0,0,0.26631158,751,2026-07-31,True,observed_sink
100000001870116100,1,1,24000.00000000,0:0,0,0.26631158,751,2026-07-27,False,observed_sink
100000001875167100,3,1,1000000.00000000,0:3,"3,2",0.37765957,188,2026-07-27,False,observed_sink
100000001875239100,3,3,712000.00000000,2:2,2,0.60655738,61,2026-07-22,False,observed_sink
100000001884825100,3,3,495000.00000000,2:2,2,0.60655738,61,2026-07-26,False,observed_sink
100000001904863100,2,1,500000.00000000,0:2,2,0.36111111,180,2026-07-30,True,observed_sink
100000001924185100,1,2,151000.00000000,1:1,1,0.59793814,97,2026-07-21,False,observed_sink
100000001927599100,3,2,188000.00000000,1:1,1,0.59793814,97,2026-07-08,False,observed_sink
100000001929088100,1,2,396010.00000000,1:2,2,0.45679012,81,2026-07-31,True,observed_sink
100000001934935100,3,1,118935.00000000,0:1,1,0.28150134,373,2026-07-27,False,observed_sink
100000001952325100,1,1,77888.00000000,0:1,1,0.28150134,373,2026-07-27,False,observed_sink
100000001953577100,1,1,15600.00000000,0:0,0,0.26631158,751,2026-07-20,False,observed_sink
100000001954903100,2,1,27118.00000000,0:0,0,0.26631158,751,2026-07-20,False,observed_sink
100000001957974100,4,1,500000.00000000,0:2,2,0.36111111,180,2026-07-24,False,unknown
100000001960517100,1,1,200000.00000000,0:2,2,0.36111111,180,2026-07-11,False,observed_sink
100000001961048100,2,1,150000.00000000,0:1,1,0.28150134,373,2026-07-17,False,observed_sink
100000001969496100,3,1,22740.00000000,0:0,0,0.26631158,751,2026-07-17,False,observed_sink
100000001985793100,2,1,420000.00000000,0:2,2,0.36111111,180,2026-07-20,False,observed_sink
100000001991973100,4,1,20800.00000000,0:0,0,0.26631158,751,2026-07-24,False,sink_like
100000002015633100,3,1,94970.00000000,0:1,1,0.28150134,373,2026-07-09,False,observed_sink
100000002028158100,2,1,34800.00000000,0:0,0,0.26631158,751,2026-07-28,False,observed_sink
100000002087788100,2,1,100500.00000000,0:1,1,0.28150134,373,2026-07-01,False,observed_sink
100000002095257100,3,1,8500.00000000,0:0,0,0.26631158,751,2026-07-17,False,observed_sink
100000002103448100,3,1,27000.00000000,0:0,0,0.26631158,751,2026-07-13,False,observed_sink
100000002109656100,3,1,500000.00000000,0:2,2,0.36111111,180,2026-07-17,False,observed_sink
100000002116705100,3,1,17600.00000000,0:0,0,0.26631158,751,2026-07-24,False,observed_sink
100000002119762100,4,1,77000.00000000,0:1,1,0.28150134,373,2026-07-20,False,sink_like
100000002126791100,4,1,1313000.00000000,0:3,"3,2",0.37765957,188,2026-07-31,True,unknown
100000002130400100,4,1,10000.00000000,0:0,0,0.26631158,751,2026-07-31,True,unknown
100000002158488100,1,1,31723.00000000,0:0,0,0.26631158,751,2026-07-23,False,observed_sink
100000002170580100,2,1,150000.00000000,0:1,1,0.28150134,373,2026-07-21,False,observed_sink
100000002173070100,2,1,30000.00000000,0:0,0,0.26631158,751,2026-07-03,False,observed_sink
100000002173161100,1,3,1427500.00000000,2:3,3,0.68750000,16,2026-07-26,False,observed_sink
100000002182176100,1,1,42465.00000000,0:0,0,0.26631158,751,2026-07-05,False,observed_sink
100000002184107100,3,1,6066.00000000,0:0,0,0.26631158,751,2026-07-21,False,observed_sink
100000002188586100,4,1,38310.00000000,0:0,0,0.26631158,751,2026-07-28,False,sink_like
100000002188829100,1,1,400000.00000000,0:2,2,0.36111111,180,2026-07-26,False,observed_sink
100000002194320100,4,1,275000.00000000,0:2,2,0.36111111,180,2026-07-05,False,unknown
100000002194329100,3,1,25170.00000000,0:0,0,0.26631158,751,2026-07-22,False,observed_sink
100000002199091100,2,1,65000.00000000,0:1,1,0.28150134,373,2026-07-23,False,observed_sink
100000002208836100,4,1,90000.00000000,0:1,1,0.28150134,373,2026-07-31,True,unknown
100000002211413100,1,1,37000.00000000,0:0,0,0.26631158,751,2026-07-28,False,observed_sink
100000002212494100,3,1,160000.00000000,0:1,1,0.28150134,373,2026-07-21,False,observed_sink
100000002214207100,4,1,97000.00000000,0:1,1,0.28150134,373,2026-07-19,False,sink_like
100000002214383100,4,1,213000.00000000,0:2,2,0.36111111,180,2026-07-23,False,unknown
100000002214570100,1,1,26471.00000000,0:0,0,0.26631158,751,2026-07-13,False,observed_sink
100000002216999100,3,1,23677.00000000,0:0,0,0.26631158,751,2026-07-20,False,observed_sink
100000002217806100,4,1,55000.00000000,0:1,1,0.28150134,373,2026-07-20,False,sink_like
100000002227960100,4,1,10000.00000000,0:0,0,0.26631158,751,2026-07-08,False,sink_like
100000002227989100,4,1,20000.00000000,0:0,0,0.26631158,751,2026-07-23,False,sink_like
100000002229615100,4,1,25000.00000000,0:0,0,0.26631158,751,2026-07-08,False,sink_like
100000002231144100,4,1,15000.00000000,0:0,0,0.26631158,751,2026-07-28,False,sink_like
100000002232266100,3,1,45000.00000000,0:0,0,0.26631158,751,2026-07-19,False,observed_sink
100000002236528100,3,1,66000.00000000,0:1,1,0.28150134,373,2026-07-10,False,observed_sink
100000002242066100,4,1,60000.00000000,0:1,1,0.28150134,373,2026-07-03,False,sink_like
100000002242455100,4,1,110000.00000000,0:1,1,0.28150134,373,2026-07-03,False,sink_like
100000002243354100,1,1,20879.00000000,0:0,0,0.26631158,751,2026-07-15,False,observed_sink
100000002255058100,3,1,491500.00000000,0:2,2,0.36111111,180,2026-07-24,False,observed_sink
100000002257794100,3,1,154000.00000000,0:1,1,0.28150134,373,2026-07-13,False,observed_sink
100000002258492100,4,1,9000.00000000,0:0,0,0.26631158,751,2026-07-07,False,sink_like
100000002284426100,3,1,90000.00000000,0:1,1,0.28150134,373,2026-07-21,False,observed_sink
100000002289937100,1,1,20000.00000000,0:0,0,0.26631158,751,2026-07-02,False,observed_sink
100000002299948100,2,1,6750.00000000,0:0,0,0.26631158,751,2026-07-11,False,observed_sink
100000002301828100,3,1,46977.00000000,0:0,0,0.26631158,751,2026-07-19,False,observed_sink
100000002304943100,4,1,15000.00000000,0:0,0,0.26631158,751,2026-07-07,False,sink_like
100000002305007100,3,1,56000.00000000,0:1,1,0.28150134,373,2026-07-13,False,observed_sink
100000002305477100,4,1,20000.00000000,0:0,0,0.26631158,751,2026-07-18,False,sink_like
100000002308091100,3,1,186720.00000000,0:1,1,0.28150134,373,2026-07-07,False,observed_sink
100000002320495100,4,1,13526.27000000,0:0,0,0.26631158,751,2026-07-08,False,sink_like
100000002324543100,1,1,30202.00000000,0:0,0,0.26631158,751,2026-07-19,False,observed_sink
100000002335358100,2,1,140000.00000000,0:1,1,0.28150134,373,2026-07-04,False,observed_sink
100000002340562100,2,1,36650.00000000,0:0,0,0.26631158,751,2026-07-19,False,observed_sink
100000002346166100,3,1,6000.00000000,0:0,0,0.26631158,751,2026-07-23,False,observed_sink
100000002369443100,3,1,50000.00000000,0:1,1,0.28150134,373,2026-07-27,False,observed_sink
100000002369454100,4,1,25000.00000000,0:0,0,0.26631158,751,2026-07-17,False,sink_like
100000002369510100,3,1,37150.00000000,0:0,0,0.26631158,751,2026-07-31,True,observed_sink
100000002369874100,3,4,600000.00000000,2:2,2,0.60655738,61,2026-07-29,False,observed_sink
100000002371892100,4,1,43830.00000000,0:0,0,0.26631158,751,2026-07-21,False,sink_like
100000002373386100,3,1,24000.00000000,0:0,0,0.26631158,751,2026-07-29,False,observed_sink
100000002380341100,3,1,57566.40000000,0:1,1,0.28150134,373,2026-07-01,False,observed_sink
100000002404112100,4,1,60000.00000000,0:1,1,0.28150134,373,2026-07-30,True,unknown
100000002432143100,2,1,81310.00000000,0:1,1,0.28150134,373,2026-07-08,False,observed_sink
100000002435265100,3,1,132628.00000000,0:1,1,0.28150134,373,2026-07-21,False,observed_sink
100000002443664100,2,3,556880.00000000,2:2,2,0.60655738,61,2026-07-26,False,observed_sink
100000002454724100,2,1,125000.00000000,0:1,1,0.28150134,373,2026-07-15,False,observed_sink
100000002457464100,2,1,66647.00000000,0:1,1,0.28150134,373,2026-07-25,False,observed_sink
100000002459163100,2,1,20180.00000000,0:0,0,0.26631158,751,2026-07-17,False,observed_sink
100000002459164100,3,1,20000.00000000,0:0,0,0.26631158,751,2026-07-31,True,observed_sink
100000002459240100,3,1,150000.00000000,0:1,1,0.28150134,373,2026-07-03,False,observed_sink
100000002459832100,3,2,880606.00000000,1:2,2,0.45679012,81,2026-07-23,False,observed_sink
100000002462183100,1,1,107500.00000000,0:1,1,0.28150134,373,2026-07-13,False,observed_sink
100000002469065100,2,1,200000.00000000,0:2,2,0.36111111,180,2026-07-07,False,observed_sink
100000002474570100,4,1,6750.00000000,0:0,0,0.26631158,751,2026-07-24,False,sink_like
100000002475601100,3,1,232301.00000000,0:2,2,0.36111111,180,2026-07-09,False,observed_sink
100000002478829100,4,1,34000.00000000,0:0,0,0.26631158,751,2026-07-07,False,sink_like
100000002480800100,1,2,569251.00000000,1:2,2,0.45679012,81,2026-07-21,False,observed_sink
100000002481735100,2,1,22436.00000000,0:0,0,0.26631158,751,2026-07-29,False,observed_sink
100000002487222100,4,1,90000.00000000,0:1,1,0.28150134,373,2026-07-05,False,sink_like
100000002488629100,2,1,73050.00000000,0:1,1,0.28150134,373,2026-07-29,False,observed_sink
100000002489253100,2,1,51000.00000000,0:1,1,0.28150134,373,2026-07-14,False,observed_sink
100000002492277100,2,1,138500.00000000,0:1,1,0.28150134,373,2026-07-31,True,observed_sink
100000002505277100,4,1,60000.00000000,0:1,1,0.28150134,373,2026-07-08,False,sink_like
100000002506987100,4,1,28200.00000000,0:0,0,0.26631158,751,2026-07-12,False,sink_like
100000002509598100,3,1,305550.00000000,0:2,2,0.36111111,180,2026-07-18,False,observed_sink
100000002511581100,3,1,17600.00000000,0:0,0,0.26631158,751,2026-07-07,False,observed_sink
100000002511825100,1,1,65000.00000000,0:1,1,0.28150134,373,2026-07-01,False,observed_sink
100000002512742100,4,1,6000.00000000,0:0,0,0.26631158,751,2026-07-26,False,sink_like
100000002514975100,4,1,17920.00000000,0:0,0,0.26631158,751,2026-07-25,False,sink_like
100000002516862100,4,1,81710.00000000,0:1,1,0.28150134,373,2026-07-28,False,sink_like
100000002521039100,3,1,349370.00000000,0:2,2,0.36111111,180,2026-07-20,False,observed_sink
100000002528544100,3,1,192912.00000000,0:1,1,0.28150134,373,2026-07-10,False,observed_sink
100000002528978100,4,1,15900.00000000,0:0,0,0.26631158,751,2026-07-26,False,sink_like
100000002529877100,4,1,232000.00000000,0:2,2,0.36111111,180,2026-07-27,False,unknown
100000002529880100,3,2,147000.00000000,1:1,1,0.59793814,97,2026-07-17,False,observed_sink
100000002530224100,3,1,113000.00000000,0:1,1,0.28150134,373,2026-07-22,False,observed_sink
100000002534091100,3,1,22200.00000000,0:0,0,0.26631158,751,2026-07-23,False,observed_sink
100000002539625100,2,1,94700.00000000,0:1,1,0.28150134,373,2026-07-16,False,observed_sink
100000002540033100,4,1,10000.00000000,0:0,0,0.26631158,751,2026-07-29,False,sink_like
100000002540623100,2,1,100000.00000000,0:1,1,0.28150134,373,2026-07-21,False,observed_sink
100000002546921100,3,1,20000.00000000,0:0,0,0.26631158,751,2026-07-18,False,observed_sink
100000002547110100,3,6,1500000.00000000,3:3,3,0.64285714,14,2026-07-16,False,observed_sink
100000002548759100,3,2,375000.00000000,1:2,2,0.45679012,81,2026-07-28,False,observed_sink
100000002550141100,3,1,100586.00000000,0:1,1,0.28150134,373,2026-07-10,False,observed_sink
100000002554175100,3,1,24621.00000000,0:0,0,0.26631158,751,2026-07-05,False,observed_sink
100000002556775100,3,1,300000.00000000,0:2,2,0.36111111,180,2026-07-16,False,observed_sink
100000002558173100,2,1,9300.00000000,0:0,0,0.26631158,751,2026-07-23,False,observed_sink
100000002559089100,3,2,715000.00000000,1:2,2,0.45679012,81,2026-07-29,False,observed_sink
100000002565277100,1,1,483319.00000000,0:2,2,0.36111111,180,2026-07-27,False,observed_sink
100000002566204100,2,1,80805.00000000,0:1,1,0.28150134,373,2026-07-21,False,observed_sink
100000002567887100,3,1,50915.00000000,0:1,1,0.28150134,373,2026-07-16,False,observed_sink
100000002570206100,2,2,166959.60000000,1:1,1,0.59793814,97,2026-07-23,False,observed_sink
100000002578653100,3,1,20000.00000000,0:0,0,0.26631158,751,2026-07-18,False,observed_sink
100000002581346100,3,1,166400.00000000,0:1,1,0.28150134,373,2026-07-24,False,observed_sink
100000002589019100,1,1,34710.00000000,0:0,0,0.26631158,751,2026-07-11,False,observed_sink
100000002591469100,1,1,235670.00000000,0:2,2,0.36111111,180,2026-07-16,False,observed_sink
100000002593038100,2,1,28500.00000000,0:0,0,0.26631158,751,2026-07-09,False,observed_sink
100000002593344100,3,2,431000.00000000,1:2,2,0.45679012,81,2026-07-29,False,observed_sink
100000002594214100,4,1,1000000.00000000,0:3,"3,2",0.37765957,188,2026-07-17,False,unknown
100000002596035100,1,1,231570.00000000,0:2,2,0.36111111,180,2026-07-16,False,observed_sink
100000002596039100,4,1,280000.00000000,0:2,2,0.36111111,180,2026-07-16,False,unknown
100000002597074100,4,1,8000.00000000,0:0,0,0.26631158,751,2026-07-24,False,sink_like
100000002597623100,3,1,16418.00000000,0:0,0,0.26631158,751,2026-07-20,False,observed_sink
100000002599729100,4,1,65000.00000000,0:1,1,0.28150134,373,2026-07-29,False,sink_like
100000002600345100,1,2,52400.00000000,1:1,1,0.59793814,97,2026-07-08,False,observed_sink
100000002603371100,3,1,9300.00000000,0:0,0,0.26631158,751,2026-07-03,False,observed_sink
100000002603478100,1,1,23500.00000000,0:0,0,0.26631158,751,2026-07-15,False,observed_sink
100000002603769100,1,3,1185368.00000000,2:3,3,0.68750000,16,2026-07-14,False,observed_sink
100000002605184100,2,1,140000.00000000,0:1,1,0.28150134,373,2026-07-29,False,observed_sink
100000002605308100,2,3,2569521.84000000,2:3,3,0.68750000,16,2026-07-29,False,observed_sink
100000002605548100,1,2,116695.00000000,1:1,1,0.59793814,97,2026-07-20,False,observed_sink
100000002613776100,2,1,30000.00000000,0:0,0,0.26631158,751,2026-07-11,False,observed_sink
100000002613929100,3,1,28560.00000000,0:0,0,0.26631158,751,2026-07-23,False,observed_sink
100000002614095100,3,1,5300.00000000,0:0,0,0.26631158,751,2026-07-09,False,observed_sink
100000002615479100,1,1,220000.00000000,0:2,2,0.36111111,180,2026-07-17,False,observed_sink
100000002618492100,1,2,296500.00000000,1:2,2,0.45679012,81,2026-07-21,False,observed_sink
100000002621434100,3,1,81000.00000000,0:1,1,0.28150134,373,2026-07-25,False,observed_sink
100000002621915100,2,1,5000.00000000,0:0,0,0.26631158,751,2026-07-23,False,observed_sink
100000002621949100,1,1,164612.00000000,0:1,1,0.28150134,373,2026-07-24,False,observed_sink
100000002622822100,4,1,750000.00000000,0:2,2,0.36111111,180,2026-07-31,True,unknown
100000002628146100,2,1,30500.00000000,0:0,0,0.26631158,751,2026-07-30,True,observed_sink
100000002632742100,3,2,235500.00000000,1:2,2,0.45679012,81,2026-07-31,True,observed_sink
100000002633108100,3,1,320000.00000000,0:2,2,0.36111111,180,2026-07-16,False,observed_sink
100000002633701100,2,1,266850.00000000,0:2,2,0.36111111,180,2026-07-31,True,observed_sink
100000002635746100,4,1,5300.00000000,0:0,0,0.26631158,751,2026-07-30,True,unknown
100000002635780100,2,1,163000.02000000,0:1,1,0.28150134,373,2026-07-27,False,observed_sink
100000002644285100,3,1,500000.00000000,0:2,2,0.36111111,180,2026-07-04,False,observed_sink
100000002645046100,4,1,12000.00000000,0:0,0,0.26631158,751,2026-07-28,False,sink_like
100000002645609100,1,4,546820.68000000,2:2,2,0.60655738,61,2026-07-24,False,observed_sink
100000002646745100,3,1,12300.00000000,0:0,0,0.26631158,751,2026-07-10,False,observed_sink
100000002646887100,3,1,24354.00000000,0:0,0,0.26631158,751,2026-07-09,False,observed_sink
100000002653187100,4,1,15000.00000000,0:0,0,0.26631158,751,2026-07-31,True,unknown
100000002653948100,3,1,85200.00000000,0:1,1,0.28150134,373,2026-07-03,False,observed_sink
100000002659103100,4,1,165000.00000000,0:1,1,0.28150134,373,2026-07-07,False,sink_like
100000002659265100,4,1,141000.00000000,0:1,1,0.28150134,373,2026-07-27,False,sink_like
100000002660298100,4,1,30900.00000000,0:0,0,0.26631158,751,2026-07-23,False,sink_like
100000002662768100,1,1,84300.00000000,0:1,1,0.28150134,373,2026-07-27,False,observed_sink
100000002663511100,3,1,268940.00000000,0:2,2,0.36111111,180,2026-07-13,False,observed_sink
100000002666248100,1,1,70032.00000000,0:1,1,0.28150134,373,2026-07-20,False,observed_sink
100000002670463100,4,1,31500.00000000,0:0,0,0.26631158,751,2026-07-25,False,sink_like
100000002670860100,1,2,450000.00000000,1:2,2,0.45679012,81,2026-07-21,False,observed_sink
100000002670960100,3,1,480310.00000000,0:2,2,0.36111111,180,2026-07-01,False,observed_sink
100000002671326100,4,1,1050000.00000000,0:3,"3,2",0.37765957,188,2026-07-14,False,unknown
100000002671806100,1,1,12440.00000000,0:0,0,0.26631158,751,2026-07-15,False,observed_sink
100000002679516100,1,3,102335.00000000,2:1,1,0.89090909,55,2026-07-13,False,observed_sink
100000002680477100,2,1,25000.00000000,0:0,0,0.26631158,751,2026-07-27,False,observed_sink
100000002681544100,3,2,166072.00000000,1:1,1,0.59793814,97,2026-07-15,False,observed_sink
100000002686226100,4,1,430000.00000000,0:2,2,0.36111111,180,2026-07-24,False,unknown
100000002689717100,4,1,47500.00000000,0:0,0,0.26631158,751,2026-07-27,False,sink_like
100000002691583100,3,1,285200.00000000,0:2,2,0.36111111,180,2026-07-16,False,observed_sink
100000002691858100,2,1,51500.00000000,0:1,1,0.28150134,373,2026-07-15,False,observed_sink
100000002692044100,1,1,97000.00000000,0:1,1,0.28150134,373,2026-07-12,False,observed_sink
100000002695812100,4,1,95000.00000000,0:1,1,0.28150134,373,2026-07-23,False,sink_like
100000002697752100,3,2,190785.00000000,1:1,1,0.59793814,97,2026-07-10,False,observed_sink
100000002700161100,4,1,39000.00000000,0:0,0,0.26631158,751,2026-07-21,False,sink_like
100000002702968100,4,1,31600.00000000,0:0,0,0.26631158,751,2026-07-13,False,sink_like
100000002703376100,2,1,46501.00000000,0:0,0,0.26631158,751,2026-07-05,False,observed_sink
100000002704875100,1,3,244891.00000000,2:2,2,0.60655738,61,2026-07-21,False,observed_sink
100000002705460100,3,1,95000.00000000,0:1,1,0.28150134,373,2026-07-02,False,observed_sink
100000002706810100,4,1,45000.00000000,0:0,0,0.26631158,751,2026-07-29,False,sink_like
100000002707106100,4,1,15000.00000000,0:0,0,0.26631158,751,2026-07-14,False,sink_like
100000002708624100,3,1,25000.00000000,0:0,0,0.26631158,751,2026-07-24,False,observed_sink
100000002710570100,2,1,225015.00000000,0:2,2,0.36111111,180,2026-07-15,False,observed_sink
100000002712416100,3,2,116800.00000000,1:1,1,0.59793814,97,2026-07-22,False,observed_sink
100000002713974100,4,1,50000.00000000,0:1,1,0.28150134,373,2026-07-11,False,sink_like
100000002718366100,2,6,2525000.00000000,3:3,3,0.64285714,14,2026-07-28,False,observed_sink
100000002720627100,1,1,199300.00000000,0:1,1,0.28150134,373,2026-07-21,False,observed_sink
100000002721825100,2,1,11000.00000000,0:0,0,0.26631158,751,2026-07-08,False,observed_sink
100000002722108100,3,1,800000.00000000,0:2,2,0.36111111,180,2026-07-20,False,observed_sink
100000002723439100,4,1,18000.00000000,0:0,0,0.26631158,751,2026-07-27,False,sink_like
100000002723674100,4,1,30000.00000000,0:0,0,0.26631158,751,2026-07-08,False,sink_like
100000002726055100,4,1,10000.00000000,0:0,0,0.26631158,751,2026-07-31,True,unknown
100000002727288100,3,1,16000.00000000,0:0,0,0.26631158,751,2026-07-18,False,observed_sink
100000002728246100,4,1,10000.00000000,0:0,0,0.26631158,751,2026-07-27,False,sink_like
100000002729875100,4,1,76000.00000000,0:1,1,0.28150134,373,2026-07-21,False,sink_like
100000002733083100,4,1,15200.00000000,0:0,0,0.26631158,751,2026-07-20,False,sink_like
100000002734815100,4,1,110000.00000000,0:1,1,0.28150134,373,2026-07-25,False,sink_like
100000002736316100,3,3,266921.00000000,2:2,2,0.60655738,61,2026-07-17,False,observed_sink
100000002737980100,3,1,32900.00000000,0:0,0,0.26631158,751,2026-07-13,False,observed_sink
100000002742067100,2,1,12730.00000000,0:0,0,0.26631158,751,2026-07-30,True,observed_sink
100000002744581100,2,1,12000.00000000,0:0,0,0.26631158,751,2026-07-21,False,observed_sink
100000002748040100,4,1,18000.00000000,0:0,0,0.26631158,751,2026-07-14,False,sink_like
100000002748511100,4,1,20000.00000000,0:0,0,0.26631158,751,2026-07-26,False,sink_like
100000002748581100,3,1,41180.00000000,0:0,0,0.26631158,751,2026-07-09,False,observed_sink
100000002748761100,3,1,796800.00000000,0:2,2,0.36111111,180,2026-07-11,False,observed_sink
100000002750332100,1,1,11360.00000000,0:0,0,0.26631158,751,2026-07-17,False,observed_sink
100000002750956100,1,1,47416.00000000,0:0,0,0.26631158,751,2026-07-04,False,observed_sink
100000002752565100,4,1,57000.00000000,0:1,1,0.28150134,373,2026-07-26,False,sink_like
100000002753146100,3,1,803540.00000000,0:2,2,0.36111111,180,2026-07-20,False,observed_sink
100000002755292100,3,1,203400.00000000,0:2,2,0.36111111,180,2026-07-16,False,observed_sink
100000002757240100,2,1,51183.00000000,0:1,1,0.28150134,373,2026-07-19,False,observed_sink
100000002757791100,3,1,73050.00000000,0:1,1,0.28150134,373,2026-07-03,False,observed_sink
100000002757797100,1,1,100000.00000000,0:1,1,0.28150134,373,2026-07-14,False,observed_sink
100000002760175100,1,1,187410.00000000,0:1,1,0.28150134,373,2026-07-16,False,observed_sink
100000002769809100,3,1,113422.00000000,0:1,1,0.28150134,373,2026-07-14,False,observed_sink
100000002774456100,1,1,50363.00000000,0:1,1,0.28150134,373,2026-07-02,False,observed_sink
100000002778085100,1,1,66208.00000000,0:1,1,0.28150134,373,2026-07-04,False,observed_sink
100000002779485100,2,1,91000.00000000,0:1,1,0.28150134,373,2026-07-12,False,observed_sink
100000002784085100,1,1,200000.00000000,0:2,2,0.36111111,180,2026-07-29,False,observed_sink
100000002791494100,4,1,85860.00000000,0:1,1,0.28150134,373,2026-07-27,False,sink_like
100000002793851100,1,1,11052.00000000,0:0,0,0.26631158,751,2026-07-04,False,observed_sink
100000002793881100,3,3,785600.00000000,2:2,2,0.60655738,61,2026-07-31,True,observed_sink
100000002794197100,1,1,30100.00000000,0:0,0,0.26631158,751,2026-07-18,False,observed_sink
100000002794374100,4,1,111000.00000000,0:1,1,0.28150134,373,2026-07-31,True,unknown
100000002799941100,3,1,600000.00000000,0:2,2,0.36111111,180,2026-07-23,False,observed_sink
100000002807334100,3,1,54715.00000000,0:1,1,0.28150134,373,2026-07-05,False,observed_sink
100000002809568100,1,1,10000.00000000,0:0,0,0.26631158,751,2026-07-05,False,observed_sink
100000002809896100,3,1,38000.00000000,0:0,0,0.26631158,751,2026-07-04,False,observed_sink
100000002810870100,1,1,33677.00000000,0:0,0,0.26631158,751,2026-07-02,False,observed_sink
100000002815005100,3,1,476500.00000000,0:2,2,0.36111111,180,2026-07-29,False,observed_sink
100000002818726100,3,1,10879.00000000,0:0,0,0.26631158,751,2026-07-22,False,observed_sink
100000002820010100,2,1,30000.00000000,0:0,0,0.26631158,751,2026-07-31,True,observed_sink
100000002821425100,3,1,275000.00000000,0:2,2,0.36111111,180,2026-07-11,False,observed_sink
100000002822472100,3,2,266722.00000000,1:2,2,0.45679012,81,2026-07-07,False,observed_sink
100000002824176100,1,1,144000.00000000,0:1,1,0.28150134,373,2026-07-13,False,observed_sink
100000002826669100,2,1,159900.00000000,0:1,1,0.28150134,373,2026-07-16,False,observed_sink
100000002830055100,1,1,14000.00000000,0:0,0,0.26631158,751,2026-07-15,False,observed_sink
100000002832753100,4,1,12500.00000000,0:0,0,0.26631158,751,2026-07-08,False,sink_like
100000002835874100,4,1,58700.00000000,0:1,1,0.28150134,373,2026-07-16,False,sink_like
100000002836052100,2,1,15000.00000000,0:0,0,0.26631158,751,2026-07-03,False,observed_sink
100000002836736100,1,2,509000.00000000,1:2,2,0.45679012,81,2026-07-16,False,observed_sink
100000002838519100,3,1,46900.00000000,0:0,0,0.26631158,751,2026-07-18,False,observed_sink
100000002842321100,3,1,160000.00000000,0:1,1,0.28150134,373,2026-07-02,False,observed_sink
100000002842337100,2,1,50000.00000000,0:1,1,0.28150134,373,2026-07-27,False,observed_sink
100000002844652100,1,1,61360.00000000,0:1,1,0.28150134,373,2026-07-07,False,observed_sink
100000002844897100,1,1,10800.00000000,0:0,0,0.26631158,751,2026-07-21,False,observed_sink
100000002845605100,1,1,57567.00000000,0:1,1,0.28150134,373,2026-07-02,False,observed_sink
100000002847207100,1,1,46243.00000000,0:0,0,0.26631158,751,2026-07-17,False,observed_sink
100000002852402100,2,1,55000.00000000,0:1,1,0.28150134,373,2026-07-30,True,observed_sink
100000002858835100,1,1,24400.00000000,0:0,0,0.26631158,751,2026-07-06,False,observed_sink
100000002860934100,4,1,279500.00000000,0:2,2,0.36111111,180,2026-07-29,False,unknown
100000002861485100,1,1,29323.00000000,0:0,0,0.26631158,751,2026-07-22,False,observed_sink
100000002862113100,3,1,47405.00000000,0:0,0,0.26631158,751,2026-07-04,False,observed_sink
100000002864256100,1,1,135780.00000000,0:1,1,0.28150134,373,2026-07-22,False,observed_sink
100000002864680100,1,1,55932.00000000,0:1,1,0.28150134,373,2026-07-13,False,observed_sink
100000002870937100,1,1,83700.00000000,0:1,1,0.28150134,373,2026-07-04,False,observed_sink
100000002871199100,3,1,23186.00000000,0:0,0,0.26631158,751,2026-07-06,False,observed_sink
100000002872399100,3,1,1090000.00000000,0:3,"3,2",0.37765957,188,2026-07-28,False,observed_sink
100000002876914100,4,1,12000.00000000,0:0,0,0.26631158,751,2026-07-25,False,sink_like
100000002877262100,3,1,100000.00000000,0:1,1,0.28150134,373,2026-07-13,False,observed_sink
100000002878467100,3,2,200000.00000000,1:2,2,0.45679012,81,2026-07-17,False,observed_sink
100000002878483100,4,1,6000.00000000,0:0,0,0.26631158,751,2026-07-24,False,sink_like
100000002881669100,1,1,18600.00000000,0:0,0,0.26631158,751,2026-07-13,False,observed_sink
100000002883402100,3,3,300000.00000000,2:2,2,0.60655738,61,2026-07-30,True,observed_sink
100000002884708100,4,1,1171644.00000000,0:3,"3,2",0.37765957,188,2026-07-31,True,unknown
100000002886166100,3,1,185000.00000000,0:1,1,0.28150134,373,2026-07-29,False,observed_sink
100000002890167100,1,1,118150.00000000,0:1,1,0.28150134,373,2026-07-10,False,observed_sink
100000002891765100,3,1,55576.00000000,0:1,1,0.28150134,373,2026-07-03,False,observed_sink
100000002893020100,3,1,18340.00000000,0:0,0,0.26631158,751,2026-07-03,False,observed_sink
100000002894076100,1,4,1122782.00000000,2:3,3,0.68750000,16,2026-07-26,False,observed_sink
100000002896506100,4,1,45000.00000000,0:0,0,0.26631158,751,2026-07-19,False,sink_like
100000002906470100,3,1,130000.00000000,0:1,1,0.28150134,373,2026-07-26,False,observed_sink
100000002908521100,3,1,44500.00000000,0:0,0,0.26631158,751,2026-07-31,True,observed_sink
100000002911170100,2,1,300000.00000000,0:2,2,0.36111111,180,2026-07-17,False,observed_sink
100000002913340100,3,1,23600.00000000,0:0,0,0.26631158,751,2026-07-21,False,observed_sink
100000002914245100,3,1,140611.00000000,0:1,1,0.28150134,373,2026-07-06,False,observed_sink
100000002922000100,4,1,448000.00000000,0:2,2,0.36111111,180,2026-07-11,False,unknown
100000002926970100,3,1,85000.00000000,0:1,1,0.28150134,373,2026-07-09,False,observed_sink
100000002934441100,1,2,60845.60000000,1:1,1,0.59793814,97,2026-07-02,False,observed_sink
100000002936322100,3,2,787133.00000000,1:2,2,0.45679012,81,2026-07-31,True,observed_sink
100000002939838100,1,3,571233.00000000,2:2,2,0.60655738,61,2026-07-31,True,observed_sink
100000002943472100,3,1,170000.00000000,0:1,1,0.28150134,373,2026-07-13,False,observed_sink
100000002945031100,3,1,15000.00000000,0:0,0,0.26631158,751,2026-07-08,False,observed_sink
100000002945626100,3,3,584000.00000000,2:2,2,0.60655738,61,2026-07-29,False,observed_sink
100000002947299100,2,1,85000.00000000,0:1,1,0.28150134,373,2026-07-15,False,observed_sink
100000002948492100,3,1,23660.00000000,0:0,0,0.26631158,751,2026-07-21,False,observed_sink
100000002951898100,3,1,39990.00000000,0:0,0,0.26631158,751,2026-07-08,False,observed_sink
100000002952631100,1,1,48050.00000000,0:0,0,0.26631158,751,2026-07-04,False,observed_sink
100000002952756100,3,1,47000.00000000,0:0,0,0.26631158,751,2026-07-07,False,observed_sink
100000002954780100,3,1,133400.00000000,0:1,1,0.28150134,373,2026-07-29,False,observed_sink
100000002956769100,3,3,840000.00000000,2:2,2,0.60655738,61,2026-07-31,True,observed_sink
100000002956779100,3,1,411000.00000000,0:2,2,0.36111111,180,2026-07-27,False,observed_sink
100000002956898100,2,2,290240.00000000,1:2,2,0.45679012,81,2026-07-29,False,observed_sink
100000002957306100,1,2,398490.00000000,1:2,2,0.45679012,81,2026-07-24,False,observed_sink
100000002958139100,3,1,209500.00000000,0:2,2,0.36111111,180,2026-07-25,False,observed_sink
100000002958286100,1,1,257000.00000000,0:2,2,0.36111111,180,2026-07-20,False,observed_sink
100000002958345100,3,1,307000.00000000,0:2,2,0.36111111,180,2026-07-15,False,observed_sink
100000002964966100,2,1,200000.00000000,0:2,2,0.36111111,180,2026-07-14,False,observed_sink
100000002968096100,4,1,70000.00000000,0:1,1,0.28150134,373,2026-07-28,False,sink_like
100000002969048100,2,1,108470.00000000,0:1,1,0.28150134,373,2026-07-31,True,observed_sink
100000002971593100,4,1,49050.00000000,0:0,0,0.26631158,751,2026-07-02,False,sink_like
100000002973903100,1,3,92880.00000000,2:1,1,0.89090909,55,2026-07-23,False,observed_sink
100000002974256100,2,1,7200.00000000,0:0,0,0.26631158,751,2026-07-25,False,observed_sink
100000002975287100,3,1,15000.00000000,0:0,0,0.26631158,751,2026-07-08,False,observed_sink
100000002981489100,4,1,10000.00000000,0:0,0,0.26631158,751,2026-07-04,False,sink_like
100000002981527100,1,1,168000.00000000,0:1,1,0.28150134,373,2026-07-20,False,observed_sink
100000002982252100,1,1,20320.00000000,0:0,0,0.26631158,751,2026-07-21,False,observed_sink
100000002983426100,3,1,88945.00000000,0:1,1,0.28150134,373,2026-07-06,False,observed_sink
100000002983879100,2,2,200050.00000000,1:2,2,0.45679012,81,2026-07-16,False,observed_sink
100000002986245100,4,1,5750.00000000,0:0,0,0.26631158,751,2026-07-26,False,sink_like
100000002990675100,3,1,51143.00000000,0:1,1,0.28150134,373,2026-07-19,False,observed_sink
100000002992171100,1,1,14627.00000000,0:0,0,0.26631158,751,2026-07-16,False,observed_sink
100000002994441100,4,1,5000.00000000,0:0,0,0.26631158,751,2026-07-13,False,sink_like
100000002999140100,4,1,10000.00000000,0:0,0,0.26631158,751,2026-07-10,False,sink_like
100000003001138100,4,1,30000.00000000,0:0,0,0.26631158,751,2026-07-15,False,sink_like
100000003003821100,2,1,40000.00000000,0:0,0,0.26631158,751,2026-07-05,False,observed_sink
100000003005167100,4,1,7000.00000000,0:0,0,0.26631158,751,2026-07-26,False,sink_like
100000003006633100,3,1,10000.00000000,0:0,0,0.26631158,751,2026-07-10,False,observed_sink
100000003009900100,3,1,15998.00000000,0:0,0,0.26631158,751,2026-07-02,False,observed_sink
100000003010908100,4,1,17000.00000000,0:0,0,0.26631158,751,2026-07-17,False,sink_like
100000003014659100,1,1,280000.00000000,0:2,2,0.36111111,180,2026-07-20,False,observed_sink
100000003016773100,2,1,46555.00000000,0:0,0,0.26631158,751,2026-07-13,False,observed_sink
100000003022835100,1,1,125000.00000000,0:1,1,0.28150134,373,2026-07-27,False,observed_sink
100000003024542100,2,1,8500.00000000,0:0,0,0.26631158,751,2026-07-14,False,observed_sink
100000003025903100,4,1,386300.00000000,0:2,2,0.36111111,180,2026-07-29,False,unknown
100000003031003100,3,3,280090.00000000,2:2,2,0.60655738,61,2026-07-31,True,observed_sink
100000003031633100,3,1,414000.00000000,0:2,2,0.36111111,180,2026-07-26,False,observed_sink
100000003031761100,3,1,460408.00000000,0:2,2,0.36111111,180,2026-07-07,False,observed_sink
100000003031890100,2,1,215000.00000000,0:2,2,0.36111111,180,2026-07-29,False,observed_sink
100000003034546100,2,1,486715.00000000,0:2,2,0.36111111,180,2026-07-30,True,observed_sink
100000003036198100,2,1,15000.00000000,0:0,0,0.26631158,751,2026-07-02,False,observed_sink
100000003037476100,4,3,555000.00000000,2:2,2,0.60655738,61,2026-07-30,True,likely_onward
100000003037660100,1,1,53000.00000000,0:1,1,0.28150134,373,2026-07-23,False,observed_sink
100000003039473100,2,1,23000.00000000,0:0,0,0.26631158,751,2026-07-19,False,observed_sink
100000003040087100,4,1,29000.00000000,0:0,0,0.26631158,751,2026-07-27,False,sink_like
100000003042994100,1,1,286086.00000000,0:2,2,0.36111111,180,2026-07-23,False,observed_sink
100000003044431100,2,2,60000.00000000,1:1,1,0.59793814,97,2026-07-10,False,observed_sink
100000003044518100,1,1,34423.00000000,0:0,0,0.26631158,751,2026-07-20,False,observed_sink
100000003047800100,4,1,12212.00000000,0:0,0,0.26631158,751,2026-07-01,False,sink_like
100000003050771100,3,1,229000.00000000,0:2,2,0.36111111,180,2026-07-21,False,observed_sink
100000003057225100,1,1,236000.00000000,0:2,2,0.36111111,180,2026-07-17,False,observed_sink
100000003060187100,3,1,93046.00000000,0:1,1,0.28150134,373,2026-07-24,False,observed_sink
100000003060517100,3,1,315955.00000000,0:2,2,0.36111111,180,2026-07-05,False,observed_sink
100000003061115100,4,1,45000.00000000,0:0,0,0.26631158,751,2026-07-10,False,sink_like
100000003062895100,2,2,328444.00000000,1:2,2,0.45679012,81,2026-07-21,False,observed_sink
100000003066385100,1,2,20000.00000000,1:0,0,0.66666667,42,2026-07-09,False,observed_sink
100000003071649100,3,1,189500.00000000,0:1,1,0.28150134,373,2026-07-22,False,observed_sink
100000003072205100,4,2,163000.00000000,1:1,1,0.59793814,97,2026-07-27,False,unknown
100000003072676100,3,1,31545.00000000,0:0,0,0.26631158,751,2026-07-08,False,observed_sink
100000003073398100,2,1,92960.00000000,0:1,1,0.28150134,373,2026-07-30,True,observed_sink
100000003073635100,3,1,129231.00000000,0:1,1,0.28150134,373,2026-07-25,False,observed_sink
100000003074515100,4,1,105000.00000000,0:1,1,0.28150134,373,2026-07-13,False,sink_like
100000003078839100,4,1,14000.00000000,0:0,0,0.26631158,751,2026-07-23,False,sink_like
100000003083865100,4,1,15000.00000000,0:0,0,0.26631158,751,2026-07-12,False,sink_like
100000003084870100,4,1,6500.00000000,0:0,0,0.26631158,751,2026-07-08,False,sink_like
100000003086040100,2,1,10500.00000000,0:0,0,0.26631158,751,2026-07-04,False,observed_sink
100000003087877100,3,1,91486.00000000,0:1,1,0.28150134,373,2026-07-11,False,observed_sink
100000003089018100,2,1,230000.00000000,0:2,2,0.36111111,180,2026-07-02,False,observed_sink
100000003089553100,3,1,150000.00000000,0:1,1,0.28150134,373,2026-07-14,False,observed_sink
100000003091142100,4,1,40000.00000000,0:0,0,0.26631158,751,2026-07-27,False,sink_like
100000003093299100,3,1,15000.00000000,0:0,0,0.26631158,751,2026-07-22,False,observed_sink
100000003095610100,3,1,23665.00000000,0:0,0,0.26631158,751,2026-07-06,False,observed_sink
100000003096787100,4,1,16400.00000000,0:0,0,0.26631158,751,2026-07-12,False,sink_like
100000003097324100,3,2,294000.00000000,1:2,2,0.45679012,81,2026-07-26,False,observed_sink
100000003097947100,4,1,52980.00000000,0:1,1,0.28150134,373,2026-07-24,False,sink_like
100000003102157100,1,1,96746.00000000,0:1,1,0.28150134,373,2026-07-13,False,observed_sink
100000003105089100,4,1,10000.00000000,0:0,0,0.26631158,751,2026-07-26,False,sink_like
100000003109805100,3,1,36929.00000000,0:0,0,0.26631158,751,2026-07-21,False,observed_sink
100000003111305100,3,4,509338.00000000,2:2,2,0.60655738,61,2026-07-16,False,observed_sink
100000003112436100,2,1,100000.00000000,0:1,1,0.28150134,373,2026-07-22,False,observed_sink
100000003112578100,3,1,101080.00000000,0:1,1,0.28150134,373,2026-07-01,False,observed_sink
100000003116106100,3,1,494050.00000000,0:2,2,0.36111111,180,2026-07-27,False,observed_sink
100000003119550100,1,1,21000.00000000,0:0,0,0.26631158,751,2026-07-27,False,observed_sink
100000003122817100,3,1,444680.00000000,0:2,2,0.36111111,180,2026-07-16,False,observed_sink
100000003123296100,1,1,86200.00000000,0:1,1,0.28150134,373,2026-07-14,False,observed_sink
100000003125997100,4,1,87750.00000000,0:1,1,0.28150134,373,2026-07-27,False,sink_like
100000003128638100,4,1,300000.00000000,0:2,2,0.36111111,180,2026-07-29,False,unknown
100000003131693100,1,1,353277.00000000,0:2,2,0.36111111,180,2026-07-24,False,observed_sink
100000003132484100,3,1,90000.00000000,0:1,1,0.28150134,373,2026-07-22,False,observed_sink
100000003133045100,4,1,68000.00000000,0:1,1,0.28150134,373,2026-07-08,False,sink_like
100000003134474100,3,1,116000.00000000,0:1,1,0.28150134,373,2026-07-18,False,observed_sink
100000003134550100,4,1,100000.00000000,0:1,1,0.28150134,373,2026-07-17,False,sink_like
100000003134934100,2,4,379354.00000000,2:2,2,0.60655738,61,2026-07-30,True,observed_sink
100000003134937100,1,1,10286.00000000,0:0,0,0.26631158,751,2026-07-21,False,observed_sink
100000003146511100,4,1,10000.00000000,0:0,0,0.26631158,751,2026-07-06,False,sink_like
100000003147719100,3,1,100000.00000000,0:1,1,0.28150134,373,2026-07-29,False,observed_sink
100000003149149100,3,1,245000.00000000,0:2,2,0.36111111,180,2026-07-07,False,observed_sink
100000003157333100,2,1,30000.00000000,0:0,0,0.26631158,751,2026-07-27,False,observed_sink
100000003157679100,3,4,541000.00000000,2:2,2,0.60655738,61,2026-07-29,False,observed_sink
100000003158727100,1,3,367940.00000000,2:2,2,0.60655738,61,2026-07-23,False,observed_sink
100000003163886100,3,1,500000.00000000,0:2,2,0.36111111,180,2026-07-17,False,observed_sink
100000003164661100,3,1,596200.00000000,0:2,2,0.36111111,180,2026-07-21,False,observed_sink
100000003166017100,4,1,15000.00000000,0:0,0,0.26631158,751,2026-07-23,False,sink_like
100000003166755100,2,1,24010.00000000,0:0,0,0.26631158,751,2026-07-08,False,observed_sink
100000003171006100,3,2,485000.00000000,1:2,2,0.45679012,81,2026-07-25,False,observed_sink
100000003173783100,4,1,23500.00000000,0:0,0,0.26631158,751,2026-07-14,False,sink_like
100000003177533100,4,1,20000.00000000,0:0,0,0.26631158,751,2026-07-13,False,sink_like
100000003180305100,4,1,144000.00000000,0:1,1,0.28150134,373,2026-07-02,False,sink_like
100000003180820100,4,1,101000.00000000,0:1,1,0.28150134,373,2026-07-14,False,sink_like
100000003186579100,4,1,110000.00000000,0:1,1,0.28150134,373,2026-07-19,False,sink_like
100000003187359100,1,1,19072.00000000,0:0,0,0.26631158,751,2026-07-22,False,observed_sink
100000003191430100,2,1,180000.00000000,0:1,1,0.28150134,373,2026-07-08,False,observed_sink
100000003192220100,2,1,60000.00000000,0:1,1,0.28150134,373,2026-07-05,False,observed_sink
100000003194831100,4,1,6265.00000000,0:0,0,0.26631158,751,2026-07-25,False,sink_like
100000003199390100,4,1,260000.00000000,0:2,2,0.36111111,180,2026-07-16,False,unknown
100000003205210100,1,1,137563.00000000,0:1,1,0.28150134,373,2026-07-24,False,observed_sink
100000003207060100,4,1,53000.00000000,0:1,1,0.28150134,373,2026-07-06,False,sink_like
100000003214786100,4,1,5000.00000000,0:0,0,0.26631158,751,2026-07-22,False,sink_like
100000003218308100,3,1,11165.00000000,0:0,0,0.26631158,751,2026-07-20,False,observed_sink
100000003219438100,2,1,32000.00000000,0:0,0,0.26631158,751,2026-07-24,False,observed_sink
100000003220685100,4,1,1306000.00000000,0:3,"3,2",0.37765957,188,2026-07-15,False,unknown
100000003221384100,2,1,511200.00000000,0:2,2,0.36111111,180,2026-07-28,False,observed_sink
100000003230328100,4,3,26572.00000000,2:0,0,,6,2026-07-26,False,unknown
100000003230329100,4,1,110000.00000000,0:1,1,0.28150134,373,2026-07-20,False,sink_like
100000003232675100,4,1,44000.00000000,0:0,0,0.26631158,751,2026-07-06,False,sink_like
100000003235780100,1,2,65000.00000000,1:1,1,0.59793814,97,2026-07-12,False,observed_sink
100000003239379100,1,1,92500.00000000,0:1,1,0.28150134,373,2026-07-12,False,observed_sink
100000003239859100,1,1,18600.00000000,0:0,0,0.26631158,751,2026-07-14,False,observed_sink
100000003241965100,3,1,15000.00000000,0:0,0,0.26631158,751,2026-07-06,False,observed_sink
100000003242795100,3,1,111000.00000000,0:1,1,0.28150134,373,2026-07-16,False,observed_sink
100000003247600100,4,1,58000.00000000,0:1,1,0.28150134,373,2026-07-13,False,sink_like
100000003252446100,4,1,108600.00000000,0:1,1,0.28150134,373,2026-07-14,False,sink_like
100000003254723100,2,1,269850.00000000,0:2,2,0.36111111,180,2026-07-27,False,observed_sink
100000003265658100,0,0,0.00000000,2:0,0,,6,,False,observed_sink
100000003270419100,3,1,150000.00000000,0:1,1,0.28150134,373,2026-07-19,False,observed_sink
100000003271151100,3,1,127294.00000000,0:1,1,0.28150134,373,2026-07-18,False,observed_sink
100000003278020100,2,1,190000.00000000,0:1,1,0.28150134,373,2026-07-18,False,observed_sink
100000003284932100,1,1,69925.00000000,0:1,1,0.28150134,373,2026-07-18,False,observed_sink
100000003286537100,3,2,153000.00000000,1:1,1,0.59793814,97,2026-07-28,False,observed_sink
100000003289281100,4,1,40000.00000000,0:0,0,0.26631158,751,2026-07-25,False,sink_like
100000003289405100,2,1,355000.00000000,0:2,2,0.36111111,180,2026-07-24,False,observed_sink
100000003292191100,3,1,112000.00000000,0:1,1,0.28150134,373,2026-07-30,True,observed_sink
100000003292979100,2,1,48950.00000000,0:0,0,0.26631158,751,2026-07-18,False,observed_sink
100000003293377100,3,1,50000.00000000,0:1,1,0.28150134,373,2026-07-05,False,observed_sink
100000003321423100,2,1,100000.00000000,0:1,1,0.28150134,373,2026-07-30,True,observed_sink
100000003336565100,2,1,16550.00000000,0:0,0,0.26631158,751,2026-07-09,False,observed_sink
100000003338583100,3,1,21765.00000000,0:0,0,0.26631158,751,2026-07-27,False,observed_sink
100000003345947100,4,1,79500.00000000,0:1,1,0.28150134,373,2026-07-13,False,sink_like
100000003349739100,0,0,0.00000000,2:0,0,,6,,False,observed_sink
100000003370425100,4,1,20000.00000000,0:0,0,0.26631158,751,2026-07-21,False,sink_like
100000003377795100,1,1,7000.00000000,0:0,0,0.26631158,751,2026-07-08,False,observed_sink
100000003404627100,1,4,877700.00000000,2:2,2,0.60655738,61,2026-07-13,False,observed_sink
100000003447411100,4,1,302000.00000000,0:2,2,0.36111111,180,2026-07-22,False,unknown
100000003448713100,4,1,266750.00000000,0:2,2,0.36111111,180,2026-07-16,False,unknown
100000003449074100,1,1,10000.00000000,0:0,0,0.26631158,751,2026-07-02,False,observed_sink
100000003470579100,4,1,357000.00000000,0:2,2,0.36111111,180,2026-07-19,False,unknown
100000003476560100,1,1,50000.00000000,0:1,1,0.28150134,373,2026-07-15,False,observed_sink
100000003481025100,4,1,9000.00000000,0:0,0,0.26631158,751,2026-07-08,False,sink_like
100000003486846100,4,1,27000.00000000,0:0,0,0.26631158,751,2026-07-14,False,sink_like
100000003486970100,3,1,150000.00000000,0:1,1,0.28150134,373,2026-07-11,False,observed_sink
100000003497735100,3,1,125000.00000000,0:1,1,0.28150134,373,2026-07-26,False,observed_sink
100000003500764100,4,1,21000.00000000,0:0,0,0.26631158,751,2026-07-06,False,sink_like
100000003567087100,1,1,62115.00000000,0:1,1,0.28150134,373,2026-07-06,False,observed_sink
100000003568904100,4,1,49000.00000000,0:0,0,0.26631158,751,2026-07-17,False,sink_like
100000003581109100,3,1,42750.00000000,0:0,0,0.26631158,751,2026-07-07,False,observed_sink
100000003594472100,3,1,20000.00000000,0:0,0,0.26631158,751,2026-07-28,False,observed_sink
100000003603979100,2,1,165000.00000000,0:1,1,0.28150134,373,2026-07-12,False,observed_sink
100000003610172100,3,1,70000.00000000,0:1,1,0.28150134,373,2026-07-06,False,observed_sink
100000003617552100,2,1,25000.00000000,0:0,0,0.26631158,751,2026-07-22,False,observed_sink
100000003622955100,4,1,15000.00000000,0:0,0,0.26631158,751,2026-07-01,False,sink_like
100000003626268100,4,1,5000.00000000,0:0,0,0.26631158,751,2026-07-04,False,sink_like
100000003631015100,4,1,266000.00000000,0:2,2,0.36111111,180,2026-07-16,False,unknown
100000003632533100,4,1,10000.00000000,0:0,0,0.26631158,751,2026-07-19,False,sink_like
100000003635660100,3,1,18985.00000000,0:0,0,0.26631158,751,2026-07-03,False,observed_sink
100000003646145100,4,1,5000.00000000,0:0,0,0.26631158,751,2026-07-01,False,sink_like
100000003647799100,3,1,100000.00000000,0:1,1,0.28150134,373,2026-07-03,False,observed_sink
100000003650146100,3,1,14400.00000000,0:0,0,0.26631158,751,2026-07-02,False,observed_sink
100000003664994100,4,1,338271.00000000,0:2,2,0.36111111,180,2026-07-21,False,unknown
100000003671721100,3,1,5000.00000000,0:0,0,0.26631158,751,2026-07-16,False,observed_sink
100000003692843100,4,1,510000.00000000,0:2,2,0.36111111,180,2026-07-24,False,unknown
100000003696422100,4,1,118000.00000000,0:1,1,0.28150134,373,2026-07-31,True,unknown
100000003711830100,3,1,50000.00000000,0:1,1,0.28150134,373,2026-07-30,True,observed_sink
100000003713616100,1,1,15893.00000000,0:0,0,0.26631158,751,2026-07-09,False,observed_sink
100000003718715100,4,1,915000.00000000,0:2,2,0.36111111,180,2026-07-30,True,unknown
100000003724440100,2,2,50000.00000000,1:1,1,0.59793814,97,2026-07-13,False,observed_sink
100000003739818100,1,1,57293.00000000,0:1,1,0.28150134,373,2026-07-21,False,observed_sink
100000003760160100,3,1,104470.00000000,0:1,1,0.28150134,373,2026-07-18,False,observed_sink
100000003770083100,0,0,0.00000000,2:0,0,,6,,False,observed_sink
100000003781406100,3,1,45000.00000000,0:0,0,0.26631158,751,2026-07-12,False,observed_sink
100000003782913100,4,1,200000.00000000,0:2,2,0.36111111,180,2026-07-16,False,unknown
100000003786516100,4,1,5000.00000000,0:0,0,0.26631158,751,2026-07-28,False,sink_like
100000003792647100,4,1,8000.00000000,0:0,0,0.26631158,751,2026-07-29,False,sink_like
100000003795588100,3,1,400000.00000000,0:2,2,0.36111111,180,2026-07-18,False,observed_sink
100000003798151100,2,1,350000.00000000,0:2,2,0.36111111,180,2026-07-21,False,observed_sink
100000003814002100,3,1,30000.00000000,0:0,0,0.26631158,751,2026-07-10,False,observed_sink
100000003819173100,4,1,143777.00000000,0:1,1,0.28150134,373,2026-07-16,False,sink_like
100000003824464100,2,1,200000.00000000,0:2,2,0.36111111,180,2026-07-03,False,observed_sink
100000003831201100,2,1,40500.00000000,0:0,0,0.26631158,751,2026-07-08,False,observed_sink
100000003831324100,1,2,300000.00000000,1:2,2,0.45679012,81,2026-07-23,False,observed_sink
100000003832231100,1,1,35000.00000000,0:0,0,0.26631158,751,2026-07-16,False,observed_sink
100000003838587100,4,1,6000.00000000,0:0,0,0.26631158,751,2026-07-19,False,sink_like
100000003865939100,1,1,81465.00000000,0:1,1,0.28150134,373,2026-07-29,False,observed_sink
100000003877908100,1,1,40000.00000000,0:0,0,0.26631158,751,2026-07-26,False,observed_sink
100000003888197100,3,1,83167.00000000,0:1,1,0.28150134,373,2026-07-09,False,observed_sink
100000003888527100,3,1,30000.00000000,0:0,0,0.26631158,751,2026-07-14,False,observed_sink
100000003899325100,3,1,50120.00000000,0:1,1,0.28150134,373,2026-07-10,False,observed_sink
100000003900547100,1,1,23700.00000000,0:0,0,0.26631158,751,2026-07-16,False,observed_sink
100000003904497100,4,1,10000.00000000,0:0,0,0.26631158,751,2026-07-02,False,sink_like
100000003920950100,3,1,323290.00000000,0:2,2,0.36111111,180,2026-07-15,False,observed_sink
100000003922499100,2,1,50000.00000000,0:1,1,0.28150134,373,2026-07-04,False,observed_sink
100000003927792100,2,1,13067.00000000,0:0,0,0.26631158,751,2026-07-31,True,observed_sink
100000003943247100,3,1,40000.00000000,0:0,0,0.26631158,751,2026-07-06,False,observed_sink
100000003943483100,2,1,10000.00000000,0:0,0,0.26631158,751,2026-07-06,False,observed_sink
100000003950749100,4,1,7000.00000000,0:0,0,0.26631158,751,2026-07-30,True,unknown
100000003962994100,3,1,10000.00000000,0:0,0,0.26631158,751,2026-07-30,True,observed_sink
100000003964910100,3,2,1000000.00000000,1:3,"3,2",0.49438202,89,2026-07-02,False,observed_sink
100000003970394100,1,1,85000.00000000,0:1,1,0.28150134,373,2026-07-13,False,observed_sink
100000003971049100,2,1,55900.00000000,0:1,1,0.28150134,373,2026-07-30,True,observed_sink
100000003980083100,1,1,30000.00000000,0:0,0,0.26631158,751,2026-07-21,False,observed_sink
100000003985389100,4,1,422698.00000000,0:2,2,0.36111111,180,2026-07-28,False,unknown
100000003986141100,3,1,5286.32000000,0:0,0,0.26631158,751,2026-07-08,False,observed_sink
100000003989033100,4,1,373400.00000000,0:2,2,0.36111111,180,2026-07-30,True,unknown
100000003996562100,3,1,7700.00000000,0:0,0,0.26631158,751,2026-07-01,False,observed_sink
100000004004621100,1,3,75389.00000000,2:1,1,0.89090909,55,2026-07-20,False,observed_sink
100000004006327100,4,1,300000.00000000,0:2,2,0.36111111,180,2026-07-17,False,unknown
100000004007197100,3,1,10048.00000000,0:0,0,0.26631158,751,2026-07-29,False,observed_sink
100000004013952100,4,1,5500.00000000,0:0,0,0.26631158,751,2026-07-25,False,sink_like
100000004019056100,4,1,50000.00000000,0:1,1,0.28150134,373,2026-07-28,False,sink_like
100000004019124100,0,3,193000.00000000,2:1,1,0.89090909,55,2026-07-15,False,observed_sink
100000004021459100,0,0,0.00000000,2:0,0,,6,,False,observed_sink
100000004030553100,4,1,70000.00000000,0:1,1,0.28150134,373,2026-07-17,False,sink_like
100000004035925100,4,1,1111588.00000000,0:3,"3,2",0.37765957,188,2026-07-17,False,unknown
100000004041294100,4,1,17800.00000000,0:0,0,0.26631158,751,2026-07-13,False,sink_like
100000004047887100,4,1,30000.00000000,0:0,0,0.26631158,751,2026-07-29,False,sink_like
100000004049912100,4,1,10000.00000000,0:0,0,0.26631158,751,2026-07-06,False,sink_like
100000004058740100,1,1,30000.00000000,0:0,0,0.26631158,751,2026-07-08,False,observed_sink
100000004066370100,4,1,65000.00000000,0:1,1,0.28150134,373,2026-07-17,False,sink_like
100000004066647100,3,1,51000.00000000,0:1,1,0.28150134,373,2026-07-19,False,observed_sink
100000004070530100,4,1,20000.00000000,0:0,0,0.26631158,751,2026-07-22,False,sink_like
100000004096559100,3,1,46200.00000000,0:0,0,0.26631158,751,2026-07-26,False,observed_sink
100000004099450100,3,1,31000.00000000,0:0,0,0.26631158,751,2026-07-25,False,observed_sink
100000004105288100,1,2,215000.00000000,1:2,2,0.45679012,81,2026-07-19,False,observed_sink
100000004107228100,4,1,5000.00000000,0:0,0,0.26631158,751,2026-07-02,False,sink_like
100000004114962100,3,2,165000.00000000,1:1,1,0.59793814,97,2026-07-07,False,observed_sink
100000004130144100,1,1,200000.00000000,0:2,2,0.36111111,180,2026-07-22,False,observed_sink
100000004134060100,2,1,88179.00000000,0:1,1,0.28150134,373,2026-07-24,False,observed_sink
100000004140994100,3,1,18650.00000000,0:0,0,0.26631158,751,2026-07-15,False,observed_sink
100000004144536100,1,4,168000.00000000,2:1,1,0.89090909,55,2026-07-30,True,observed_sink
100000004158362100,2,1,12000.00000000,0:0,0,0.26631158,751,2026-07-02,False,observed_sink
100000004167082100,4,1,13300.00000000,0:0,0,0.26631158,751,2026-07-01,False,sink_like
100000004174835100,0,0,0.00000000,2:0,0,,6,,False,observed_sink
100000004177936100,4,1,10000.00000000,0:0,0,0.26631158,751,2026-07-05,False,sink_like
100000004184158100,3,1,203805.00000000,0:2,2,0.36111111,180,2026-07-24,False,observed_sink
100000004185681100,3,1,10000.00000000,0:0,0,0.26631158,751,2026-07-14,False,observed_sink
100000004192107100,2,1,25000.00000000,0:0,0,0.26631158,751,2026-07-29,False,observed_sink
100000004192865100,2,1,66666.00000000,0:1,1,0.28150134,373,2026-07-01,False,observed_sink
100000004200745100,4,1,130000.00000000,0:1,1,0.28150134,373,2026-07-23,False,sink_like
100000004206046100,1,1,11075.00000000,0:0,0,0.26631158,751,2026-07-05,False,observed_sink
100000004213658100,1,1,25347.00000000,0:0,0,0.26631158,751,2026-07-15,False,observed_sink
100000004218576100,1,1,26144.00000000,0:0,0,0.26631158,751,2026-07-13,False,observed_sink
100000004222274100,4,1,15500.00000000,0:0,0,0.26631158,751,2026-07-29,False,sink_like
100000004225615100,2,1,90000.00000000,0:1,1,0.28150134,373,2026-07-02,False,observed_sink
100000004226848100,1,1,301866.00000000,0:2,2,0.36111111,180,2026-07-28,False,observed_sink
100000004232712100,4,1,12500.00000000,0:0,0,0.26631158,751,2026-07-14,False,sink_like
100000004235471100,4,1,180000.00000000,0:1,1,0.28150134,373,2026-07-20,False,sink_like
100000004241142100,4,1,27102.00000000,0:0,0,0.26631158,751,2026-07-11,False,sink_like
100000004254434100,1,1,44445.00000000,0:0,0,0.26631158,751,2026-07-13,False,observed_sink
100000004257714100,3,1,52220.00000000,0:1,1,0.28150134,373,2026-07-10,False,observed_sink
100000004260869100,4,1,10000.00000000,0:0,0,0.26631158,751,2026-07-14,False,sink_like
100000004261340100,4,1,48500.00000000,0:0,0,0.26631158,751,2026-07-09,False,sink_like
100000004263867100,4,1,9000.00000000,0:0,0,0.26631158,751,2026-07-30,True,unknown
100000004265639100,4,1,10000.00000000,0:0,0,0.26631158,751,2026-07-27,False,sink_like
100000004268036100,4,1,5500.00000000,0:0,0,0.26631158,751,2026-07-24,False,sink_like
100000004272302100,4,1,10000.00000000,0:0,0,0.26631158,751,2026-07-15,False,sink_like
100000004286573100,1,1,16590.00000000,0:0,0,0.26631158,751,2026-07-14,False,observed_sink
100000004291560100,3,1,47190.00000000,0:0,0,0.26631158,751,2026-07-24,False,observed_sink
100000004291663100,4,1,25000.00000000,0:0,0,0.26631158,751,2026-07-31,True,unknown
100000004292885100,3,1,112700.00000000,0:1,1,0.28150134,373,2026-07-01,False,observed_sink
100000004318918100,1,1,75600.00000000,0:1,1,0.28150134,373,2026-07-21,False,observed_sink
100000004326224100,4,1,60000.00000000,0:1,1,0.28150134,373,2026-07-04,False,sink_like
100000004331458100,2,2,250000.00000000,1:2,2,0.45679012,81,2026-07-16,False,observed_sink
100000004336228100,3,1,51407.00000000,0:1,1,0.28150134,373,2026-07-27,False,observed_sink
100000004350094100,4,1,20000.00000000,0:0,0,0.26631158,751,2026-07-06,False,sink_like
100000004360785100,1,1,94705.00000000,0:1,1,0.28150134,373,2026-07-13,False,observed_sink
100000004377043100,4,1,5700.00000000,0:0,0,0.26631158,751,2026-07-21,False,sink_like
100000004379306100,4,1,15000.00000000,0:0,0,0.26631158,751,2026-07-12,False,sink_like
100000004386286100,4,1,12500.00000000,0:0,0,0.26631158,751,2026-07-29,False,sink_like
100000004388209100,1,1,11800.00000000,0:0,0,0.26631158,751,2026-07-30,True,observed_sink
100000004388353100,1,2,62960.00000000,1:1,1,0.59793814,97,2026-07-19,False,observed_sink
100000004399686100,3,1,806000.00000000,0:2,2,0.36111111,180,2026-07-09,False,observed_sink
100000004400361100,2,1,10000.00000000,0:0,0,0.26631158,751,2026-07-03,False,observed_sink
100000004400480100,4,1,21700.00000000,0:0,0,0.26631158,751,2026-07-12,False,sink_like
100000004403548100,4,1,5000.00000000,0:0,0,0.26631158,751,2026-07-02,False,sink_like
100000004403641100,4,1,171500.00000000,0:1,1,0.28150134,373,2026-07-30,True,unknown
100000004408683100,1,2,112919.68000000,1:1,1,0.59793814,97,2026-07-14,False,observed_sink
100000004410489100,2,1,54000.00000000,0:1,1,0.28150134,373,2026-07-12,False,observed_sink
100000004417753100,3,2,192099.00000000,1:1,1,0.59793814,97,2026-07-30,True,observed_sink
100000004418967100,4,1,100000.00000000,0:1,1,0.28150134,373,2026-07-21,False,sink_like
100000004433250100,4,1,8000.00000000,0:0,0,0.26631158,751,2026-07-25,False,sink_like
100000004435304100,2,1,26200.00000000,0:0,0,0.26631158,751,2026-07-31,True,observed_sink
100000004441291100,2,1,20000.00000000,0:0,0,0.26631158,751,2026-07-03,False,observed_sink
100000004445291100,3,1,19500.00000000,0:0,0,0.26631158,751,2026-07-05,False,observed_sink
100000004449824100,4,1,9000.00000000,0:0,0,0.26631158,751,2026-07-28,False,sink_like
100000004456564100,2,1,10000.00000000,0:0,0,0.26631158,751,2026-07-27,False,observed_sink
100000004463277100,2,1,35000.00000000,0:0,0,0.26631158,751,2026-07-05,False,observed_sink
100000004472936100,4,1,5000.00000000,0:0,0,0.26631158,751,2026-07-21,False,sink_like
100000004488265100,3,1,38740.00000000,0:0,0,0.26631158,751,2026-07-18,False,observed_sink
100000004491749100,3,1,50000.00000000,0:1,1,0.28150134,373,2026-07-31,True,observed_sink
100000004491881100,1,1,17144.00000000,0:0,0,0.26631158,751,2026-07-16,False,observed_sink
100000004493586100,3,1,7500.00000000,0:0,0,0.26631158,751,2026-07-05,False,observed_sink
100000004494983100,1,1,35000.00000000,0:0,0,0.26631158,751,2026-07-14,False,observed_sink
100000004497606100,1,1,15534.00000000,0:0,0,0.26631158,751,2026-07-15,False,observed_sink
100000004500781100,4,1,74000.00000000,0:1,1,0.28150134,373,2026-07-23,False,sink_like
100000004502048100,4,1,13888.00000000,0:0,0,0.26631158,751,2026-07-06,False,sink_like
100000004509286100,1,1,40000.00000000,0:0,0,0.26631158,751,2026-07-20,False,observed_sink
100000004526651100,4,1,33000.00000000,0:0,0,0.26631158,751,2026-07-17,False,sink_like
100000004539443100,3,2,61990.00000000,1:1,1,0.59793814,97,2026-07-18,False,observed_sink
100000004549591100,4,1,49000.00000000,0:0,0,0.26631158,751,2026-07-20,False,sink_like
100000004553349100,3,1,7755.00000000,0:0,0,0.26631158,751,2026-07-15,False,observed_sink
100000004559194100,1,1,282145.00000000,0:2,2,0.36111111,180,2026-07-14,False,observed_sink
100000004564736100,3,1,15000.00000000,0:0,0,0.26631158,751,2026-07-23,False,observed_sink
100000004569637100,4,1,5500.00000000,0:0,0,0.26631158,751,2026-07-28,False,sink_like
100000004571634100,4,1,20000.00000000,0:0,0,0.26631158,751,2026-07-16,False,sink_like
100000004573782100,2,1,15000.00000000,0:0,0,0.26631158,751,2026-07-26,False,observed_sink
100000004580254100,3,2,27940.00000000,1:0,0,0.66666667,42,2026-07-19,False,observed_sink
100000004584730100,4,1,47000.00000000,0:0,0,0.26631158,751,2026-07-28,False,sink_like
100000004586598100,4,1,761255.00000000,0:2,2,0.36111111,180,2026-07-28,False,unknown
100000004587414100,3,2,533603.00000000,1:2,2,0.45679012,81,2026-07-14,False,observed_sink
100000004588479100,1,1,177633.00000000,0:1,1,0.28150134,373,2026-07-13,False,observed_sink
100000004592467100,2,1,7000.00000000,0:0,0,0.26631158,751,2026-07-27,False,observed_sink
100000004596284100,4,1,30000.00000000,0:0,0,0.26631158,751,2026-07-11,False,sink_like
100000004601193100,4,1,84000.00000000,0:1,1,0.28150134,373,2026-07-30,True,unknown
100000004610802100,4,1,241000.00000000,0:2,2,0.36111111,180,2026-07-29,False,unknown
100000004611571100,3,1,22550.00000000,0:0,0,0.26631158,751,2026-07-03,False,observed_sink
100000004616845100,4,1,20200.00000000,0:0,0,0.26631158,751,2026-07-27,False,sink_like
100000004634420100,3,1,26150.00000000,0:0,0,0.26631158,751,2026-07-22,False,observed_sink
100000004635886100,3,1,23000.00000000,0:0,0,0.26631158,751,2026-07-19,False,observed_sink
100000004652395100,4,3,101528.00000000,2:1,1,0.89090909,55,2026-07-20,False,likely_onward
100000004655046100,4,1,24000.00000000,0:0,0,0.26631158,751,2026-07-29,False,sink_like
100000004657034100,3,1,141250.00000000,0:1,1,0.28150134,373,2026-07-16,False,observed_sink
100000004664515100,1,1,37691.00000000,0:0,0,0.26631158,751,2026-07-09,False,observed_sink
100000004664905100,1,2,329020.00000000,1:2,2,0.45679012,81,2026-07-21,False,observed_sink
100000004666651100,2,1,429250.00000000,0:2,2,0.36111111,180,2026-07-28,False,observed_sink
100000004671609100,3,1,100000.00000000,0:1,1,0.28150134,373,2026-07-31,True,observed_sink
100000004673335100,4,1,80000.00000000,0:1,1,0.28150134,373,2026-07-05,False,sink_like
100000004674178100,4,1,20000.00000000,0:0,0,0.26631158,751,2026-07-07,False,sink_like
100000004674389100,4,1,15000.00000000,0:0,0,0.26631158,751,2026-07-17,False,sink_like
100000004674412100,4,1,46000.00000000,0:0,0,0.26631158,751,2026-07-31,True,unknown
100000004674799100,2,1,140000.00000000,0:1,1,0.28150134,373,2026-07-23,False,observed_sink
100000004687099100,2,1,30000.00000000,0:0,0,0.26631158,751,2026-07-18,False,observed_sink
100000004687282100,2,1,20000.00000000,0:0,0,0.26631158,751,2026-07-07,False,observed_sink
100000004691350100,4,1,13300.00000000,0:0,0,0.26631158,751,2026-07-05,False,sink_like
100000004713684100,3,1,37500.00000000,0:0,0,0.26631158,751,2026-07-24,False,observed_sink
100000004722630100,4,1,340000.00000000,0:2,2,0.36111111,180,2026-07-24,False,unknown
100000004732589100,2,1,227520.00000000,0:2,2,0.36111111,180,2026-07-20,False,observed_sink
100000004737764100,3,1,600000.00000000,0:2,2,0.36111111,180,2026-07-30,True,observed_sink
100000004741837100,1,1,25596.00000000,0:0,0,0.26631158,751,2026-07-09,False,observed_sink
100000004747154100,4,1,67000.00000000,0:1,1,0.28150134,373,2026-07-04,False,sink_like
100000004750321100,3,2,50185.00000000,1:1,1,0.59793814,97,2026-07-30,True,observed_sink
100000004750897100,3,1,10000.00000000,0:0,0,0.26631158,751,2026-07-21,False,observed_sink
100000004756901100,2,1,153248.00000000,0:1,1,0.28150134,373,2026-07-03,False,observed_sink
100000004777215100,4,1,60000.00000000,0:1,1,0.28150134,373,2026-07-20,False,sink_like
100000004780083100,4,1,9999.00000000,0:0,0,0.26631158,751,2026-07-26,False,sink_like
100000004780327100,4,1,12000.00000000,0:0,0,0.26631158,751,2026-07-24,False,sink_like
100000004783447100,1,1,26200.00000000,0:0,0,0.26631158,751,2026-07-14,False,observed_sink
100000004788983100,4,1,27000.00000000,0:0,0,0.26631158,751,2026-07-17,False,sink_like
100000004790991100,1,1,239413.00000000,0:2,2,0.36111111,180,2026-07-15,False,observed_sink
100000004791226100,4,1,20000.00000000,0:0,0,0.26631158,751,2026-07-07,False,sink_like
100000004792397100,1,1,73520.00000000,0:1,1,0.28150134,373,2026-07-31,True,observed_sink
100000004797167100,4,1,31000.00000000,0:0,0,0.26631158,751,2026-07-08,False,sink_like
100000004798515100,4,1,200000.00000000,0:2,2,0.36111111,180,2026-07-20,False,unknown
100000004800452100,4,1,6544.53000000,0:0,0,0.26631158,751,2026-07-24,False,sink_like
100000004800648100,4,1,131000.00000000,0:1,1,0.28150134,373,2026-07-01,False,sink_like
100000004806903100,2,1,18000.00000000,0:0,0,0.26631158,751,2026-07-01,False,observed_sink
100000004825069100,2,1,30000.00000000,0:0,0,0.26631158,751,2026-07-28,False,observed_sink
100000004840086100,4,1,100000.00000000,0:1,1,0.28150134,373,2026-07-20,False,sink_like
100000004841728100,1,1,52208.00000000,0:1,1,0.28150134,373,2026-07-17,False,observed_sink
100000004848236100,4,1,7500.00000000,0:0,0,0.26631158,751,2026-07-23,False,sink_like
100000004850609100,4,1,10000.00000000,0:0,0,0.26631158,751,2026-07-26,False,sink_like
100000004856746100,4,1,20000.00000000,0:0,0,0.26631158,751,2026-07-31,True,unknown
100000004889043100,3,2,272000.00000000,1:2,2,0.45679012,81,2026-07-21,False,observed_sink
100000004890713100,4,1,40485.00000000,0:0,0,0.26631158,751,2026-07-14,False,sink_like
100000004891562100,4,1,103400.00000000,0:1,1,0.28150134,373,2026-07-07,False,sink_like
100000004904960100,2,2,32000.00000000,1:0,0,0.66666667,42,2026-07-06,False,observed_sink
100000004905207100,2,1,380000.00000000,0:2,2,0.36111111,180,2026-07-25,False,observed_sink
100000004908173100,4,1,21000.00000000,0:0,0,0.26631158,751,2026-07-19,False,sink_like
100000004911971100,4,1,35000.00000000,0:0,0,0.26631158,751,2026-07-12,False,sink_like
100000004917367100,3,2,120000.00000000,1:1,1,0.59793814,97,2026-07-23,False,observed_sink
100000004948177100,1,3,437163.00000000,2:2,2,0.60655738,61,2026-07-10,False,observed_sink
100000004950490100,2,1,10000.00000000,0:0,0,0.26631158,751,2026-07-29,False,observed_sink
100000004959752100,3,1,22200.00000000,0:0,0,0.26631158,751,2026-07-31,True,observed_sink
100000004962193100,2,8,900468.00000000,3:2,2,0.91666667,24,2026-07-08,False,observed_sink
100000004970752100,3,1,10000.00000000,0:0,0,0.26631158,751,2026-07-01,False,observed_sink
100000004976946100,4,1,246000.00000000,0:2,2,0.36111111,180,2026-07-09,False,unknown
100000004979264100,4,1,39800.00000000,0:0,0,0.26631158,751,2026-07-21,False,sink_like
100000004979283100,3,1,40132.00000000,0:0,0,0.26631158,751,2026-07-05,False,observed_sink
100000004981068100,4,1,10000.00000000,0:0,0,0.26631158,751,2026-07-10,False,sink_like
100000004984689100,3,1,53030.00000000,0:1,1,0.28150134,373,2026-07-08,False,observed_sink
100000004988240100,4,1,20000.00000000,0:0,0,0.26631158,751,2026-07-21,False,sink_like
100000004991593100,4,1,45000.00000000,0:0,0,0.26631158,751,2026-07-03,False,sink_like
100000004991812100,3,1,10000.00000000,0:0,0,0.26631158,751,2026-07-23,False,observed_sink
100000004993576100,2,1,167000.00000000,0:1,1,0.28150134,373,2026-07-31,True,observed_sink
100000005008589100,3,1,42806.68000000,0:0,0,0.26631158,751,2026-07-01,False,observed_sink
100000005010159100,4,1,7092.00000000,0:0,0,0.26631158,751,2026-07-22,False,sink_like
100000005017150100,0,0,0.00000000,2:0,0,,6,,False,observed_sink
100000005022964100,2,1,20000.00000000,0:0,0,0.26631158,751,2026-07-26,False,observed_sink
100000005025629100,4,1,5227.00000000,0:0,0,0.26631158,751,2026-07-27,False,sink_like
100000005030592100,2,1,10000.00000000,0:0,0,0.26631158,751,2026-07-30,True,observed_sink
100000005032294100,2,1,10000.00000000,0:0,0,0.26631158,751,2026-07-08,False,observed_sink
100000005034574100,1,1,258816.00000000,0:2,2,0.36111111,180,2026-07-31,True,observed_sink
100000005041147100,4,1,10000.00000000,0:0,0,0.26631158,751,2026-07-26,False,sink_like
100000005042822100,4,1,1000000.00000000,0:3,"3,2",0.37765957,188,2026-07-20,False,unknown
100000005049404100,4,1,98000.00000000,0:1,1,0.28150134,373,2026-07-10,False,sink_like
100000005055454100,3,1,6500.00000000,0:0,0,0.26631158,751,2026-07-14,False,observed_sink
100000005056870100,1,1,20000.00000000,0:0,0,0.26631158,751,2026-07-20,False,observed_sink
100000005059998100,2,1,18000.00000000,0:0,0,0.26631158,751,2026-07-13,False,observed_sink
100000005061890100,3,1,90000.00000000,0:1,1,0.28150134,373,2026-07-25,False,observed_sink
100000005075949100,4,1,2226000.00000000,0:3,"3,2",0.37765957,188,2026-07-23,False,unknown
100000005079473100,4,1,39312.00000000,0:0,0,0.26631158,751,2026-07-18,False,sink_like
100000005082652100,3,1,30000.00000000,0:0,0,0.26631158,751,2026-07-02,False,observed_sink
100000005087431100,0,0,0.00000000,2:0,0,,6,,False,observed_sink
100000005087923100,4,1,20000.00000000,0:0,0,0.26631158,751,2026-07-21,False,sink_like
100000005089460100,3,1,12300.00000000,0:0,0,0.26631158,751,2026-07-08,False,observed_sink
100000005092518100,1,1,26144.00000000,0:0,0,0.26631158,751,2026-07-07,False,observed_sink
100000005093521100,1,1,15200.00000000,0:0,0,0.26631158,751,2026-07-20,False,observed_sink
100000005100475100,3,1,40000.00000000,0:0,0,0.26631158,751,2026-07-22,False,observed_sink
100000005105153100,2,1,30000.00000000,0:0,0,0.26631158,751,2026-07-02,False,observed_sink
100000005127767100,3,1,7000.00000000,0:0,0,0.26631158,751,2026-07-06,False,observed_sink
100000005133757100,1,2,65000.00000000,1:1,1,0.59793814,97,2026-07-20,False,observed_sink
100000005142589100,2,1,50000.00000000,0:1,1,0.28150134,373,2026-07-26,False,observed_sink
100000005146665100,4,1,5500.00000000,0:0,0,0.26631158,751,2026-07-21,False,sink_like
100000005172860100,3,1,15209.20000000,0:0,0,0.26631158,751,2026-07-01,False,observed_sink
100000005182219100,3,2,55000.00000000,1:1,1,0.59793814,97,2026-07-14,False,observed_sink
100000005183943100,1,1,680900.00000000,0:2,2,0.36111111,180,2026-07-29,False,observed_sink
100000005186109100,3,1,5000.00000000,0:0,0,0.26631158,751,2026-07-30,True,observed_sink
100000005187208100,3,1,14160.00000000,0:0,0,0.26631158,751,2026-07-17,False,observed_sink
100000005189258100,4,1,50000.00000000,0:1,1,0.28150134,373,2026-07-16,False,sink_like
100000005198498100,3,1,28800.00000000,0:0,0,0.26631158,751,2026-07-09,False,observed_sink
100000005203590100,2,1,90000.00000000,0:1,1,0.28150134,373,2026-07-26,False,observed_sink
100000005205745100,2,1,6000.00000000,0:0,0,0.26631158,751,2026-07-19,False,observed_sink
100000005209352100,4,1,5000.00000000,0:0,0,0.26631158,751,2026-07-07,False,sink_like
100000005226217100,4,1,17500.00000000,0:0,0,0.26631158,751,2026-07-01,False,sink_like
100000005228059100,1,1,26000.00000000,0:0,0,0.26631158,751,2026-07-08,False,observed_sink
100000005235389100,0,0,0.00000000,2:0,0,,6,,False,observed_sink
100000005237935150,2,1,34508.00000000,0:0,0,0.26631158,751,2026-07-20,False,observed_sink
100000005241556100,3,1,100000.00000000,0:1,1,0.28150134,373,2026-07-08,False,observed_sink
100000005272139100,4,1,165000.00000000,0:1,1,0.28150134,373,2026-07-21,False,sink_like
100000005293969100,4,1,5466.97000000,0:0,0,0.26631158,751,2026-07-02,False,sink_like
100000005314565100,3,1,218500.00000000,0:2,2,0.36111111,180,2026-07-07,False,observed_sink
100000005326681100,2,1,31228.00000000,0:0,0,0.26631158,751,2026-07-27,False,observed_sink
100000005328215100,2,1,27000.00000000,0:0,0,0.26631158,751,2026-07-20,False,observed_sink
100000005357034100,3,1,9754.00000000,0:0,0,0.26631158,751,2026-07-16,False,observed_sink
100000005360814100,4,1,144000.00000000,0:1,1,0.28150134,373,2026-07-17,False,sink_like
100000005362848100,3,1,29000.00000000,0:0,0,0.26631158,751,2026-07-03,False,observed_sink
100000005367180100,4,1,7700.00000000,0:0,0,0.26631158,751,2026-07-23,False,sink_like
100000005370558100,4,1,5000.00000000,0:0,0,0.26631158,751,2026-07-09,False,sink_like
100000005370580100,0,1,24075.00000000,0:0,0,0.26631158,751,2026-07-28,False,observed_sink
100000005395727100,0,1,17000.00000000,0:0,0,0.26631158,751,2026-07-30,True,observed_sink
100000005409156100,3,2,260080.00000000,1:2,2,0.45679012,81,2026-07-17,False,observed_sink
100000005409680100,0,2,55060.00000000,1:1,1,0.59793814,97,2026-07-02,False,observed_sink
100000005432267100,1,2,350001.00000000,1:2,2,0.45679012,81,2026-07-22,False,observed_sink
100000005454368100,0,2,48600.00000000,1:0,0,0.66666667,42,2026-07-20,False,observed_sink
100000005474472100,2,1,100000.00000000,0:1,1,0.28150134,373,2026-07-17,False,observed_sink
100000005480435100,0,0,0.00000000,2:0,0,,6,,False,observed_sink
100000005493505100,0,3,62020.00000000,2:1,1,0.89090909,55,2026-07-23,False,observed_sink
100000005495211100,4,1,14500.00000000,0:0,0,0.26631158,751,2026-07-05,False,sink_like
100000005495722100,0,0,0.00000000,2:0,0,,6,,False,observed_sink
100000005496254100,1,1,12700.00000000,0:0,0,0.26631158,751,2026-07-17,False,observed_sink
100000005497148100,4,1,24000.00000000,0:0,0,0.26631158,751,2026-07-13,False,sink_like
100000005523088100,0,1,700000.00000000,0:2,2,0.36111111,180,2026-07-05,False,observed_sink
100000005532138100,3,1,25046.00000000,0:0,0,0.26631158,751,2026-07-09,False,observed_sink
100000005550592100,0,0,0.00000000,2:0,0,,6,,False,observed_sink
100000005553088100,4,1,17500.00000000,0:0,0,0.26631158,751,2026-07-09,False,sink_like
100000005560900100,0,0,0.00000000,2:0,0,,6,,False,observed_sink
100000005561741100,2,1,25000.00000000,0:0,0,0.26631158,751,2026-07-10,False,observed_sink
100000005567828100,4,1,94000.00000000,0:1,1,0.28150134,373,2026-07-30,True,unknown
100000005568407100,0,0,0.00000000,2:0,0,,6,,False,observed_sink
100000005588444100,1,1,12300.00000000,0:0,0,0.26631158,751,2026-07-23,False,observed_sink
100000005589319100,4,1,26000.00000000,0:0,0,0.26631158,751,2026-07-21,False,sink_like
100000005608515100,2,1,64000.00000000,0:1,1,0.28150134,373,2026-07-14,False,observed_sink
100000005614315100,2,1,455000.00000000,0:2,2,0.36111111,180,2026-07-17,False,observed_sink
100000005616568100,4,1,530000.00000000,0:2,2,0.36111111,180,2026-07-03,False,unknown
100000005620225100,1,2,49845.66000000,1:0,0,0.66666667,42,2026-07-03,False,observed_sink
100000005621418100,4,1,30000.00000000,0:0,0,0.26631158,751,2026-07-07,False,sink_like
100000005628518100,3,1,77000.00000000,0:1,1,0.28150134,373,2026-07-25,False,observed_sink
100000005636951100,4,1,40000.00000000,0:0,0,0.26631158,751,2026-07-07,False,sink_like
100000005661528100,3,1,25000.00000000,0:0,0,0.26631158,751,2026-07-19,False,observed_sink
100000005664632100,2,1,198620.00000000,0:1,1,0.28150134,373,2026-07-30,True,observed_sink
100000005667841100,3,2,186000.00000000,1:1,1,0.59793814,97,2026-07-17,False,observed_sink
100000005668605100,0,3,94500.00000000,2:1,1,0.89090909,55,2026-07-22,False,observed_sink
100000005669845100,1,1,20000.00000000,0:0,0,0.26631158,751,2026-07-04,False,observed_sink
100000005674387100,3,1,26200.00000000,0:0,0,0.26631158,751,2026-07-13,False,observed_sink
100000005685783100,4,1,26150.00000000,0:0,0,0.26631158,751,2026-07-29,False,sink_like
100000005709551100,3,1,24560.00000000,0:0,0,0.26631158,751,2026-07-03,False,observed_sink
100000005711521100,4,1,238000.00000000,0:2,2,0.36111111,180,2026-07-11,False,unknown
100000005723580100,4,1,35000.00000000,0:0,0,0.26631158,751,2026-07-14,False,sink_like
100000005730108100,2,1,8000.00000000,0:0,0,0.26631158,751,2026-07-14,False,observed_sink
100000005745873100,4,1,223000.00000000,0:2,2,0.36111111,180,2026-07-15,False,unknown
100000005754335100,3,1,44037.00000000,0:0,0,0.26631158,751,2026-07-11,False,observed_sink
100000005756535100,3,1,20000.00000000,0:0,0,0.26631158,751,2026-07-18,False,observed_sink
100000005767403100,4,1,1100000.00000000,0:3,"3,2",0.37765957,188,2026-07-31,True,unknown
100000005778283100,1,3,615760.00000000,2:2,2,0.60655738,61,2026-07-15,False,observed_sink
100000005782886100,4,1,14000.00000000,0:0,0,0.26631158,751,2026-07-23,False,sink_like
100000005783452100,4,2,286500.00000000,1:2,2,0.45679012,81,2026-07-28,False,unknown
100000005799271100,2,1,45000.00000000,0:0,0,0.26631158,751,2026-07-26,False,observed_sink
100000005807278100,1,1,8385.00000000,0:0,0,0.26631158,751,2026-07-19,False,observed_sink
100000005809252100,2,1,25000.00000000,0:0,0,0.26631158,751,2026-07-30,True,observed_sink
100000005844459100,1,2,243400.00000000,1:2,2,0.45679012,81,2026-07-30,True,observed_sink
100000005847078100,3,1,16300.00000000,0:0,0,0.26631158,751,2026-07-23,False,observed_sink
100000005849100100,2,1,33300.00000000,0:0,0,0.26631158,751,2026-07-15,False,observed_sink
100000005849862100,4,1,13000.00000000,0:0,0,0.26631158,751,2026-07-22,False,sink_like
100000005852946100,1,1,23746.00000000,0:0,0,0.26631158,751,2026-07-16,False,observed_sink
100000005857058100,3,3,80222.00000000,2:1,1,0.89090909,55,2026-07-06,False,observed_sink
100000005877725100,1,1,70000.00000000,0:1,1,0.28150134,373,2026-07-01,False,observed_sink
100000005878334100,4,1,76400.00000000,0:1,1,0.28150134,373,2026-07-28,False,sink_like
100000005888829100,4,1,197000.00000000,0:1,1,0.28150134,373,2026-07-13,False,sink_like
100000005893892100,3,1,102780.00000000,0:1,1,0.28150134,373,2026-07-10,False,observed_sink
100000005895525100,1,1,120000.00000000,0:1,1,0.28150134,373,2026-07-13,False,observed_sink
100000005897462100,1,1,98400.00000000,0:1,1,0.28150134,373,2026-07-15,False,observed_sink
100000005901606100,1,1,35660.00000000,0:0,0,0.26631158,751,2026-07-23,False,observed_sink
100000005904580100,2,2,72000.00000000,1:1,1,0.59793814,97,2026-07-01,False,observed_sink
100000005910895100,4,1,5100.00000000,0:0,0,0.26631158,751,2026-07-30,True,unknown
100000005931985100,2,1,76000.00000000,0:1,1,0.28150134,373,2026-07-31,True,observed_sink
100000005932987100,2,1,25000.00000000,0:0,0,0.26631158,751,2026-07-31,True,observed_sink
100000005939154100,2,1,22000.00000000,0:0,0,0.26631158,751,2026-07-20,False,observed_sink
100000005940652100,1,1,8395.00000000,0:0,0,0.26631158,751,2026-07-16,False,observed_sink
100000005941908100,3,1,10000.00000000,0:0,0,0.26631158,751,2026-07-25,False,observed_sink
100000005942793100,2,4,55000.00000000,2:1,1,0.89090909,55,2026-07-07,False,observed_sink
100000005961971100,1,1,47353.00000000,0:0,0,0.26631158,751,2026-07-20,False,observed_sink
100000005974542100,3,1,94500.00000000,0:1,1,0.28150134,373,2026-07-14,False,observed_sink
100000005979037100,4,1,60300.00000000,0:1,1,0.28150134,373,2026-07-25,False,sink_like
100000005995391100,3,1,17200.00000000,0:0,0,0.26631158,751,2026-07-14,False,observed_sink
100000005996909100,3,1,5500.00000000,0:0,0,0.26631158,751,2026-07-29,False,observed_sink
100000006008169100,1,1,70000.00000000,0:1,1,0.28150134,373,2026-07-12,False,observed_sink
100000006030946100,1,1,73289.00000000,0:1,1,0.28150134,373,2026-07-08,False,observed_sink
100000006048193100,3,1,41559.00000000,0:0,0,0.26631158,751,2026-07-26,False,observed_sink
100000006100920100,3,1,100000.00000000,0:1,1,0.28150134,373,2026-07-04,False,observed_sink
100000006111442100,3,1,64000.00000000,0:1,1,0.28150134,373,2026-07-17,False,observed_sink
100000006122699100,2,2,45865.00000000,1:0,0,0.66666667,42,2026-07-01,False,observed_sink
100000006126743100,3,1,55000.00000000,0:1,1,0.28150134,373,2026-07-14,False,observed_sink
100000006161893100,2,1,14000.00000000,0:0,0,0.26631158,751,2026-07-16,False,observed_sink
100000006171671100,4,1,10000.00000000,0:0,0,0.26631158,751,2026-07-07,False,sink_like
100000006177176100,1,1,8911.00000000,0:0,0,0.26631158,751,2026-07-16,False,observed_sink
100000006209210100,3,1,229111.00000000,0:2,2,0.36111111,180,2026-07-09,False,observed_sink
100000006232642100,4,1,456000.00000000,0:2,2,0.36111111,180,2026-07-19,False,unknown
100000006248077100,2,1,50000.00000000,0:1,1,0.28150134,373,2026-07-22,False,observed_sink
100000006257675100,4,1,70000.00000000,0:1,1,0.28150134,373,2026-07-20,False,sink_like
100000006288612100,4,1,30805.00000000,0:0,0,0.26631158,751,2026-07-21,False,sink_like
100000006308406100,4,1,183000.00000000,0:1,1,0.28150134,373,2026-07-20,False,sink_like
100000006326645100,1,1,25264.00000000,0:0,0,0.26631158,751,2026-07-18,False,observed_sink
100000006351075100,4,1,40000.00000000,0:0,0,0.26631158,751,2026-07-31,True,unknown
100000006369769100,1,1,40000.00000000,0:0,0,0.26631158,751,2026-07-10,False,observed_sink
100000006381453100,4,1,45000.00000000,0:0,0,0.26631158,751,2026-07-02,False,sink_like
100000006412162100,4,1,15000.00000000,0:0,0,0.26631158,751,2026-07-30,True,unknown
100000006416061100,4,1,30000.00000000,0:0,0,0.26631158,751,2026-07-28,False,sink_like
100000006444163100,3,1,6026.00000000,0:0,0,0.26631158,751,2026-07-10,False,observed_sink
100000006445501100,1,1,91000.00000000,0:1,1,0.28150134,373,2026-07-14,False,observed_sink
100000006446271100,1,2,80000.00000000,1:1,1,0.59793814,97,2026-07-25,False,observed_sink
100000006471232100,3,1,41800.00000000,0:0,0,0.26631158,751,2026-07-16,False,observed_sink
100000006476758100,3,1,5200.00000000,0:0,0,0.26631158,751,2026-07-15,False,observed_sink
100000006490557100,2,1,5000.00000000,0:0,0,0.26631158,751,2026-07-23,False,observed_sink
100000006490615100,4,1,41600.00000000,0:0,0,0.26631158,751,2026-07-26,False,sink_like
100000006491272100,3,1,26200.00000000,0:0,0,0.26631158,751,2026-07-01,False,observed_sink
100000006491963100,4,1,16000.00000000,0:0,0,0.26631158,751,2026-07-30,True,unknown
100000006512787100,4,1,20000.00000000,0:0,0,0.26631158,751,2026-07-23,False,sink_like
100000006522972100,3,1,9515.00000000,0:0,0,0.26631158,751,2026-07-17,False,observed_sink
100000006523053100,2,1,5000.00000000,0:0,0,0.26631158,751,2026-07-17,False,observed_sink
100000006527156100,4,1,48500.00000000,0:0,0,0.26631158,751,2026-07-08,False,sink_like
100000006530134100,3,2,144663.00000000,1:1,1,0.59793814,97,2026-07-16,False,observed_sink
100000006532229100,3,1,105000.00000000,0:1,1,0.28150134,373,2026-07-12,False,observed_sink
100000006557763100,2,1,10000.00000000,0:0,0,0.26631158,751,2026-07-06,False,observed_sink
100000006562026100,1,2,75000.00000000,1:1,1,0.59793814,97,2026-07-24,False,observed_sink
100000006564102100,2,1,233235.00000000,0:2,2,0.36111111,180,2026-07-23,False,observed_sink
100000006567935100,2,1,200000.00000000,0:2,2,0.36111111,180,2026-07-18,False,observed_sink
100000006573438100,3,1,5000.00000000,0:0,0,0.26631158,751,2026-07-11,False,observed_sink
100000006595426100,2,1,84800.00000000,0:1,1,0.28150134,373,2026-07-15,False,observed_sink
100000006638021100,4,2,388500.00000000,1:2,2,0.45679012,81,2026-07-31,True,unknown
100000006658598100,1,1,9000.00000000,0:0,0,0.26631158,751,2026-07-19,False,observed_sink
100000006679055100,2,1,25000.00000000,0:0,0,0.26631158,751,2026-07-15,False,observed_sink
100000006684930100,2,1,10000.00000000,0:0,0,0.26631158,751,2026-07-27,False,observed_sink
100000006687202100,1,1,50000.00000000,0:1,1,0.28150134,373,2026-07-15,False,observed_sink
100000006689603100,4,1,400000.00000000,0:2,2,0.36111111,180,2026-07-11,False,unknown
100000006693788100,4,1,10764.00000000,0:0,0,0.26631158,751,2026-07-18,False,sink_like
100000006701983100,3,1,27000.00000000,0:0,0,0.26631158,751,2026-07-03,False,observed_sink
100000006706519100,4,1,36000.00000000,0:0,0,0.26631158,751,2026-07-27,False,sink_like
100000006710485100,3,1,20000.00000000,0:0,0,0.26631158,751,2026-07-24,False,observed_sink
100000006735545100,4,1,5000.00000000,0:0,0,0.26631158,751,2026-07-03,False,sink_like
100000006745291100,1,1,82534.00000000,0:1,1,0.28150134,373,2026-07-17,False,observed_sink
100000006746688100,3,1,41000.00000000,0:0,0,0.26631158,751,2026-07-21,False,observed_sink
100000006755850100,2,1,443475.80000000,0:2,2,0.36111111,180,2026-07-22,False,observed_sink
100000006756956100,4,1,121200.00000000,0:1,1,0.28150134,373,2026-07-19,False,sink_like
100000006787636100,2,1,20000.00000000,0:0,0,0.26631158,751,2026-07-07,False,observed_sink
100000006789108100,1,1,37500.00000000,0:0,0,0.26631158,751,2026-07-02,False,observed_sink
100000006844004100,3,1,20600.00000000,0:0,0,0.26631158,751,2026-07-22,False,observed_sink
100000006852430100,2,1,37000.00000000,0:0,0,0.26631158,751,2026-07-20,False,observed_sink
100000006866831100,4,1,16500.00000000,0:0,0,0.26631158,751,2026-07-23,False,sink_like
100000006882208100,3,1,18000.00000000,0:0,0,0.26631158,751,2026-07-19,False,observed_sink
100000006894637100,3,1,52831.00000000,0:1,1,0.28150134,373,2026-07-23,False,observed_sink
100000006903193100,4,1,9000.00000000,0:0,0,0.26631158,751,2026-07-05,False,sink_like
100000006918814100,4,1,20000.00000000,0:0,0,0.26631158,751,2026-07-30,True,unknown
100000006919124100,3,1,25000.00000000,0:0,0,0.26631158,751,2026-07-25,False,observed_sink
100000006952718100,1,1,71489.00000000,0:1,1,0.28150134,373,2026-07-16,False,observed_sink
100000006965162100,3,1,10000.00000000,0:0,0,0.26631158,751,2026-07-03,False,observed_sink
100000006972210100,1,3,488775.00000000,2:2,2,0.60655738,61,2026-07-27,False,observed_sink
100000006989106100,2,1,64000.00000000,0:1,1,0.28150134,373,2026-07-25,False,observed_sink
100000006989232100,3,1,22194.00000000,0:0,0,0.26631158,751,2026-07-16,False,observed_sink
100000007005380100,3,1,9400.00000000,0:0,0,0.26631158,751,2026-07-15,False,observed_sink
100000007020162100,3,1,86395.00000000,0:1,1,0.28150134,373,2026-07-20,False,observed_sink
100000007022818100,3,1,17200.00000000,0:0,0,0.26631158,751,2026-07-07,False,observed_sink
100000007034089100,4,2,198000.00000000,1:1,1,0.59793814,97,2026-07-25,False,unknown
100000007042175100,4,1,60000.00000000,0:1,1,0.28150134,373,2026-07-13,False,sink_like
100000007071852100,4,1,195000.00000000,0:1,1,0.28150134,373,2026-07-24,False,sink_like
100000007140834100,3,1,10200.00000000,0:0,0,0.26631158,751,2026-07-22,False,observed_sink
100000007153161100,4,1,44997.00000000,0:0,0,0.26631158,751,2026-07-06,False,sink_like
100000007173936100,2,1,10000.00000000,0:0,0,0.26631158,751,2026-07-14,False,observed_sink
100000007175718100,1,1,20000.00000000,0:0,0,0.26631158,751,2026-07-13,False,observed_sink
100000007181706100,1,2,176272.00000000,1:1,1,0.59793814,97,2026-07-22,False,observed_sink
100000007229557100,3,3,878000.00000000,2:2,2,0.60655738,61,2026-07-28,False,observed_sink
100000007274584100,1,1,38000.00000000,0:0,0,0.26631158,751,2026-07-26,False,observed_sink
100000007281639100,1,2,216770.00000000,1:2,2,0.45679012,81,2026-07-31,True,observed_sink
100000007283257100,1,1,192000.00000000,0:1,1,0.28150134,373,2026-07-31,True,observed_sink
100000007289427100,2,1,12300.00000000,0:0,0,0.26631158,751,2026-07-10,False,observed_sink
100000007303047100,3,1,52250.00000000,0:1,1,0.28150134,373,2026-07-28,False,observed_sink
100000007330432100,4,1,584900.00000000,0:2,2,0.36111111,180,2026-07-01,False,unknown
100000007334196100,1,1,150002.00000000,0:1,1,0.28150134,373,2026-07-15,False,observed_sink
100000007337374100,2,1,20000.00000000,0:0,0,0.26631158,751,2026-07-27,False,observed_sink
100000007347733100,1,1,23007.00000000,0:0,0,0.26631158,751,2026-07-31,True,observed_sink
100000007357489100,4,2,164500.00000000,1:1,1,0.59793814,97,2026-07-23,False,unknown
100000007381662100,4,1,11000.00000000,0:0,0,0.26631158,751,2026-07-31,True,unknown
100000007382152100,2,1,5860.00000000,0:0,0,0.26631158,751,2026-07-30,True,observed_sink
100000007484343100,3,2,26757.00000000,1:0,0,0.66666667,42,2026-07-10,False,observed_sink
100000007487729100,3,1,25000.00000000,0:0,0,0.26631158,751,2026-07-20,False,observed_sink
100000007507343100,1,1,370000.00000000,0:2,2,0.36111111,180,2026-07-14,False,observed_sink
100000007510567100,4,1,52000.00000000,0:1,1,0.28150134,373,2026-07-13,False,sink_like
100000007510875100,3,1,5000.00000000,0:0,0,0.26631158,751,2026-07-05,False,observed_sink
100000007511780100,4,1,155000.00000000,0:1,1,0.28150134,373,2026-07-27,False,sink_like
100000007539296100,4,1,46000.00000000,0:0,0,0.26631158,751,2026-07-27,False,sink_like
100000007597382100,3,1,15700.00000000,0:0,0,0.26631158,751,2026-07-10,False,observed_sink
100000007617808100,2,1,450000.00000000,0:2,2,0.36111111,180,2026-07-07,False,observed_sink
100000007618425100,3,1,39348.00000000,0:0,0,0.26631158,751,2026-07-08,False,observed_sink
100000007629121100,2,1,29000.00000000,0:0,0,0.26631158,751,2026-07-23,False,observed_sink
100000007631637100,1,1,15341.00000000,0:0,0,0.26631158,751,2026-07-01,False,observed_sink
100000007641183100,1,1,28000.00000000,0:0,0,0.26631158,751,2026-07-06,False,observed_sink
100000007641801100,1,1,200000.00000000,0:2,2,0.36111111,180,2026-07-20,False,observed_sink
100000007647294100,3,1,385000.00000000,0:2,2,0.36111111,180,2026-07-16,False,observed_sink
100000007653003100,3,1,100000.00000000,0:1,1,0.28150134,373,2026-07-15,False,observed_sink
100000007653094100,4,1,16000.00000000,0:0,0,0.26631158,751,2026-07-07,False,sink_like
100000007731977100,4,1,50000.00000000,0:1,1,0.28150134,373,2026-07-02,False,sink_like
100000007737775100,3,1,6000.00000000,0:0,0,0.26631158,751,2026-07-06,False,observed_sink
100000007745062100,4,1,100000.00000000,0:1,1,0.28150134,373,2026-07-19,False,sink_like
100000007749747100,4,1,50000.00000000,0:1,1,0.28150134,373,2026-07-14,False,sink_like
100000007754369100,3,1,82424.00000000,0:1,1,0.28150134,373,2026-07-15,False,observed_sink
100000007793871100,3,1,26000.00000000,0:0,0,0.26631158,751,2026-07-25,False,observed_sink
100000007811950100,4,1,50000.00000000,0:1,1,0.28150134,373,2026-07-30,True,unknown
100000007841978100,4,1,449000.00000000,0:2,2,0.36111111,180,2026-07-31,True,unknown
100000007861311100,2,1,45000.00000000,0:0,0,0.26631158,751,2026-07-22,False,observed_sink
100000007863304100,3,1,25000.00000000,0:0,0,0.26631158,751,2026-07-03,False,observed_sink
100000007865484100,4,1,584600.00000000,0:2,2,0.36111111,180,2026-07-07,False,unknown
100000007867364100,4,1,41852.00000000,0:0,0,0.26631158,751,2026-07-06,False,sink_like
100000007930878100,2,1,5000.00000000,0:0,0,0.26631158,751,2026-07-09,False,observed_sink
100000007938486100,1,1,39500.00000000,0:0,0,0.26631158,751,2026-07-06,False,observed_sink
100000007960337100,4,1,35500.00000000,0:0,0,0.26631158,751,2026-07-21,False,sink_like
100000007982908100,2,1,31080.00000000,0:0,0,0.26631158,751,2026-07-20,False,observed_sink
100000007988344100,4,1,20000.00000000,0:0,0,0.26631158,751,2026-07-15,False,sink_like
100000007997939100,4,1,13000.00000000,0:0,0,0.26631158,751,2026-07-16,False,sink_like
100000007999728100,3,1,23250.00000000,0:0,0,0.26631158,751,2026-07-04,False,observed_sink
100000008008463100,2,1,54180.00000000,0:1,1,0.28150134,373,2026-07-28,False,observed_sink
100000008011573100,3,1,15000.00000000,0:0,0,0.26631158,751,2026-07-08,False,observed_sink
100000008027922100,4,1,70000.00000000,0:1,1,0.28150134,373,2026-07-17,False,sink_like
100000008028628100,1,1,57224.00000000,0:1,1,0.28150134,373,2026-07-08,False,observed_sink
100000008029279100,3,1,17000.00000000,0:0,0,0.26631158,751,2026-07-10,False,observed_sink
100000008038077100,3,1,499850.00000000,0:2,2,0.36111111,180,2026-07-13,False,observed_sink
100000008042075100,3,1,5000.00000000,0:0,0,0.26631158,751,2026-07-01,False,observed_sink
100000008043184100,3,1,50564.00000000,0:1,1,0.28150134,373,2026-07-19,False,observed_sink
100000008050986100,4,1,95000.00000000,0:1,1,0.28150134,373,2026-07-07,False,sink_like
100000008055972100,3,1,28300.00000000,0:0,0,0.26631158,751,2026-07-10,False,observed_sink
100000008060273100,2,1,10000.00000000,0:0,0,0.26631158,751,2026-07-28,False,observed_sink
100000008066326100,1,1,19320.00000000,0:0,0,0.26631158,751,2026-07-03,False,observed_sink
100000008070101100,3,1,100000.00000000,0:1,1,0.28150134,373,2026-07-29,False,observed_sink
100000008071620100,1,1,46968.00000000,0:0,0,0.26631158,751,2026-07-14,False,observed_sink
100000008071749100,4,1,24943.00000000,0:0,0,0.26631158,751,2026-07-21,False,sink_like
100000008074304100,4,1,5500.00000000,0:0,0,0.26631158,751,2026-07-03,False,sink_like
100000008077552100,3,1,214000.00000000,0:2,2,0.36111111,180,2026-07-24,False,observed_sink
100000008094734100,1,4,236249.00000000,2:2,2,0.60655738,61,2026-07-20,False,observed_sink
100000008097580100,3,2,32000.00000000,1:0,0,0.66666667,42,2026-07-31,True,observed_sink
100000008116374100,1,1,31284.00000000,0:0,0,0.26631158,751,2026-07-09,False,observed_sink
100000008117324100,0,0,0.00000000,2:0,0,,6,,False,observed_sink
100000008129393100,1,1,10000.00000000,0:0,0,0.26631158,751,2026-07-30,True,observed_sink
100000008130868100,4,1,22782.00000000,0:0,0,0.26631158,751,2026-07-01,False,sink_like
100000008136608100,4,1,170000.00000000,0:1,1,0.28150134,373,2026-07-10,False,sink_like
100000008141170100,2,1,11000.00000000,0:0,0,0.26631158,751,2026-07-06,False,observed_sink
100000008144528100,2,5,1068202.60000000,3:3,3,0.64285714,14,2026-07-16,False,observed_sink
100000008151098100,4,1,30000.00000000,0:0,0,0.26631158,751,2026-07-19,False,sink_like
100000008168850100,4,1,187910.00000000,0:1,1,0.28150134,373,2026-07-20,False,sink_like
100000008172721100,4,1,168335.00000000,0:1,1,0.28150134,373,2026-07-22,False,sink_like
100000008173359100,1,1,6110.00000000,0:0,0,0.26631158,751,2026-07-23,False,observed_sink
100000008174521100,2,1,82110.00000000,0:1,1,0.28150134,373,2026-07-25,False,observed_sink
100000008175078100,4,1,1846711.00000000,0:3,"3,2",0.37765957,188,2026-07-15,False,unknown
100000008183752100,4,1,140000.00000000,0:1,1,0.28150134,373,2026-07-26,False,sink_like
100000008190411100,4,1,198450.00000000,0:1,1,0.28150134,373,2026-07-26,False,sink_like
100000008190442100,3,1,13000.00000000,0:0,0,0.26631158,751,2026-07-16,False,observed_sink
100000008200810100,3,1,475000.00000000,0:2,2,0.36111111,180,2026-07-03,False,observed_sink
100000008205000100,0,0,0.00000000,2:0,0,,6,,False,observed_sink
100000008205937100,2,1,35000.00000000,0:0,0,0.26631158,751,2026-07-26,False,observed_sink
100000008219168100,1,1,53200.00000000,0:1,1,0.28150134,373,2026-07-25,False,observed_sink
100000008221543100,1,2,542000.00000000,1:2,2,0.45679012,81,2026-07-14,False,observed_sink
100000008221765100,4,1,156354.00000000,0:1,1,0.28150134,373,2026-07-01,False,sink_like
100000008223756100,3,2,331682.00000000,1:2,2,0.45679012,81,2026-07-22,False,observed_sink
100000008237827100,1,1,40001.00000000,0:0,0,0.26631158,751,2026-07-16,False,observed_sink
100000008238112100,3,1,190000.00000000,0:1,1,0.28150134,373,2026-07-20,False,observed_sink
100000008238989100,2,1,200000.00000000,0:2,2,0.36111111,180,2026-07-03,False,observed_sink
100000008244300100,1,5,65430.00000000,3:1,"1,0",,7,2026-07-18,False,observed_sink
100000008251939100,4,1,44360.00000000,0:0,0,0.26631158,751,2026-07-12,False,sink_like
100000008255655100,4,1,5400.00000000,0:0,0,0.26631158,751,2026-07-02,False,sink_like
100000008259451100,3,1,55000.00000000,0:1,1,0.28150134,373,2026-07-03,False,observed_sink
100000008279405100,3,1,234738.00000000,0:2,2,0.36111111,180,2026-07-30,True,observed_sink
100000008283183100,2,1,29000.00000000,0:0,0,0.26631158,751,2026-07-08,False,observed_sink
100000008289539100,2,1,14912.00000000,0:0,0,0.26631158,751,2026-07-29,False,observed_sink
100000008295429100,3,1,352000.00000000,0:2,2,0.36111111,180,2026-07-20,False,observed_sink
100000008297199100,3,1,42268.00000000,0:0,0,0.26631158,751,2026-07-06,False,observed_sink
100000008304115100,1,1,51000.00000000,0:1,1,0.28150134,373,2026-07-12,False,observed_sink
100000008306857100,3,1,125000.00000000,0:1,1,0.28150134,373,2026-07-16,False,observed_sink
100000008308418100,4,1,50000.00000000,0:1,1,0.28150134,373,2026-07-03,False,sink_like
100000008309514100,3,1,17200.00000000,0:0,0,0.26631158,751,2026-07-09,False,observed_sink
100000008314863100,3,1,12000.00000000,0:0,0,0.26631158,751,2026-07-20,False,observed_sink
100000008321975100,4,1,5900.00000000,0:0,0,0.26631158,751,2026-07-11,False,sink_like
100000008327791100,4,1,11000.00000000,0:0,0,0.26631158,751,2026-07-29,False,sink_like
100000008331280100,4,1,41000.00000000,0:0,0,0.26631158,751,2026-07-27,False,sink_like
100000008332511100,3,1,100000.00000000,0:1,1,0.28150134,373,2026-07-01,False,observed_sink
100000008333492100,4,1,216400.00000000,0:2,2,0.36111111,180,2026-07-31,True,unknown
100000008335401100,2,1,150000.00000000,0:1,1,0.28150134,373,2026-07-08,False,observed_sink
100000008336318100,4,1,170000.00000000,0:1,1,0.28150134,373,2026-07-27,False,sink_like
100000008337304100,4,1,105465.00000000,0:1,1,0.28150134,373,2026-07-26,False,sink_like
100000008343415100,4,1,100000.00000000,0:1,1,0.28150134,373,2026-07-11,False,sink_like
100000008349740100,4,1,70000.00000000,0:1,1,0.28150134,373,2026-07-10,False,sink_like
100000008352542100,2,1,50220.00000000,0:1,1,0.28150134,373,2026-07-18,False,observed_sink
100000008356606100,2,2,168500.00000000,1:1,1,0.59793814,97,2026-07-22,False,observed_sink
100000008376089100,2,1,135000.00000000,0:1,1,0.28150134,373,2026-07-18,False,observed_sink
100000008376785100,4,1,234250.00000000,0:2,2,0.36111111,180,2026-07-29,False,unknown
100000008383405100,1,1,25000.00000000,0:0,0,0.26631158,751,2026-07-08,False,observed_sink
100000008388049100,3,1,496400.00000000,0:2,2,0.36111111,180,2026-07-13,False,observed_sink
100000008405209100,3,1,54400.00000000,0:1,1,0.28150134,373,2026-07-11,False,observed_sink
100000008406609100,2,1,34000.00000000,0:0,0,0.26631158,751,2026-07-09,False,observed_sink
100000008416433100,3,1,20000.00000000,0:0,0,0.26631158,751,2026-07-16,False,observed_sink
100000008417029100,3,1,100000.00000000,0:1,1,0.28150134,373,2026-07-29,False,observed_sink
100000008418934100,2,1,360000.00000000,0:2,2,0.36111111,180,2026-07-26,False,observed_sink
100000008422226100,3,1,87450.00000000,0:1,1,0.28150134,373,2026-07-03,False,observed_sink
100000008427027100,3,1,300000.00000000,0:2,2,0.36111111,180,2026-07-03,False,observed_sink
100000008432942100,3,1,44542.00000000,0:0,0,0.26631158,751,2026-07-27,False,observed_sink
100000008436257100,3,2,35000.00000000,1:0,0,0.66666667,42,2026-07-18,False,observed_sink
100000008454065100,3,1,24050.00000000,0:0,0,0.26631158,751,2026-07-01,False,observed_sink
100000008459449100,3,1,53700.00000000,0:1,1,0.28150134,373,2026-07-03,False,observed_sink
100000008461217100,4,1,18000.00000000,0:0,0,0.26631158,751,2026-07-24,False,sink_like
100000008463968100,3,1,10000.00000000,0:0,0,0.26631158,751,2026-07-30,True,observed_sink
100000008468762100,3,2,170000.00000000,1:1,1,0.59793814,97,2026-07-27,False,observed_sink
100000008469048100,4,1,265200.00000000,0:2,2,0.36111111,180,2026-07-27,False,unknown
100000008470470100,1,1,33547.00000000,0:0,0,0.26631158,751,2026-07-16,False,observed_sink
100000008471634100,4,1,20000.00000000,0:0,0,0.26631158,751,2026-07-10,False,sink_like
100000008472324100,3,1,205200.00000000,0:2,2,0.36111111,180,2026-07-20,False,observed_sink
100000008473207100,2,1,202000.00000000,0:2,2,0.36111111,180,2026-07-13,False,observed_sink
100000008473765100,3,1,30000.00000000,0:0,0,0.26631158,751,2026-07-04,False,observed_sink
100000008474391100,3,1,20000.00000000,0:0,0,0.26631158,751,2026-07-06,False,observed_sink
100000008478414100,2,1,10000.00000000,0:0,0,0.26631158,751,2026-07-24,False,observed_sink
100000008488166100,3,1,5600.00000000,0:0,0,0.26631158,751,2026-07-21,False,observed_sink
100000008489604100,3,1,11000.00000000,0:0,0,0.26631158,751,2026-07-02,False,observed_sink
100000008491390100,3,1,36000.00000000,0:0,0,0.26631158,751,2026-07-05,False,observed_sink
100000008497298100,2,1,600000.00000000,0:2,2,0.36111111,180,2026-07-29,False,observed_sink
100000008502995100,3,1,25000.00000000,0:0,0,0.26631158,751,2026-07-12,False,observed_sink
100000008503177100,3,1,33951.00000000,0:0,0,0.26631158,751,2026-07-31,True,observed_sink
100000008507703100,3,1,28500.00000000,0:0,0,0.26631158,751,2026-07-03,False,observed_sink
100000008513251100,0,0,0.00000000,2:0,0,,6,,False,observed_sink
100000008516839100,0,3,155000.00000000,2:1,1,0.89090909,55,2026-07-12,False,observed_sink
100000008517061100,4,1,1844000.00000000,0:3,"3,2",0.37765957,188,2026-07-16,False,unknown
100000008524903100,4,1,15000.00000000,0:0,0,0.26631158,751,2026-07-16,False,sink_like
100000008525136100,4,1,14100.00000000,0:0,0,0.26631158,751,2026-07-10,False,sink_like
100000008531186100,2,1,125000.00000000,0:1,1,0.28150134,373,2026-07-22,False,observed_sink
100000008532050100,3,1,455156.00000000,0:2,2,0.36111111,180,2026-07-15,False,observed_sink
100000008536546100,3,2,250000.00000000,1:2,2,0.45679012,81,2026-07-26,False,observed_sink
100000008537380100,3,1,8000.00000000,0:0,0,0.26631158,751,2026-07-21,False,observed_sink
100000008547295100,3,1,15000.00000000,0:0,0,0.26631158,751,2026-07-31,True,observed_sink
100000008548853100,3,1,14000.00000000,0:0,0,0.26631158,751,2026-07-09,False,observed_sink
100000008551752100,4,1,406000.00000000,0:2,2,0.36111111,180,2026-07-23,False,unknown
100000008554390100,4,1,14000.00000000,0:0,0,0.26631158,751,2026-07-24,False,sink_like
100000008555233100,3,1,440600.00000000,0:2,2,0.36111111,180,2026-07-31,True,observed_sink
100000008556318100,1,2,180132.00000000,1:1,1,0.59793814,97,2026-07-19,False,observed_sink
100000008557672100,2,1,49125.00000000,0:0,0,0.26631158,751,2026-07-02,False,observed_sink
100000008560263100,4,1,100000.00000000,0:1,1,0.28150134,373,2026-07-01,False,sink_like
100000008566737100,1,2,230000.00000000,1:2,2,0.45679012,81,2026-07-20,False,observed_sink
100000008568512100,3,1,199640.00000000,0:1,1,0.28150134,373,2026-07-12,False,observed_sink
100000008571243100,3,1,134000.00000000,0:1,1,0.28150134,373,2026-07-19,False,observed_sink
100000008571443100,2,2,65000.00000000,1:1,1,0.59793814,97,2026-07-22,False,observed_sink
100000008576243100,3,2,82920.00000000,1:1,1,0.59793814,97,2026-07-10,False,observed_sink
100000008576528100,3,1,28000.00000000,0:0,0,0.26631158,751,2026-07-26,False,observed_sink
100000008583971100,4,2,51000.00000000,1:1,1,0.59793814,97,2026-07-28,False,unknown
100000008586731100,1,1,12000.00000000,0:0,0,0.26631158,751,2026-07-16,False,observed_sink
100000008588665100,4,1,25000.00000000,0:0,0,0.26631158,751,2026-07-05,False,sink_like
100000008596924100,3,1,100000.00000000,0:1,1,0.28150134,373,2026-07-31,True,observed_sink
100000008598972100,3,1,120000.00000000,0:1,1,0.28150134,373,2026-07-06,False,observed_sink
100000008612257100,3,1,9500.00000000,0:0,0,0.26631158,751,2026-07-08,False,observed_sink
100000008619159100,4,1,446400.00000000,0:2,2,0.36111111,180,2026-07-02,False,unknown
100000008624978100,2,1,109000.00000000,0:1,1,0.28150134,373,2026-07-05,False,observed_sink
100000008628818100,4,1,46310.00000000,0:0,0,0.26631158,751,2026-07-28,False,sink_like
100000008629504100,4,1,20000.00000000,0:0,0,0.26631158,751,2026-07-16,False,sink_like
100000008629581100,2,1,54184.00000000,0:1,1,0.28150134,373,2026-07-27,False,observed_sink
100000008631800100,4,1,12850.00000000,0:0,0,0.26631158,751,2026-07-28,False,sink_like
100000008634520100,3,1,90000.00000000,0:1,1,0.28150134,373,2026-07-16,False,observed_sink
100000008638859100,4,1,34000.00000000,0:0,0,0.26631158,751,2026-07-02,False,sink_like
100000008648783100,4,1,5200.00000000,0:0,0,0.26631158,751,2026-07-28,False,sink_like
100000008649416100,4,1,5000.00000000,0:0,0,0.26631158,751,2026-07-08,False,sink_like
100000008652094100,3,1,35000.00000000,0:0,0,0.26631158,751,2026-07-16,False,observed_sink
100000008653041100,3,1,28000.00000000,0:0,0,0.26631158,751,2026-07-22,False,observed_sink
100000008655035100,2,1,30000.00000000,0:0,0,0.26631158,751,2026-07-05,False,observed_sink
100000008656043100,2,1,26200.00000000,0:0,0,0.26631158,751,2026-07-28,False,observed_sink
100000008659950100,3,1,246000.00000000,0:2,2,0.36111111,180,2026-07-13,False,observed_sink
100000008661550100,3,1,22800.00000000,0:0,0,0.26631158,751,2026-07-01,False,observed_sink
100000008661585100,1,1,43141.00000000,0:0,0,0.26631158,751,2026-07-01,False,observed_sink
100000008662216100,3,1,26200.00000000,0:0,0,0.26631158,751,2026-07-01,False,observed_sink
100000008662805100,3,1,16500.00000000,0:0,0,0.26631158,751,2026-07-01,False,observed_sink
100000008663007100,1,1,14000.00000000,0:0,0,0.26631158,751,2026-07-01,False,observed_sink
100000008663723100,3,1,15600.00000000,0:0,0,0.26631158,751,2026-07-01,False,observed_sink
100000008664469100,1,1,25000.00000000,0:0,0,0.26631158,751,2026-07-23,False,observed_sink
100000008664774100,3,1,16300.00000000,0:0,0,0.26631158,751,2026-07-02,False,observed_sink
100000008666075100,1,1,26217.00000000,0:0,0,0.26631158,751,2026-07-02,False,observed_sink
100000008667058100,1,1,17534.00000000,0:0,0,0.26631158,751,2026-07-03,False,observed_sink
100000008667795100,3,1,34000.00000000,0:0,0,0.26631158,751,2026-07-02,False,observed_sink
100000008667799100,3,1,34000.00000000,0:0,0,0.26631158,751,2026-07-02,False,observed_sink
100000008668099100,3,1,15700.00000000,0:0,0,0.26631158,751,2026-07-02,False,observed_sink
100000008669037100,0,0,0.00000000,2:0,0,,6,,False,observed_sink
100000008669310100,3,1,59567.00000000,0:1,1,0.28150134,373,2026-07-27,False,observed_sink
100000008670667100,1,1,15534.00000000,0:0,0,0.26631158,751,2026-07-03,False,observed_sink
100000008671026100,1,1,23534.00000000,0:0,0,0.26631158,751,2026-07-03,False,observed_sink
100000008671081100,3,1,37200.00000000,0:0,0,0.26631158,751,2026-07-03,False,observed_sink
100000008671129100,3,1,26200.00000000,0:0,0,0.26631158,751,2026-07-03,False,observed_sink
100000008671929100,1,1,75000.00000000,0:1,1,0.28150134,373,2026-07-21,False,observed_sink
100000008672162100,1,1,15550.00000000,0:0,0,0.26631158,751,2026-07-03,False,observed_sink
100000008672200100,1,1,8511.00000000,0:0,0,0.26631158,751,2026-07-03,False,observed_sink
100000008672480100,2,1,13000.00000000,0:0,0,0.26631158,751,2026-07-03,False,observed_sink
100000008672493100,3,1,14000.00000000,0:0,0,0.26631158,751,2026-07-03,False,observed_sink
100000008672603100,2,1,21200.00000000,0:0,0,0.26631158,751,2026-07-03,False,observed_sink
100000008672762100,2,1,13000.00000000,0:0,0,0.26631158,751,2026-07-03,False,observed_sink
100000008673001100,0,1,80000.00000000,0:1,1,0.28150134,373,2026-07-20,False,observed_sink
100000008675322100,4,1,340000.00000000,0:2,2,0.36111111,180,2026-07-15,False,unknown
100000008676812100,3,1,230800.00000000,0:2,2,0.36111111,180,2026-07-09,False,observed_sink
100000008677215100,3,1,9000.00000000,0:0,0,0.26631158,751,2026-07-05,False,observed_sink
100000008677368100,4,1,13500.00000000,0:0,0,0.26631158,751,2026-07-14,False,sink_like
100000008677518100,3,1,48700.00000000,0:0,0,0.26631158,751,2026-07-05,False,observed_sink
100000008679986100,1,1,19000.00000000,0:0,0,0.26631158,751,2026-07-06,False,observed_sink
100000008680061100,4,1,41300.00000000,0:0,0,0.26631158,751,2026-07-09,False,sink_like
100000008680451100,1,1,23534.00000000,0:0,0,0.26631158,751,2026-07-06,False,observed_sink
100000008682426100,3,1,20000.00000000,0:0,0,0.26631158,751,2026-07-18,False,observed_sink
100000008683818100,2,1,17400.00000000,0:0,0,0.26631158,751,2026-07-07,False,observed_sink
100000008684452100,3,1,51800.00000000,0:1,1,0.28150134,373,2026-07-08,False,observed_sink
100000008684767100,3,1,31100.00000000,0:0,0,0.26631158,751,2026-07-07,False,observed_sink
100000008684951100,3,1,17200.00000000,0:0,0,0.26631158,751,2026-07-07,False,observed_sink
100000008686214100,3,1,25000.00000000,0:0,0,0.26631158,751,2026-07-22,False,observed_sink
100000008686234100,1,1,39778.00000000,0:0,0,0.26631158,751,2026-07-08,False,observed_sink
100000008686494100,3,1,15700.00000000,0:0,0,0.26631158,751,2026-07-08,False,observed_sink
100000008687492100,2,1,15000.00000000,0:0,0,0.26631158,751,2026-07-08,False,observed_sink
100000008687617100,3,1,43350.00000000,0:0,0,0.26631158,751,2026-07-15,False,observed_sink
100000008687671100,1,1,37500.00000000,0:0,0,0.26631158,751,2026-07-09,False,observed_sink
100000008687733100,3,1,14650.00000000,0:0,0,0.26631158,751,2026-07-08,False,observed_sink
100000008687990100,3,1,17600.00000000,0:0,0,0.26631158,751,2026-07-08,False,observed_sink
100000008688109100,3,1,12800.00000000,0:0,0,0.26631158,751,2026-07-08,False,observed_sink
100000008688155100,3,1,23600.00000000,0:0,0,0.26631158,751,2026-07-08,False,observed_sink
100000008688476100,2,1,24000.00000000,0:0,0,0.26631158,751,2026-07-08,False,observed_sink
100000008688881100,2,1,44211.00000000,0:0,0,0.26631158,751,2026-07-08,False,observed_sink
100000008690762100,3,1,26750.00000000,0:0,0,0.26631158,751,2026-07-09,False,observed_sink
100000008690932100,1,1,23000.00000000,0:0,0,0.26631158,751,2026-07-09,False,observed_sink
100000008691027100,1,1,17534.00000000,0:0,0,0.26631158,751,2026-07-09,False,observed_sink
100000008691168100,2,1,24000.00000000,0:0,0,0.26631158,751,2026-07-09,False,observed_sink
100000008691330100,1,1,21440.00000000,0:0,0,0.26631158,751,2026-07-09,False,observed_sink
100000008691495100,1,1,27000.00000000,0:0,0,0.26631158,751,2026-07-09,False,observed_sink
100000008693069100,1,1,20000.00000000,0:0,0,0.26631158,751,2026-07-09,False,observed_sink
100000008695133100,3,1,36610.00000000,0:0,0,0.26631158,751,2026-07-10,False,observed_sink
100000008695157100,4,1,425546.00000000,0:2,2,0.36111111,180,2026-07-30,True,unknown
100000008695495100,1,1,21000.00000000,0:0,0,0.26631158,751,2026-07-10,False,observed_sink
100000008695566100,3,1,33700.00000000,0:0,0,0.26631158,751,2026-07-10,False,observed_sink
100000008695689100,3,1,26200.00000000,0:0,0,0.26631158,751,2026-07-10,False,observed_sink
100000008696692100,2,1,19000.00000000,0:0,0,0.26631158,751,2026-07-10,False,observed_sink
100000008696919100,1,1,31945.00000000,0:0,0,0.26631158,751,2026-07-10,False,observed_sink
100000008697670100,3,1,25350.00000000,0:0,0,0.26631158,751,2026-07-10,False,observed_sink
100000008699083100,4,1,238500.00000000,0:2,2,0.36111111,180,2026-07-30,True,unknown
100000008701222100,0,0,0.00000000,2:0,0,,6,,False,observed_sink
100000008701256100,2,1,58250.00000000,0:1,1,0.28150134,373,2026-07-24,False,observed_sink
100000008701944100,1,1,52124.00000000,0:1,1,0.28150134,373,2026-07-12,False,observed_sink
100000008703533100,4,1,75000.00000000,0:1,1,0.28150134,373,2026-07-16,False,sink_like
100000008706846100,3,1,14200.00000000,0:0,0,0.26631158,751,2026-07-13,False,observed_sink
100000008706947100,3,1,17200.00000000,0:0,0,0.26631158,751,2026-07-13,False,observed_sink
100000008707810100,3,1,26200.00000000,0:0,0,0.26631158,751,2026-07-13,False,observed_sink
100000008708025100,3,1,10000.00000000,0:0,0,0.26631158,751,2026-07-25,False,observed_sink
100000008708061100,3,1,8650.00000000,0:0,0,0.26631158,751,2026-07-13,False,observed_sink
100000008708207100,3,2,465000.00000000,1:2,2,0.45679012,81,2026-07-31,True,observed_sink
100000008708368100,1,1,23677.00000000,0:0,0,0.26631158,751,2026-07-13,False,observed_sink
100000008708595100,3,1,17200.00000000,0:0,0,0.26631158,751,2026-07-13,False,observed_sink
100000008708743100,3,1,15550.00000000,0:0,0,0.26631158,751,2026-07-13,False,observed_sink
100000008710913100,4,1,14000.00000000,0:0,0,0.26631158,751,2026-07-16,False,sink_like
100000008712036100,3,1,21000.00000000,0:0,0,0.26631158,751,2026-07-14,False,observed_sink
100000008712184100,3,1,18000.00000000,0:0,0,0.26631158,751,2026-07-14,False,observed_sink
100000008712827100,3,1,76000.00000000,0:1,1,0.28150134,373,2026-07-14,False,observed_sink
100000008712991100,3,1,66100.00000000,0:1,1,0.28150134,373,2026-07-14,False,observed_sink
100000008713685100,3,1,49700.00000000,0:0,0,0.26631158,751,2026-07-14,False,observed_sink
100000008714412100,3,1,169000.00000000,0:1,1,0.28150134,373,2026-07-16,False,observed_sink
100000008715513100,4,1,32500.00000000,0:0,0,0.26631158,751,2026-07-31,True,unknown
100000008715887100,3,1,18000.00000000,0:0,0,0.26631158,751,2026-07-15,False,observed_sink
100000008716072100,3,1,12100.00000000,0:0,0,0.26631158,751,2026-07-15,False,observed_sink
100000008716222100,1,1,18000.00000000,0:0,0,0.26631158,751,2026-07-15,False,observed_sink
100000008716439100,1,1,12267.00000000,0:0,0,0.26631158,751,2026-07-15,False,observed_sink
100000008716773100,1,1,15677.00000000,0:0,0,0.26631158,751,2026-07-15,False,observed_sink
100000008717340100,1,1,41500.00000000,0:0,0,0.26631158,751,2026-07-15,False,observed_sink
100000008717341100,1,1,14627.00000000,0:0,0,0.26631158,751,2026-07-15,False,observed_sink
100000008717375100,2,1,29506.00000000,0:0,0,0.26631158,751,2026-07-24,False,observed_sink
100000008717802100,3,1,26150.00000000,0:0,0,0.26631158,751,2026-07-15,False,observed_sink
100000008718089100,1,1,15534.00000000,0:0,0,0.26631158,751,2026-07-15,False,observed_sink
100000008718811100,3,1,73300.00000000,0:1,1,0.28150134,373,2026-07-15,False,observed_sink
100000008720668100,3,1,16000.00000000,0:0,0,0.26631158,751,2026-07-16,False,observed_sink
100000008720798100,1,1,15534.00000000,0:0,0,0.26631158,751,2026-07-20,False,observed_sink
100000008722328100,1,1,23677.00000000,0:0,0,0.26631158,751,2026-07-16,False,observed_sink
100000008722541100,4,1,280000.00000000,0:2,2,0.36111111,180,2026-07-31,True,unknown
100000008724279100,1,1,11750.00000000,0:0,0,0.26631158,751,2026-07-20,False,observed_sink
100000008727982100,4,1,30000.00000000,0:0,0,0.26631158,751,2026-07-31,True,unknown
100000008728457100,1,1,45000.00000000,0:0,0,0.26631158,751,2026-07-20,False,observed_sink
100000008729597100,3,1,83090.00000000,0:1,1,0.28150134,373,2026-07-18,False,observed_sink
100000008729801100,1,1,17534.00000000,0:0,0,0.26631158,751,2026-07-18,False,observed_sink
100000008730021100,1,1,75555.00000000,0:1,1,0.28150134,373,2026-07-23,False,observed_sink
100000008730238100,4,1,113000.00000000,0:1,1,0.28150134,373,2026-07-18,False,sink_like
100000008730371100,3,2,520000.00000000,1:2,2,0.45679012,81,2026-07-31,True,observed_sink
100000008732098100,1,1,15677.00000000,0:0,0,0.26631158,751,2026-07-18,False,observed_sink
100000008733049100,2,1,10000.00000000,0:0,0,0.26631158,751,2026-07-23,False,observed_sink
100000008734279100,4,1,31650.00000000,0:0,0,0.26631158,751,2026-07-23,False,sink_like
100000008734364100,2,1,26200.00000000,0:0,0,0.26631158,751,2026-07-20,False,observed_sink
100000008735384100,1,1,39220.00000000,0:0,0,0.26631158,751,2026-07-22,False,observed_sink
100000008735802100,4,1,85000.00000000,0:1,1,0.28150134,373,2026-07-29,False,sink_like
100000008735832100,3,1,17600.00000000,0:0,0,0.26631158,751,2026-07-20,False,observed_sink
100000008736173100,1,1,31060.00000000,0:0,0,0.26631158,751,2026-07-20,False,observed_sink
100000008736394100,2,1,16000.00000000,0:0,0,0.26631158,751,2026-07-20,False,observed_sink
100000008736760100,1,1,54757.00000000,0:1,1,0.28150134,373,2026-07-20,False,observed_sink
100000008737422100,1,1,76903.00000000,0:1,1,0.28150134,373,2026-07-20,False,observed_sink
100000008737514100,2,1,85000.00000000,0:1,1,0.28150134,373,2026-07-26,False,observed_sink
100000008737958100,1,2,53373.00000000,1:1,1,0.59793814,97,2026-07-28,False,observed_sink
100000008738658100,3,1,29920.00000000,0:0,0,0.26631158,751,2026-07-21,False,observed_sink
100000008740295100,4,1,300000.00000000,0:2,2,0.36111111,180,2026-07-26,False,unknown
100000008740793100,3,1,21000.00000000,0:0,0,0.26631158,751,2026-07-21,False,observed_sink
100000008741372100,1,1,35975.00000000,0:0,0,0.26631158,751,2026-07-21,False,observed_sink
100000008742266100,2,1,21000.00000000,0:0,0,0.26631158,751,2026-07-21,False,observed_sink
100000008744364100,3,1,23700.00000000,0:0,0,0.26631158,751,2026-07-22,False,observed_sink
100000008744799100,3,1,12600.00000000,0:0,0,0.26631158,751,2026-07-22,False,observed_sink
100000008744849100,1,1,44445.00000000,0:0,0,0.26631158,751,2026-07-22,False,observed_sink
100000008745474100,1,1,40559.00000000,0:0,0,0.26631158,751,2026-07-22,False,observed_sink
100000008745489100,1,1,55539.00000000,0:1,1,0.28150134,373,2026-07-22,False,observed_sink
100000008745643100,1,1,20313.00000000,0:0,0,0.26631158,751,2026-07-22,False,observed_sink
100000008745676100,4,1,34547.00000000,0:0,0,0.26631158,751,2026-07-22,False,sink_like
100000008745725100,1,1,47060.00000000,0:0,0,0.26631158,751,2026-07-22,False,observed_sink
100000008745863100,3,1,22900.00000000,0:0,0,0.26631158,751,2026-07-22,False,observed_sink
100000008745884100,3,1,20000.00000000,0:0,0,0.26631158,751,2026-07-22,False,observed_sink
100000008746025100,1,1,22000.00000000,0:0,0,0.26631158,751,2026-07-22,False,observed_sink
100000008746673100,1,1,53048.00000000,0:1,1,0.28150134,373,2026-07-22,False,observed_sink
100000008747113100,1,2,197801.00000000,1:1,1,0.59793814,97,2026-07-26,False,observed_sink
100000008748795100,3,1,47057.00000000,0:0,0,0.26631158,751,2026-07-23,False,observed_sink
100000008749063100,1,1,19000.00000000,0:0,0,0.26631158,751,2026-07-23,False,observed_sink
100000008749405100,3,1,37150.00000000,0:0,0,0.26631158,751,2026-07-23,False,observed_sink
100000008749406100,1,1,17144.00000000,0:0,0,0.26631158,751,2026-07-23,False,observed_sink
100000008749618100,1,1,47280.00000000,0:0,0,0.26631158,751,2026-07-23,False,observed_sink
100000008749900100,3,1,17150.00000000,0:0,0,0.26631158,751,2026-07-23,False,observed_sink
100000008749989100,2,1,16000.00000000,0:0,0,0.26631158,751,2026-07-23,False,observed_sink
100000008750464100,3,1,8500.00000000,0:0,0,0.26631158,751,2026-07-23,False,observed_sink
100000008751349100,3,1,11630.00000000,0:0,0,0.26631158,751,2026-07-23,False,observed_sink
100000008751380100,3,2,345780.00000000,1:2,2,0.45679012,81,2026-07-31,True,observed_sink
100000008753061100,3,1,28400.00000000,0:0,0,0.26631158,751,2026-07-28,False,observed_sink
100000008753193100,1,1,35225.00000000,0:0,0,0.26631158,751,2026-07-24,False,observed_sink
100000008753897100,3,1,24050.00000000,0:0,0,0.26631158,751,2026-07-24,False,observed_sink
100000008754608100,3,1,12300.00000000,0:0,0,0.26631158,751,2026-07-30,True,observed_sink
100000008754747100,3,1,45500.00000000,0:0,0,0.26631158,751,2026-07-24,False,observed_sink
100000008754997100,3,1,18000.00000000,0:0,0,0.26631158,751,2026-07-24,False,observed_sink
100000008755168100,3,1,17600.00000000,0:0,0,0.26631158,751,2026-07-24,False,observed_sink
100000008755361100,1,1,14627.00000000,0:0,0,0.26631158,751,2026-07-24,False,observed_sink
100000008755580100,3,1,16000.00000000,0:0,0,0.26631158,751,2026-07-24,False,observed_sink
100000008755754100,3,1,7000.00000000,0:0,0,0.26631158,751,2026-07-29,False,observed_sink
100000008757301100,4,1,58398.00000000,0:1,1,0.28150134,373,2026-07-27,False,sink_like
100000008758106100,4,1,10000.00000000,0:0,0,0.26631158,751,2026-07-25,False,sink_like
100000008758607100,4,1,5000.00000000,0:0,0,0.26631158,751,2026-07-28,False,sink_like
100000008759795100,4,1,17000.00000000,0:0,0,0.26631158,751,2026-07-26,False,sink_like
100000008761132100,4,1,10000.00000000,0:0,0,0.26631158,751,2026-07-26,False,sink_like
100000008761220100,4,1,10000.00000000,0:0,0,0.26631158,751,2026-07-26,False,sink_like
100000008762005100,4,1,5000.00000000,0:0,0,0.26631158,751,2026-07-27,False,sink_like
100000008762728100,2,1,17026.00000000,0:0,0,0.26631158,751,2026-07-29,False,observed_sink
100000008762843100,4,1,7000.00000000,0:0,0,0.26631158,751,2026-07-27,False,sink_like
100000008762885100,4,1,7000.00000000,0:0,0,0.26631158,751,2026-07-27,False,sink_like
100000008763688100,3,1,21000.00000000,0:0,0,0.26631158,751,2026-07-27,False,observed_sink
100000008764436100,2,1,13100.00000000,0:0,0,0.26631158,751,2026-07-27,False,observed_sink
100000008764654100,3,1,26150.00000000,0:0,0,0.26631158,751,2026-07-27,False,observed_sink
100000008765494100,2,1,24000.00000000,0:0,0,0.26631158,751,2026-07-27,False,observed_sink
100000008765627100,2,1,60000.00000000,0:1,1,0.28150134,373,2026-07-28,False,observed_sink
100000008766031100,4,1,5000.00000000,0:0,0,0.26631158,751,2026-07-29,False,sink_like
100000008766764100,4,1,5000.00000000,0:0,0,0.26631158,751,2026-07-28,False,sink_like
100000008767027100,3,1,5000.00000000,0:0,0,0.26631158,751,2026-07-29,False,observed_sink
100000008767065100,3,1,10000.00000000,0:0,0,0.26631158,751,2026-07-29,False,observed_sink
100000008767925100,1,1,17144.00000000,0:0,0,0.26631158,751,2026-07-28,False,observed_sink
100000008767950100,3,1,17350.00000000,0:0,0,0.26631158,751,2026-07-28,False,observed_sink
100000008768896100,1,1,47060.00000000,0:0,0,0.26631158,751,2026-07-28,False,observed_sink
100000008769097100,3,1,31100.00000000,0:0,0,0.26631158,751,2026-07-28,False,observed_sink
100000008769636100,1,1,23118.00000000,0:0,0,0.26631158,751,2026-07-28,False,observed_sink
100000008770483100,4,1,5000.00000000,0:0,0,0.26631158,751,2026-07-29,False,sink_like
100000008771627100,2,1,16500.00000000,0:0,0,0.26631158,751,2026-07-29,False,observed_sink
100000008771814100,2,1,23700.00000000,0:0,0,0.26631158,751,2026-07-29,False,observed_sink
100000008771819100,1,1,38900.00000000,0:0,0,0.26631158,751,2026-07-29,False,observed_sink
100000008772058100,2,1,50000.00000000,0:1,1,0.28150134,373,2026-07-29,False,observed_sink
100000008772246100,3,1,44500.00000000,0:0,0,0.26631158,751,2026-07-29,False,observed_sink
100000008773876100,1,1,26120.00000000,0:0,0,0.26631158,751,2026-07-29,False,observed_sink
100000008775471100,3,1,580000.00000000,0:2,2,0.36111111,180,2026-07-30,True,observed_sink
100000008775747100,4,1,5000.00000000,0:0,0,0.26631158,751,2026-07-31,True,unknown
100000008776298100,1,1,42800.00000000,0:0,0,0.26631158,751,2026-07-30,True,observed_sink
100000008776310100,3,1,19200.00000000,0:0,0,0.26631158,751,2026-07-30,True,observed_sink
100000008776420100,3,1,69500.00000000,0:1,1,0.28150134,373,2026-07-30,True,observed_sink
100000008776576100,1,1,14765.00000000,0:0,0,0.26631158,751,2026-07-30,True,observed_sink
100000008776720100,3,1,26150.00000000,0:0,0,0.26631158,751,2026-07-30,True,observed_sink
100000008777088100,1,1,18000.00000000,0:0,0,0.26631158,751,2026-07-30,True,observed_sink
100000008778010100,4,1,76950.00000000,0:1,1,0.28150134,373,2026-07-30,True,unknown
100000008778753100,4,1,10000.00000000,0:0,0,0.26631158,751,2026-07-30,True,unknown
100000008779584100,1,1,31400.00000000,0:0,0,0.26631158,751,2026-07-30,True,observed_sink
100000008782056100,1,1,29082.00000000,0:0,0,0.26631158,751,2026-07-31,True,observed_sink
100000008782421100,1,1,49680.00000000,0:0,0,0.26631158,751,2026-07-31,True,observed_sink
100000008782800100,1,1,43381.00000000,0:0,0,0.26631158,751,2026-07-31,True,observed_sink
