cycle_id,length,cycle_type,path,min_edge_kzt,total_kzt,has_seed,time_consistent
C00001,2,reciprocal,100000000011452100→100000005140601100→100000000011452100,15000.00000000,31685.00000000,False,True
C00002,2,reciprocal,100000000031787100→100000000267734100→100000000031787100,60000.00000000,150000.00000000,False,True
C00003,2,reciprocal,100000000076451100→100000004629688100→100000000076451100,5000.00000000,20000.00000000,False,True
C00004,2,reciprocal,100000000076451100→100000007131370100→100000000076451100,30000.00000000,60000.00000000,False,True
C00005,2,reciprocal,100000000089154100→100000006866783100→100000000089154100,10000.00000000,32000.00000000,True,True
C00006,2,reciprocal,100000000201868100→100000006069103100→100000000201868100,190000.00000000,380000.00000000,False,True
C00007,2,reciprocal,100000000274067100→100000002958343100→100000000274067100,300000.00000000,3200000.00000000,False,True
C00008,2,reciprocal,100000000291906100→100000004670388100→100000000291906100,160354.00000000,540354.00000000,False,True
C00009,2,reciprocal,100000000297649100→100000001899164100→100000000297649100,40000.00000000,110600.00000000,False,True
C00010,2,reciprocal,100000000437046100→100000007639767100→100000000437046100,27868.00000000,77868.00000000,False,True
C00011,2,reciprocal,100000000437046100→100000008293431100→100000000437046100,15000.00000000,230000.00000000,False,True
C00012,2,reciprocal,100000000437046100→100000008686313100→100000000437046100,29200.00000000,1134183.00000000,False,True
C00013,2,reciprocal,100000000580561100→100000003888271100→100000000580561100,12177.00000000,30857.00000000,True,True
C00014,2,reciprocal,100000000580561100→100000007939160100→100000000580561100,9300.00000000,804300.00000000,True,True
C00015,2,reciprocal,100000000594783100→100000002224132100→100000000594783100,60000.00000000,2695000.00000000,False,True
C00016,2,reciprocal,100000000607941100→100000003406094100→100000000607941100,20000.00000000,90000.00000000,False,True
C00017,2,reciprocal,100000000661912100→100000003131016100→100000000661912100,126000.00000000,531700.00000000,False,True
C00018,2,reciprocal,100000000667713100→100000008636603100→100000000667713100,12750.00000000,25500.00000000,False,True
C00019,2,reciprocal,100000000673868100→100000008258083100→100000000673868100,149500.00000000,2180150.00000000,False,True
C00020,2,reciprocal,100000000706545100→100000006901046100→100000000706545100,5500.00000000,81300.00000000,False,True
C00021,2,reciprocal,100000000791285100→100000008461532100→100000000791285100,560000.00000000,1680000.00000000,False,True
C00022,2,reciprocal,100000000831684100→100000004692798100→100000000831684100,15000.00000000,65000.00000000,False,True
C00023,2,reciprocal,100000000838385100→100000008213966100→100000000838385100,145000.00000000,581900.00000000,False,True
C00024,2,reciprocal,100000000850297100→100000006707582100→100000000850297100,17520.00000000,35040.00000000,False,True
C00025,2,reciprocal,100000000926766100→100000001526235100→100000000926766100,6000.00000000,24750.00000000,False,True
C00026,2,reciprocal,100000000933075100→100000002193259100→100000000933075100,40000.00000000,80000.00000000,False,True
C00027,2,reciprocal,100000001049200100→100000003016635100→100000001049200100,5000.00000000,11014.00000000,True,True
C00028,2,reciprocal,100000001138283100→100000008603629100→100000001138283100,40000.00000000,121805.00000000,False,True
C00029,2,reciprocal,100000001166289100→100000002733905100→100000001166289100,25000.00000000,507839.00000000,False,True
C00030,2,reciprocal,100000001232297100→100000005074393100→100000001232297100,5000.00000000,35000.00000000,False,True
C00031,2,reciprocal,100000001380054100→100000005077484100→100000001380054100,7050.00000000,157050.00000000,False,True
C00032,2,reciprocal,100000001380054100→100000006232815100→100000001380054100,120000.00000000,280000.00000000,True,True
C00033,2,reciprocal,100000001382002100→100000005584222100→100000001382002100,55000.00000000,111500.00000000,False,True
C00034,2,reciprocal,100000001439416100→100000002741024100→100000001439416100,10000.00000000,20000.00000000,False,True
C00035,2,reciprocal,100000001445848100→100000002217161100→100000001445848100,351850.00000000,897850.00000000,False,True
C00036,2,reciprocal,100000001526235100→100000001788284100→100000001526235100,8000.00000000,64000.00000000,False,True
C00037,2,reciprocal,100000001526235100→100000005505655100→100000001526235100,20000.00000000,40000.00000000,False,True
C00038,2,reciprocal,100000001600934100→100000005140601100→100000001600934100,11000.00000000,191300.00000000,False,True
C00039,2,reciprocal,100000001609499100→100000006866783100→100000001609499100,11000.00000000,104937.00000000,True,True
C00040,2,reciprocal,100000001616816100→100000001937767100→100000001616816100,53000.00000000,106000.00000000,True,True
C00041,2,reciprocal,100000001616816100→100000004015047100→100000001616816100,69195.00000000,179695.00000000,True,True
C00042,2,reciprocal,100000001660397100→100000006866783100→100000001660397100,19300.00000000,43300.00000000,True,True
C00043,2,reciprocal,100000001677929100→100000001740277100→100000001677929100,5000.00000000,13700.00000000,False,True
C00044,2,reciprocal,100000001677929100→100000002394199100→100000001677929100,76777.00000000,354175.00000000,False,True
C00045,2,reciprocal,100000001697501100→100000002527114100→100000001697501100,25000.00000000,115000.00000000,True,True
C00046,2,reciprocal,100000001697501100→100000002578405100→100000001697501100,73700.00000000,193700.00000000,False,True
C00047,2,reciprocal,100000001697501100→100000006612238100→100000001697501100,25000.00000000,185000.00000000,False,True
C00048,2,reciprocal,100000001732159100→100000008314203100→100000001732159100,95000.00000000,417076.00000000,True,True
C00049,2,reciprocal,100000001732159100→100000008637537100→100000001732159100,381890.00000000,2664990.00000000,True,True
C00050,2,reciprocal,100000001808684100→100000003509750100→100000001808684100,37700.00000000,86100.00000000,False,True
C00051,2,reciprocal,100000001857829100→100000003880331100→100000001857829100,100000.00000000,400000.00000000,False,True
C00052,2,reciprocal,100000001857829100→100000008603629100→100000001857829100,26000.00000000,434000.00000000,False,True
C00053,2,reciprocal,100000001872484100→100000008601794100→100000001872484100,475400.00000000,1346800.00000000,True,True
C00054,2,reciprocal,100000001893287100→100000004698193100→100000001893287100,18000.00000000,170700.00000000,False,True
C00055,2,reciprocal,100000001899164100→100000002193259100→100000001899164100,8000.00000000,17500.00000000,False,True
C00056,2,reciprocal,100000001965374100→100000005820746100→100000001965374100,60000.00000000,2049000.00000000,False,True
C00057,2,reciprocal,100000002132479100→100000004159526100→100000002132479100,20000.00000000,50000.00000000,False,True
C00058,2,reciprocal,100000002156381100→100000002696152100→100000002156381100,21800.00000000,72800.00000000,False,True
C00059,2,reciprocal,100000002175422100→100000002975437100→100000002175422100,8500.00000000,538500.00000000,False,True
C00060,2,reciprocal,100000002175422100→100000003004487100→100000002175422100,40000.00000000,155000.00000000,False,True
C00061,2,reciprocal,100000002175422100→100000003557488100→100000002175422100,20000.00000000,684992.00000000,False,True
C00062,2,reciprocal,100000002224132100→100000004603109100→100000002224132100,300000.00000000,2880000.00000000,False,True
C00063,2,reciprocal,100000002224132100→100000004892144100→100000002224132100,180300.00000000,4580300.00000000,False,True
C00064,2,reciprocal,100000002267998100→100000003701161100→100000002267998100,220000.00000000,1070000.00000000,False,True
C00065,2,reciprocal,100000002267998100→100000003718221100→100000002267998100,200000.00000000,430000.00000000,False,True
C00066,2,reciprocal,100000002293421100→100000004180097100→100000002293421100,22000.00000000,58000.00000000,False,True
C00067,2,reciprocal,100000002391278100→100000004221668100→100000002391278100,30000.00000000,82700.00000000,False,True
C00068,2,reciprocal,100000002527114100→100000003942602100→100000002527114100,30000.00000000,60000.00000000,True,True
C00069,2,reciprocal,100000002527114100→100000006656003100→100000002527114100,9000.00000000,29000.00000000,True,True
C00070,2,reciprocal,100000002578405100→100000005041905100→100000002578405100,5000.00000000,1085351.00000000,False,True
C00071,2,reciprocal,100000002612809100→100000005507142100→100000002612809100,15000.00000000,45000.00000000,False,True
C00072,2,reciprocal,100000002692750100→100000003636627100→100000002692750100,10000.00000000,87000.00000000,False,True
C00073,2,reciprocal,100000002723538100→100000008603629100→100000002723538100,70647.00000000,155647.00000000,False,True
C00074,2,reciprocal,100000002731501100→100000004007116100→100000002731501100,10000.00000000,211960.00000000,True,True
C00075,2,reciprocal,100000002731501100→100000004160650100→100000002731501100,40000.00000000,590370.00000000,False,True
C00076,2,reciprocal,100000002733905100→100000005342513100→100000002733905100,30000.00000000,265000.00000000,False,True
C00077,2,reciprocal,100000002738256100→100000004135268100→100000002738256100,150200.00000000,325200.00000000,False,True
C00078,2,reciprocal,100000002741024100→100000007629096100→100000002741024100,360000.00000000,1125205.00000000,False,True
C00079,2,reciprocal,100000002741024100→100000008680912100→100000002741024100,5990.85000000,51102.85000000,False,True
C00080,2,reciprocal,100000002781227100→100000002796853100→100000002781227100,46167.62000000,245167.62000000,False,True
C00081,2,reciprocal,100000002812641100→100000002838861100→100000002812641100,7023.95000000,17023.95000000,False,True
C00082,2,reciprocal,100000002870463100→100000005142492100→100000002870463100,10000.00000000,67000.00000000,False,True
C00083,2,reciprocal,100000002941114100→100000005168487100→100000002941114100,15000.00000000,118510.00000000,False,True
C00084,2,reciprocal,100000002957787100→100000005268319100→100000002957787100,19712.80000000,43712.80000000,False,True
C00085,2,reciprocal,100000002963189100→100000005933757100→100000002963189100,490000.00000000,1640000.00000000,False,True
C00086,2,reciprocal,100000003001661100→100000007382543100→100000003001661100,110000.00000000,220000.00000000,False,True
C00087,2,reciprocal,100000003016635100→100000004188160100→100000003016635100,18000.00000000,97262.00000000,True,True
C00088,2,reciprocal,100000003016635100→100000004330371100→100000003016635100,18981.00000000,115652.00000000,True,True
C00089,2,reciprocal,100000003016635100→100000005287097100→100000003016635100,110723.00000000,503223.00000000,True,True
C00090,2,reciprocal,100000003016635100→100000006579678100→100000003016635100,42930.00000000,124530.00000000,True,True
C00091,2,reciprocal,100000003016635100→100000008169544100→100000003016635100,17300.00000000,154404.00000000,True,True
C00092,2,reciprocal,100000003115284100→100000003360542100→100000003115284100,30500.00000000,337500.00000000,False,True
C00093,2,reciprocal,100000003148220100→100000004971871100→100000003148220100,5650.00000000,31050.00000000,True,True
C00094,2,reciprocal,100000003213473100→100000004400305100→100000003213473100,9000.00000000,66500.00000000,False,True
C00095,2,reciprocal,100000003237045100→100000006579678100→100000003237045100,150000.00000000,490200.00000000,False,True
C00096,2,reciprocal,100000003242289100→100000008512552100→100000003242289100,49000.00000000,517791.00000000,False,True
C00097,2,reciprocal,100000003299365100→100000003684369100→100000003299365100,200000.00000000,400000.00000000,True,True
C00098,2,reciprocal,100000003509750100→100000004697956100→100000003509750100,10000.00000000,20000.00000000,False,True
C00099,2,reciprocal,100000003616818100→100000004005964100→100000003616818100,35000.00000000,75000.00000000,False,True
C00100,2,reciprocal,100000003616818100→100000004160650100→100000003616818100,28000.00000000,63100.00000000,False,True
C00101,2,reciprocal,100000003635170100→100000004209339100→100000003635170100,138500.00000000,371000.00000000,False,True
C00102,2,reciprocal,100000003635170100→100000005602999100→100000003635170100,5000.00000000,16000.00000000,False,True
C00103,2,reciprocal,100000003701161100→100000003718221100→100000003701161100,120000.00000000,240000.00000000,False,True
C00104,2,reciprocal,100000003741418100→100000006111439100→100000003741418100,5000.00000000,10720.00000000,False,True
C00105,2,reciprocal,100000003796063100→100000008111003100→100000003796063100,35000.00000000,70000.00000000,False,True
C00106,2,reciprocal,100000003809101100→100000008254069100→100000003809101100,10200.00000000,30200.00000000,False,True
C00107,2,reciprocal,100000003886323100→100000007749092100→100000003886323100,7650.00000000,78025.00000000,False,True
C00108,2,reciprocal,100000003917461100→100000004386258100→100000003917461100,10000.00000000,20000.00000000,False,True
C00109,2,reciprocal,100000003923946100→100000003977183100→100000003923946100,82000.00000000,364000.00000000,True,True
C00110,2,reciprocal,100000003946524100→100000007898453100→100000003946524100,20000.00000000,44750.00000000,False,True
C00111,2,reciprocal,100000003988112100→100000004403675100→100000003988112100,64000.00000000,156000.00000000,False,True
C00112,2,reciprocal,100000004005964100→100000004007116100→100000004005964100,10000.00000000,37000.00000000,True,True
C00113,2,reciprocal,100000004017410100→100000004336312100→100000004017410100,52650.00000000,111565.00000000,False,True
C00114,2,reciprocal,100000004017410100→100000005519998100→100000004017410100,141000.00000000,283000.00000000,False,True
C00115,2,reciprocal,100000004041163100→100000005382566100→100000004041163100,50000.00000000,216000.00000000,True,True
C00116,2,reciprocal,100000004070318100→100000004400305100→100000004070318100,19800.00000000,42800.00000000,False,True
C00117,2,reciprocal,100000004070318100→100000006866783100→100000004070318100,64725.00000000,149725.00000000,True,True
C00118,2,reciprocal,100000004071070100→100000004071080100→100000004071070100,6000.00000000,42000.00000000,False,True
C00119,2,reciprocal,100000004076740100→100000004467157100→100000004076740100,7000.00000000,27000.00000000,False,True
C00120,2,reciprocal,100000004076740100→100000005519998100→100000004076740100,20000.00000000,60000.00000000,False,True
C00121,2,reciprocal,100000004135268100→100000008571433100→100000004135268100,150000.00000000,1214000.00000000,True,True
C00122,2,reciprocal,100000004156082100→100000005287097100→100000004156082100,16450.00000000,66950.00000000,False,True
C00123,2,reciprocal,100000004180097100→100000004765639100→100000004180097100,5000.00000000,11000.00000000,False,True
C00124,2,reciprocal,100000004221668100→100000005171642100→100000004221668100,683600.00000000,1374200.00000000,False,True
C00125,2,reciprocal,100000004299488100→100000007055802100→100000004299488100,204999.00000000,809999.00000000,False,True
C00126,2,reciprocal,100000004330371100→100000006534886100→100000004330371100,71700.00000000,239200.00000000,False,True
C00127,2,reciprocal,100000004351795100→100000008603629100→100000004351795100,22418.00000000,99418.00000000,False,True
C00128,2,reciprocal,100000004386258100→100000004386331100→100000004386258100,5000.00000000,25000.00000000,False,True
C00129,2,reciprocal,100000004390333100→100000006866783100→100000004390333100,45751.00000000,105751.00000000,True,True
C00130,2,reciprocal,100000004407753100→100000007382543100→100000004407753100,100000.00000000,350000.00000000,False,True
C00131,2,reciprocal,100000004475818100→100000005665181100→100000004475818100,13000.00000000,31498.00000000,False,True
C00132,2,reciprocal,100000004479404100→100000004717647100→100000004479404100,300000.00000000,1780000.00000000,False,True
C00133,2,reciprocal,100000004508696100→100000005911352100→100000004508696100,7000.00000000,14000.00000000,False,True
C00134,2,reciprocal,100000004544958100→100000004677680100→100000004544958100,18000.00000000,186000.00000000,False,True
C00135,2,reciprocal,100000004552204100→100000007322059100→100000004552204100,5000.00000000,27500.00000000,False,True
C00136,2,reciprocal,100000004569484100→100000005704413100→100000004569484100,41000.00000000,106705.00000000,False,True
C00137,2,reciprocal,100000004569484100→100000005933757100→100000004569484100,32607.00000000,71607.00000000,False,True
C00138,2,reciprocal,100000004715209100→100000008603331100→100000004715209100,5000.00000000,16500.00000000,False,True
C00139,2,reciprocal,100000004759121100→100000006844768100→100000004759121100,175000.00000000,457000.00000000,False,True
C00140,2,reciprocal,100000004820260100→100000005339662100→100000004820260100,135850.00000000,370050.00000000,False,True
C00141,2,reciprocal,100000004847758100→100000008603629100→100000004847758100,25612.00000000,67612.00000000,False,True
C00142,2,reciprocal,100000005037490100→100000008733194100→100000005037490100,14000.00000000,29000.00000000,False,True
C00143,2,reciprocal,100000005048668100→100000008346837100→100000005048668100,6500.00000000,13500.00000000,False,True
C00144,2,reciprocal,100000005074393100→100000005882013100→100000005074393100,10000.00000000,130000.00000000,False,True
C00145,2,reciprocal,100000005175148100→100000005339662100→100000005175148100,5000.00000000,20000.00000000,False,True
C00146,2,reciprocal,100000005264874100→100000005507142100→100000005264874100,13000.00000000,43000.00000000,False,True
C00147,2,reciprocal,100000005367445100→100000005413948100→100000005367445100,5000.00000000,10000.00000000,False,True
C00148,2,reciprocal,100000005456919100→100000008659445100→100000005456919100,5000.00000000,268950.00000000,True,True
C00149,2,reciprocal,100000005473151100→100000008545727100→100000005473151100,30000.00000000,1090000.00000000,False,True
C00150,2,reciprocal,100000005546031100→100000005547096100→100000005546031100,8000.00000000,24300.00000000,False,True
C00151,2,reciprocal,100000005660203100→100000006518161100→100000005660203100,23000.00000000,595899.00000000,False,True
C00152,2,reciprocal,100000005664922100→100000008686247100→100000005664922100,5000.00000000,27000.00000000,False,True
C00153,2,reciprocal,100000006169033100→100000008011159100→100000006169033100,49000.00000000,395000.00000000,False,True
C00154,2,reciprocal,100000006274203100→100000007594394100→100000006274203100,5000.00000000,3381312.00000000,False,True
C00155,2,reciprocal,100000006385877100→100000006443391100→100000006385877100,36602.93000000,90309.55000000,False,True
C00156,2,reciprocal,100000006443391100→100000006912294100→100000006443391100,6335.09000000,31335.09000000,False,True
C00157,2,reciprocal,100000006866783100→100000007639767100→100000006866783100,10000.00000000,33018.00000000,True,True
C00158,2,reciprocal,100000006866783100→100000008304139100→100000006866783100,23567.00000000,167567.00000000,True,True
C00159,2,reciprocal,100000006866783100→100000008686313100→100000006866783100,48100.00000000,273281.00000000,True,True
C00160,2,reciprocal,100000007390016100→100000008324800100→100000007390016100,346500.00000000,857500.00000000,False,True
C00161,2,reciprocal,100000007511163100→100000008389800100→100000007511163100,49000.00000000,98000.00000000,False,True
C00162,2,reciprocal,100000007593823100→100000008346837100→100000007593823100,5000.00000000,10800.00000000,False,True
C00163,2,reciprocal,100000007639767100→100000008603629100→100000007639767100,23722.00000000,121972.00000000,False,True
C00164,2,reciprocal,100000007689942100→100000008546855100→100000007689942100,5000.00000000,10000.00000000,False,True
C00165,2,reciprocal,100000008086440100→100000008477350100→100000008086440100,18900.00000000,218633.00000000,False,True
C00166,2,reciprocal,100000008193577100→100000008659445100→100000008193577100,56190.00000000,143190.00000000,True,True
C00167,2,reciprocal,100000008193577100→100000008736940100→100000008193577100,67300.00000000,193290.00000000,False,True
C00168,2,reciprocal,100000008314203100→100000008637537100→100000008314203100,60000.00000000,292000.00000000,True,True
C00169,2,reciprocal,100000008389800100→100000008430691100→100000008389800100,20000.00000000,40000.00000000,False,True
C00170,2,reciprocal,100000008443341100→100000008474308100→100000008443341100,10000.00000000,24000.00000000,False,True
C00171,2,reciprocal,100000008489922100→100000008547948100→100000008489922100,30000.00000000,117000.00000000,False,True
C00172,2,reciprocal,100000008546855100→100000008582730100→100000008546855100,5000.00000000,10000.00000000,False,True
C00173,2,reciprocal,100000008547844100→100000008547948100→100000008547844100,61000.00000000,161000.00000000,False,True
C00174,2,reciprocal,100000008603629100→100000008686313100→100000008603629100,55500.00000000,131193.00000000,False,True
C00175,2,reciprocal,100000008659445100→100000008736940100→100000008659445100,77300.00000000,329800.00000000,True,True
C00176,2,reciprocal,100000008736940100→100000008751429100→100000008736940100,37500.00000000,110100.00000000,False,True
C00177,2,reciprocal,100000008748914100→100000008762832100→100000008748914100,85000.00000000,235000.00000000,False,True
C00178,3,cycle,100000000437046100→100000008603629100→100000004351795100→100000000437046100,5000.00000000,569418.00000000,False,True
C00179,3,cycle,100000000437046100→100000008603629100→100000007639767100→100000000437046100,5000.00000000,78722.00000000,False,True
C00180,3,cycle,100000000437046100→100000008603629100→100000008686313100→100000000437046100,5000.00000000,109893.00000000,False,True
C00181,3,cycle,100000000552584100→100000004603109100→100000002224132100→100000000552584100,57500.00000000,2857500.00000000,False,True
C00182,3,cycle,100000000594783100→100000004603109100→100000002224132100→100000000594783100,92500.00000000,3027500.00000000,False,True
C00183,3,cycle,100000000667713100→100000008636603100→100000003016635100→100000000667713100,12750.00000000,162695.00000000,True,True
C00184,3,cycle,100000000673868100→100000007442518100→100000008258083100→100000000673868100,115000.00000000,5145650.00000000,False,True
C00185,3,cycle,100000000785800100→100000008601794100→100000001872484100→100000000785800100,19000.00000000,909400.00000000,True,True
C00186,3,cycle,100000001232297100→100000005882013100→100000005074393100→100000001232297100,5000.00000000,30000.00000000,False,True
C00187,3,cycle,100000001732159100→100000008314203100→100000008637537100→100000001732159100,232000.00000000,2837176.00000000,True,True
C00188,3,cycle,100000001732159100→100000008637537100→100000008314203100→100000001732159100,60000.00000000,536890.00000000,True,True
C00189,3,cycle,100000001857829100→100000003880331100→100000008603629100→100000001857829100,100000.00000000,1106000.00000000,False,True
C00190,3,cycle,100000001857829100→100000008603629100→100000003178549100→100000001857829100,26000.00000000,125000.00000000,False,False
C00191,3,cycle,100000002224132100→100000004603109100→100000004892144100→100000002224132100,100000.00000000,2860300.00000000,False,True
C00192,3,cycle,100000002267998100→100000003701161100→100000003718221100→100000002267998100,120000.00000000,1170000.00000000,False,True
C00193,3,cycle,100000002267998100→100000003718221100→100000003701161100→100000002267998100,120000.00000000,570000.00000000,False,True
C00194,3,cycle,100000002293421100→100000004180097100→100000004765639100→100000002293421100,5000.00000000,32000.00000000,False,True
C00195,3,cycle,100000002731501100→100000004007116100→100000004005964100→100000002731501100,10000.00000000,221960.00000000,True,False
C00196,3,cycle,100000002731501100→100000004160650100→100000004005964100→100000002731501100,10000.00000000,97900.00000000,False,True
C00197,3,cycle,100000002731501100→100000004160650100→100000004007116100→100000002731501100,10000.00000000,585744.00000000,True,True
C00198,3,cycle,100000003242289100→100000008417359100→100000008512552100→100000003242289100,20760.00000000,530361.00000000,False,True
C00199,3,cycle,100000003360542100→100000003390036100→100000005873152100→100000003360542100,10000.00000000,41300.00000000,False,False
C00200,3,cycle,100000003616818100→100000004005964100→100000004007116100→100000003616818100,15000.00000000,82000.00000000,True,True
C00201,3,cycle,100000003616818100→100000004160650100→100000004005964100→100000003616818100,35000.00000000,118000.00000000,False,True
C00202,3,cycle,100000003616818100→100000004160650100→100000004007116100→100000003616818100,15000.00000000,585844.00000000,True,True
C00203,3,cycle,100000003934614100→100000004336312100→100000004017410100→100000003934614100,10000.00000000,74150.00000000,False,True
C00204,3,cycle,100000003934614100→100000004336312100→100000005519998100→100000003934614100,7000.00000000,38500.00000000,False,True
C00205,3,cycle,100000004017410100→100000004336312100→100000005519998100→100000004017410100,20000.00000000,219915.00000000,False,True
C00206,3,cycle,100000004076740100→100000004336312100→100000005519998100→100000004076740100,20000.00000000,80000.00000000,False,True
C00207,3,cycle,100000004135268100→100000004979498100→100000008571433100→100000004135268100,200000.00000000,1964000.00000000,True,True
C00208,3,cycle,100000004221668100→100000004321983100→100000005171642100→100000004221668100,6200.00000000,700640.00000000,False,True
C00209,3,cycle,100000004569484100→100000005578559100→100000005704413100→100000004569484100,36834.67000000,153539.67000000,False,True
C00210,3,cycle,100000004820260100→100000005175148100→100000005339662100→100000004820260100,15000.00000000,323200.00000000,False,True
C00211,3,cycle,100000005456919100→100000008659445100→100000008193577100→100000005456919100,5000.00000000,308000.00000000,True,True
C00212,3,cycle,100000006866783100→100000008137435100→100000008686313100→100000006866783100,43906.00000000,143406.00000000,True,False
C00213,3,cycle,100000006866783100→100000008304139100→100000008587459100→100000006866783100,23567.00000000,168067.00000000,True,True
C00214,3,cycle,100000008193577100→100000008659445100→100000008736940100→100000008193577100,56190.00000000,375990.00000000,True,True
C00215,3,cycle,100000008193577100→100000008736940100→100000008659445100→100000008193577100,77300.00000000,290290.00000000,True,True
C00216,3,cycle,100000008193577100→100000008751429100→100000008736940100→100000008193577100,67300.00000000,216900.00000000,False,True
C00217,3,cycle,100000008465789100→100000008547948100→100000008547844100→100000008465789100,20000.00000000,150099.00000000,False,True
C00218,3,cycle,100000008659445100→100000008751429100→100000008736940100→100000008659445100,72600.00000000,421600.00000000,True,True
C00219,4,cycle,100000000089154100→100000000437046100→100000004070318100→100000006866783100→100000000089154100,10000.00000000,217000.00000000,True,True
C00220,4,cycle,100000000089154100→100000000437046100→100000007639767100→100000006866783100→100000000089154100,10000.00000000,79868.00000000,True,False
C00221,4,cycle,100000000089154100→100000000437046100→100000008686313100→100000006866783100→100000000089154100,10000.00000000,1195083.00000000,True,True
C00222,4,cycle,100000000089154100→100000008111003100→100000003796063100→100000006866783100→100000000089154100,10000.00000000,166200.00000000,True,True
C00223,4,cycle,100000000331309100→100000008686313100→100000000437046100→100000001279272100→100000000331309100,29200.00000000,782242.00000000,False,False
C00224,4,cycle,100000000331309100→100000008686313100→100000006866783100→100000004403675100→100000000331309100,47187.00000000,527764.00000000,True,False
C00225,4,cycle,100000000437046100→100000004070318100→100000002957787100→100000008632060100→100000000437046100,6000.00000000,171100.00000000,False,False
C00226,4,cycle,100000000437046100→100000004070318100→100000004400305100→100000004390333100→100000000437046100,18807.00000000,228607.00000000,False,False
C00227,4,cycle,100000000437046100→100000004070318100→100000004400305100→100000008304139100→100000000437046100,19800.00000000,185901.00000000,False,False
C00228,4,cycle,100000000437046100→100000004070318100→100000004400305100→100000008686313100→100000000437046100,19800.00000000,221417.00000000,False,False
C00229,4,cycle,100000000437046100→100000004070318100→100000006866783100→100000004351795100→100000000437046100,66404.00000000,783404.00000000,True,False
C00230,4,cycle,100000000437046100→100000004070318100→100000006866783100→100000004390333100→100000000437046100,45751.00000000,320751.00000000,True,False
C00231,4,cycle,100000000437046100→100000004070318100→100000006866783100→100000007639767100→100000000437046100,23018.00000000,248018.00000000,True,True
C00232,4,cycle,100000000437046100→100000004070318100→100000006866783100→100000008304139100→100000000437046100,23567.00000000,228567.00000000,True,False
C00233,4,cycle,100000000437046100→100000004070318100→100000006866783100→100000008686313100→100000000437046100,29200.00000000,429381.00000000,True,True
C00234,4,cycle,100000000437046100→100000004070318100→100000008346837100→100000004351795100→100000000437046100,29511.00000000,721570.00000000,False,False
C00235,4,cycle,100000000437046100→100000004070318100→100000008477350100→100000007639767100→100000000437046100,16305.00000000,181305.00000000,False,True
C00236,4,cycle,100000000437046100→100000004070318100→100000008477350100→100000008086440100→100000000437046100,25000.00000000,356233.00000000,False,False
C00237,4,cycle,100000000437046100→100000004070318100→100000008603629100→100000004351795100→100000000437046100,22418.00000000,677544.00000000,False,True
C00238,4,cycle,100000000437046100→100000004070318100→100000008603629100→100000007639767100→100000000437046100,23126.00000000,186848.00000000,False,True
C00239,4,cycle,100000000437046100→100000004070318100→100000008603629100→100000008686313100→100000000437046100,23126.00000000,218019.00000000,False,True
C00240,4,cycle,100000000437046100→100000007639767100→100000004400305100→100000004390333100→100000000437046100,10000.00000000,156675.00000000,False,False
C00241,4,cycle,100000000437046100→100000007639767100→100000004400305100→100000008304139100→100000000437046100,10000.00000000,113969.00000000,False,False
C00242,4,cycle,100000000437046100→100000007639767100→100000004400305100→100000008686313100→100000000437046100,10000.00000000,149485.00000000,False,False
C00243,4,cycle,100000000437046100→100000007639767100→100000006866783100→100000004351795100→100000000437046100,10000.00000000,646272.00000000,True,False
C00244,4,cycle,100000000437046100→100000007639767100→100000006866783100→100000004390333100→100000000437046100,10000.00000000,183619.00000000,True,False
C00245,4,cycle,100000000437046100→100000007639767100→100000006866783100→100000008304139100→100000000437046100,10000.00000000,91435.00000000,True,False
C00246,4,cycle,100000000437046100→100000007639767100→100000006866783100→100000008686313100→100000000437046100,10000.00000000,292249.00000000,True,False
C00247,4,cycle,100000000437046100→100000007639767100→100000008603629100→100000004351795100→100000000437046100,22418.00000000,690536.00000000,False,True
C00248,4,cycle,100000000437046100→100000007639767100→100000008603629100→100000008686313100→100000000437046100,27868.00000000,231011.00000000,False,True
C00249,4,cycle,100000000437046100→100000008686313100→100000006866783100→100000004351795100→100000000437046100,48100.00000000,1761487.00000000,True,False
C00250,4,cycle,100000000437046100→100000008686313100→100000006866783100→100000004390333100→100000000437046100,45751.00000000,1298834.00000000,True,False
C00251,4,cycle,100000000437046100→100000008686313100→100000006866783100→100000007639767100→100000000437046100,23018.00000000,1226101.00000000,True,False
C00252,4,cycle,100000000437046100→100000008686313100→100000006866783100→100000008304139100→100000000437046100,23567.00000000,1206650.00000000,True,False
C00253,4,cycle,100000000437046100→100000008686313100→100000008477350100→100000007639767100→100000000437046100,16305.00000000,1197088.00000000,False,False
C00254,4,cycle,100000000437046100→100000008686313100→100000008477350100→100000008086440100→100000000437046100,25800.00000000,1372016.00000000,False,False
C00255,4,cycle,100000000437046100→100000008686313100→100000008603629100→100000004351795100→100000000437046100,22418.00000000,1724901.00000000,False,True
C00256,4,cycle,100000000437046100→100000008686313100→100000008603629100→100000007639767100→100000000437046100,23722.00000000,1234205.00000000,False,False
C00257,4,cycle,100000000552584100→100000004603109100→100000004892144100→100000002224132100→100000000552584100,57500.00000000,2837800.00000000,False,False
C00258,4,cycle,100000000594783100→100000004603109100→100000004892144100→100000002224132100→100000000594783100,92500.00000000,3007800.00000000,False,True
C00259,4,cycle,100000001049200100→100000004156082100→100000004188160100→100000003016635100→100000001049200100,6014.00000000,53614.00000000,True,False
C00260,4,cycle,100000001049200100→100000004156082100→100000005287097100→100000003016635100→100000001049200100,6014.00000000,435964.00000000,True,True
C00261,4,cycle,100000001609499100→100000006866783100→100000002306369100→100000008603629100→100000001609499100,11000.00000000,160722.00000000,True,False
C00262,4,cycle,100000001609499100→100000006866783100→100000004070318100→100000004400305100→100000001609499100,11000.00000000,209045.00000000,True,False
C00263,4,cycle,100000001609499100→100000006866783100→100000004070318100→100000008603629100→100000001609499100,11000.00000000,154507.00000000,True,False
C00264,4,cycle,100000001609499100→100000006866783100→100000004351795100→100000008603629100→100000001609499100,11000.00000000,210060.00000000,True,False
C00265,4,cycle,100000001609499100→100000006866783100→100000004390333100→100000008603629100→100000001609499100,11000.00000000,172407.00000000,True,True
C00266,4,cycle,100000001609499100→100000006866783100→100000004847758100→100000008603629100→100000001609499100,11000.00000000,127431.00000000,True,False
C00267,4,cycle,100000001609499100→100000006866783100→100000007639767100→100000004400305100→100000001609499100,10000.00000000,157538.00000000,True,True
C00268,4,cycle,100000001609499100→100000006866783100→100000007639767100→100000008603629100→100000001609499100,11000.00000000,187924.00000000,True,True
C00269,4,cycle,100000001609499100→100000006866783100→100000008304139100→100000008603629100→100000001609499100,11000.00000000,249223.00000000,True,False
C00270,4,cycle,100000001609499100→100000006866783100→100000008686313100→100000008603629100→100000001609499100,11000.00000000,347337.00000000,True,True
C00271,4,cycle,100000001660397100→100000006866783100→100000002306369100→100000008603629100→100000001660397100,20900.00000000,147366.00000000,True,False
C00272,4,cycle,100000001660397100→100000006866783100→100000004070318100→100000008603629100→100000001660397100,23126.00000000,141151.00000000,True,True
C00273,4,cycle,100000001660397100→100000006866783100→100000004351795100→100000008603629100→100000001660397100,24000.00000000,196704.00000000,True,False
C00274,4,cycle,100000001660397100→100000006866783100→100000004390333100→100000008603629100→100000001660397100,24000.00000000,159051.00000000,True,True
C00275,4,cycle,100000001660397100→100000006866783100→100000004847758100→100000008603629100→100000001660397100,18775.00000000,114075.00000000,True,False
C00276,4,cycle,100000001660397100→100000006866783100→100000007639767100→100000008603629100→100000001660397100,23018.00000000,174568.00000000,True,True
C00277,4,cycle,100000001660397100→100000006866783100→100000008304139100→100000008603629100→100000001660397100,23567.00000000,235867.00000000,True,False
C00278,4,cycle,100000001660397100→100000006866783100→100000008686313100→100000008603629100→100000001660397100,24000.00000000,333981.00000000,True,True
C00279,4,cycle,100000001660397100→100000008413748100→100000004070318100→100000006866783100→100000001660397100,13000.00000000,146821.55000000,True,False
C00280,4,cycle,100000001660397100→100000008413748100→100000004070318100→100000008603629100→100000001660397100,13000.00000000,94947.55000000,False,False
C00281,4,cycle,100000001660397100→100000008413748100→100000008304139100→100000006866783100→100000001660397100,13000.00000000,202391.75000000,True,False
C00282,4,cycle,100000001660397100→100000008413748100→100000008304139100→100000008603629100→100000001660397100,13000.00000000,227391.75000000,False,False
C00283,4,cycle,100000001660397100→100000008477350100→100000003968044100→100000008603629100→100000001660397100,12000.00000000,177300.00000000,False,True
C00284,4,cycle,100000001660397100→100000008477350100→100000005910114100→100000006866783100→100000001660397100,12000.00000000,413979.00000000,True,True
C00285,4,cycle,100000001660397100→100000008477350100→100000005910114100→100000008603629100→100000001660397100,12000.00000000,414891.00000000,False,False
C00286,4,cycle,100000001660397100→100000008477350100→100000007639767100→100000006866783100→100000001660397100,10000.00000000,57605.00000000,True,True
C00287,4,cycle,100000001660397100→100000008477350100→100000007639767100→100000008603629100→100000001660397100,12000.00000000,155855.00000000,False,True
C00288,4,cycle,100000001660397100→100000008477350100→100000008086440100→100000008603629100→100000001660397100,12000.00000000,304933.00000000,False,False
C00289,4,cycle,100000001857829100→100000003880331100→100000008603629100→100000003178549100→100000001857829100,40000.00000000,797000.00000000,False,False
C00290,4,cycle,100000001857829100→100000008121806100→100000008346837100→100000005910114100→100000001857829100,5000.00000000,213044.00000000,False,True
C00291,4,cycle,100000002306369100→100000008111003100→100000003796063100→100000006866783100→100000002306369100,35000.00000000,226666.00000000,True,False
C00292,4,cycle,100000002306369100→100000008477350100→100000005910114100→100000006866783100→100000002306369100,35000.00000000,490845.00000000,True,False
C00293,4,cycle,100000002306369100→100000008477350100→100000007639767100→100000006866783100→100000002306369100,10000.00000000,134471.00000000,True,False
C00294,4,cycle,100000002306369100→100000008603629100→100000007639767100→100000006866783100→100000002306369100,10000.00000000,127788.00000000,True,False
C00295,4,cycle,100000002306369100→100000008603629100→100000008686313100→100000006866783100→100000002306369100,20900.00000000,217859.00000000,True,False
C00296,4,cycle,100000002645993100→100000008413748100→100000004070318100→100000002957787100→100000002645993100,7600.00000000,64601.55000000,False,False
C00297,4,cycle,100000002645993100→100000008413748100→100000004070318100→100000004400305100→100000002645993100,13480.00000000,98451.55000000,False,False
C00298,4,cycle,100000002723538100→100000003242289100→100000004140487100→100000004400305100→100000002723538100,15000.00000000,102510.00000000,False,True
C00299,4,cycle,100000002723538100→100000003242289100→100000004140487100→100000008603629100→100000002723538100,20000.00000000,148157.00000000,False,False
C00300,4,cycle,100000002723538100→100000003242289100→100000008304139100→100000008603629100→100000002723538100,33000.00000000,356217.00000000,False,False
C00301,4,cycle,100000002723538100→100000008603629100→100000007639767100→100000004400305100→100000002723538100,10000.00000000,133722.00000000,False,False
C00302,4,cycle,100000002731501100→100000004007116100→100000003616818100→100000004005964100→100000002731501100,10000.00000000,266960.00000000,True,True
C00303,4,cycle,100000002731501100→100000004007116100→100000003616818100→100000004160650100→100000002731501100,15000.00000000,802430.00000000,True,True
C00304,4,cycle,100000002731501100→100000004160650100→100000003616818100→100000004005964100→100000002731501100,10000.00000000,118000.00000000,False,False
C00305,4,cycle,100000002731501100→100000004160650100→100000004005964100→100000004007116100→100000002731501100,10000.00000000,124900.00000000,True,False
C00306,4,cycle,100000002731501100→100000004160650100→100000004007116100→100000004005964100→100000002731501100,10000.00000000,595744.00000000,True,False
C00307,4,cycle,100000002957787100→100000008632060100→100000004400305100→100000004070318100→100000002957787100,6000.00000000,76600.00000000,False,False
C00308,4,cycle,100000002957787100→100000008632060100→100000004400305100→100000005910114100→100000002957787100,6000.00000000,185024.00000000,False,False
C00309,4,cycle,100000002957787100→100000008632060100→100000006866783100→100000004070318100→100000002957787100,6000.00000000,98325.00000000,True,False
C00310,4,cycle,100000003016635100→100000005287097100→100000004150593100→100000008595687100→100000003016635100,10400.00000000,242518.00000000,True,True
C00311,4,cycle,100000003016635100→100000005287097100→100000004156082100→100000004188160100→100000003016635100,8600.00000000,187823.00000000,True,False
C00312,4,cycle,100000003016635100→100000008169544100→100000004156082100→100000004188160100→100000003016635100,5000.00000000,168704.00000000,True,False
C00313,4,cycle,100000003016635100→100000008169544100→100000004156082100→100000005287097100→100000003016635100,5000.00000000,551054.00000000,True,True
C00314,4,cycle,100000003115284100→100000003390036100→100000005873152100→100000003360542100→100000003115284100,10000.00000000,260500.00000000,False,True
C00315,4,cycle,100000003213473100→100000006866783100→100000004070318100→100000004400305100→100000003213473100,10000.00000000,152025.00000000,True,False
C00316,4,cycle,100000003213473100→100000006866783100→100000007639767100→100000004400305100→100000003213473100,10000.00000000,100518.00000000,True,False
C00317,4,cycle,100000003242289100→100000004140487100→100000008603629100→100000004351795100→100000003242289100,20000.00000000,115928.00000000,False,True
C00318,4,cycle,100000003242289100→100000008304139100→100000006866783100→100000004351795100→100000003242289100,49000.00000000,352974.00000000,True,False
C00319,4,cycle,100000003242289100→100000008304139100→100000008603629100→100000004351795100→100000003242289100,22418.00000000,323988.00000000,False,True
C00320,4,cycle,100000003616818100→100000004160650100→100000004005964100→100000004007116100→100000003616818100,15000.00000000,125000.00000000,True,False
C00321,4,cycle,100000003616818100→100000004160650100→100000004007116100→100000004005964100→100000003616818100,10000.00000000,615844.00000000,True,True
C00322,4,cycle,100000003796063100→100000004400305100→100000005910114100→100000008111003100→100000003796063100,9000.00000000,193184.00000000,False,True
C00323,4,cycle,100000003796063100→100000004400305100→100000007593823100→100000008111003100→100000003796063100,9000.00000000,71000.00000000,False,False
C00324,4,cycle,100000003796063100→100000008346837100→100000005910114100→100000008111003100→100000003796063100,35000.00000000,295025.00000000,False,False
C00325,4,cycle,100000003796063100→100000008346837100→100000007593823100→100000008111003100→100000003796063100,5000.00000000,169000.00000000,False,False
C00326,4,cycle,100000003796063100→100000008477350100→100000005910114100→100000008111003100→100000003796063100,35000.00000000,357983.00000000,False,False
C00327,4,cycle,100000003796063100→100000008477350100→100000007593823100→100000008111003100→100000003796063100,10000.00000000,188000.00000000,False,False
C00328,4,cycle,100000003934614100→100000004336312100→100000004017410100→100000005519998100→100000003934614100,7000.00000000,213150.00000000,False,True
C00329,4,cycle,100000003934614100→100000004336312100→100000005519998100→100000004017410100→100000003934614100,10000.00000000,182500.00000000,False,False
C00330,4,cycle,100000003968044100→100000008603629100→100000008686313100→100000008477350100→100000003968044100,25800.00000000,237493.00000000,False,True
C00331,4,cycle,100000004017410100→100000005519998100→100000004076740100→100000004336312100→100000004017410100,20000.00000000,254650.00000000,False,True
C00332,4,cycle,100000004070318100→100000004400305100→100000004390333100→100000006866783100→100000004070318100,18807.00000000,163332.00000000,True,False
C00333,4,cycle,100000004070318100→100000004400305100→100000005910114100→100000006866783100→100000004070318100,19800.00000000,419405.00000000,True,False
C00334,4,cycle,100000004070318100→100000004400305100→100000008304139100→100000006866783100→100000004070318100,19800.00000000,274626.00000000,True,True
C00335,4,cycle,100000004070318100→100000004400305100→100000008587459100→100000006866783100→100000004070318100,19800.00000000,312532.00000000,True,False
C00336,4,cycle,100000004070318100→100000004400305100→100000008686313100→100000006866783100→100000004070318100,19800.00000000,215042.00000000,True,False
C00337,4,cycle,100000004070318100→100000006866783100→100000007639767100→100000004400305100→100000004070318100,10000.00000000,141018.00000000,True,True
C00338,4,cycle,100000004070318100→100000008346837100→100000005910114100→100000006866783100→100000004070318100,60059.00000000,458505.00000000,True,True
C00339,4,cycle,100000004070318100→100000008477350100→100000005910114100→100000006866783100→100000004070318100,25000.00000000,472404.00000000,True,True
C00340,4,cycle,100000004070318100→100000008477350100→100000007639767100→100000004400305100→100000004070318100,10000.00000000,74305.00000000,False,True
C00341,4,cycle,100000004070318100→100000008477350100→100000007639767100→100000006866783100→100000004070318100,10000.00000000,116030.00000000,True,True
C00342,4,cycle,100000004070318100→100000008603629100→100000007639767100→100000004400305100→100000004070318100,10000.00000000,79848.00000000,False,True
C00343,4,cycle,100000004070318100→100000008603629100→100000007639767100→100000006866783100→100000004070318100,10000.00000000,121573.00000000,True,True
C00344,4,cycle,100000004070318100→100000008603629100→100000008686313100→100000006866783100→100000004070318100,23126.00000000,211644.00000000,True,False
C00345,4,cycle,100000004351795100→100000008603629100→100000007639767100→100000006866783100→100000004351795100,10000.00000000,177126.00000000,True,False
C00346,4,cycle,100000004351795100→100000008603629100→100000008686313100→100000006866783100→100000004351795100,48100.00000000,267197.00000000,True,False
C00347,4,cycle,100000004390333100→100000006866783100→100000007639767100→100000004400305100→100000004390333100,10000.00000000,111825.00000000,True,False
C00348,4,cycle,100000004390333100→100000008477350100→100000005910114100→100000006866783100→100000004390333100,40000.00000000,468430.00000000,True,False
C00349,4,cycle,100000004390333100→100000008477350100→100000007639767100→100000004400305100→100000004390333100,10000.00000000,85112.00000000,False,False
C00350,4,cycle,100000004390333100→100000008477350100→100000007639767100→100000006866783100→100000004390333100,10000.00000000,112056.00000000,True,False
C00351,4,cycle,100000004390333100→100000008603629100→100000007639767100→100000004400305100→100000004390333100,10000.00000000,112529.00000000,False,False
C00352,4,cycle,100000004390333100→100000008603629100→100000007639767100→100000006866783100→100000004390333100,10000.00000000,139473.00000000,True,False
C00353,4,cycle,100000004390333100→100000008603629100→100000008686313100→100000006866783100→100000004390333100,45751.00000000,229544.00000000,True,False
C00354,4,cycle,100000004400305100→100000004847758100→100000008603629100→100000007639767100→100000004400305100,10000.00000000,122789.00000000,False,False
C00355,4,cycle,100000004400305100→100000005048668100→100000008603629100→100000007639767100→100000004400305100,10000.00000000,108890.00000000,False,False
C00356,4,cycle,100000004400305100→100000005052998100→100000008477350100→100000007639767100→100000004400305100,9500.00000000,64205.00000000,False,False
C00357,4,cycle,100000004400305100→100000005910114100→100000006866783100→100000007639767100→100000004400305100,10000.00000000,367898.00000000,True,False
C00358,4,cycle,100000004400305100→100000005910114100→100000008603629100→100000007639767100→100000004400305100,10000.00000000,359514.00000000,False,True
C00359,4,cycle,100000004400305100→100000008304139100→100000006866783100→100000007639767100→100000004400305100,10000.00000000,223119.00000000,True,False
C00360,4,cycle,100000004400305100→100000008304139100→100000008477350100→100000007639767100→100000004400305100,10000.00000000,132406.00000000,False,False
C00361,4,cycle,100000004400305100→100000008304139100→100000008603629100→100000007639767100→100000004400305100,10000.00000000,238823.00000000,False,False
C00362,4,cycle,100000004400305100→100000008587459100→100000006866783100→100000007639767100→100000004400305100,10000.00000000,261025.00000000,True,False
C00363,4,cycle,100000004400305100→100000008686313100→100000006866783100→100000007639767100→100000004400305100,10000.00000000,163535.00000000,True,False
C00364,4,cycle,100000004400305100→100000008686313100→100000008477350100→100000007639767100→100000004400305100,10000.00000000,134522.00000000,False,False
C00365,4,cycle,100000004400305100→100000008686313100→100000008603629100→100000007639767100→100000004400305100,10000.00000000,171639.00000000,False,False
C00366,4,cycle,100000004569484100→100000005933757100→100000008104567100→100000005704413100→100000004569484100,20000.00000000,145255.00000000,False,False
C00367,4,cycle,100000004679953100→100000005782781100→100000004847758100→100000008603629100→100000004679953100,16000.00000000,245484.00000000,False,True
C00368,4,cycle,100000004847758100→100000008603629100→100000007639767100→100000006866783100→100000004847758100,10000.00000000,94497.00000000,True,True
C00369,4,cycle,100000004847758100→100000008603629100→100000008686313100→100000006866783100→100000004847758100,18775.00000000,184568.00000000,True,False
C00370,4,cycle,100000005456919100→100000008659445100→100000008736940100→100000008193577100→100000005456919100,5000.00000000,540800.00000000,True,True
C00371,4,cycle,100000005910114100→100000006866783100→100000008304139100→100000008477350100→100000005910114100,23567.00000000,466246.00000000,True,False
C00372,4,cycle,100000005910114100→100000006866783100→100000008443341100→100000008477350100→100000005910114100,17000.00000000,424179.00000000,True,True
C00373,4,cycle,100000005910114100→100000006866783100→100000008686313100→100000008477350100→100000005910114100,25800.00000000,633660.00000000,True,True
C00374,4,cycle,100000005910114100→100000008603629100→100000008686313100→100000008477350100→100000005910114100,25800.00000000,475084.00000000,False,True
C00375,4,cycle,100000006866783100→100000007639767100→100000008603629100→100000008686313100→100000006866783100,23018.00000000,245061.00000000,True,True
C00376,4,cycle,100000006866783100→100000008304139100→100000008477350100→100000007639767100→100000006866783100,10000.00000000,109872.00000000,True,True
C00377,4,cycle,100000006866783100→100000008304139100→100000008603629100→100000007639767100→100000006866783100,10000.00000000,216289.00000000,True,True
C00378,4,cycle,100000006866783100→100000008304139100→100000008603629100→100000008686313100→100000006866783100,23567.00000000,306360.00000000,True,False
C00379,4,cycle,100000006866783100→100000008443341100→100000008477350100→100000007639767100→100000006866783100,10000.00000000,67805.00000000,True,True
C00380,4,cycle,100000006866783100→100000008686313100→100000008477350100→100000007639767100→100000006866783100,10000.00000000,277286.00000000,True,False
C00381,4,cycle,100000006866783100→100000008686313100→100000008603629100→100000007639767100→100000006866783100,10000.00000000,314403.00000000,True,False
C00382,4,cycle,100000007639767100→100000008603629100→100000008686313100→100000008477350100→100000007639767100,16305.00000000,216048.00000000,False,True
C00383,4,cycle,100000008086440100→100000008603629100→100000008686313100→100000008477350100→100000008086440100,25800.00000000,365126.00000000,False,True
C00384,4,cycle,100000008193577100→100000008659445100→100000008751429100→100000008736940100→100000008193577100,56190.00000000,467790.00000000,True,True
C00385,4,cycle,100000008193577100→100000008751429100→100000008736940100→100000008659445100→100000008193577100,72600.00000000,313900.00000000,True,True
C00386,4,cycle,100000008465789100→100000008466579100→100000008547948100→100000008547844100→100000008465789100,30000.00000000,195099.00000000,False,False
C00387,4,cycle,100000008489922100→100000008710843100→100000008547844100→100000008547948100→100000008489922100,18200.00000000,235200.00000000,False,False
C00388,5,cycle,100000000089154100→100000000437046100→100000008603629100→100000001609499100→100000006866783100→100000000089154100,5000.00000000,113656.00000000,True,False
C00389,5,cycle,100000000089154100→100000000437046100→100000008603629100→100000001660397100→100000006866783100→100000000089154100,5000.00000000,100300.00000000,True,False
C00390,5,cycle,100000000089154100→100000000437046100→100000008603629100→100000007639767100→100000006866783100→100000000089154100,5000.00000000,80722.00000000,True,False
C00391,5,cycle,100000000089154100→100000000437046100→100000008603629100→100000008686313100→100000006866783100→100000000089154100,5000.00000000,170793.00000000,True,False
C00392,5,cycle,100000000331309100→100000008686313100→100000008603629100→100000001857829100→100000003880331100→100000000331309100,55500.00000000,1256542.00000000,False,False
C00393,5,cycle,100000000437046100→100000004070318100→100000002957787100→100000008137435100→100000008686313100→100000000437046100,7600.00000000,228200.00000000,False,False
C00394,5,cycle,100000000437046100→100000004070318100→100000006866783100→100000008137435100→100000008686313100→100000000437046100,29200.00000000,299506.00000000,True,False
C00395,5,cycle,100000000437046100→100000007639767100→100000006866783100→100000008137435100→100000008686313100→100000000437046100,10000.00000000,162374.00000000,True,False
C00396,5,cycle,100000000437046100→100000008603629100→100000001609499100→100000006866783100→100000004351795100→100000000437046100,5000.00000000,680060.00000000,True,False
C00397,5,cycle,100000000437046100→100000008603629100→100000001609499100→100000006866783100→100000004390333100→100000000437046100,5000.00000000,217407.00000000,True,False
C00398,5,cycle,100000000437046100→100000008603629100→100000001609499100→100000006866783100→100000007639767100→100000000437046100,5000.00000000,144674.00000000,True,False
C00399,5,cycle,100000000437046100→100000008603629100→100000001609499100→100000006866783100→100000008304139100→100000000437046100,5000.00000000,125223.00000000,True,False
C00400,5,cycle,100000000437046100→100000008603629100→100000001609499100→100000006866783100→100000008686313100→100000000437046100,5000.00000000,326037.00000000,True,False
C00401,5,cycle,100000000437046100→100000008603629100→100000001660397100→100000006866783100→100000004351795100→100000000437046100,5000.00000000,666704.00000000,True,False
C00402,5,cycle,100000000437046100→100000008603629100→100000001660397100→100000006866783100→100000004390333100→100000000437046100,5000.00000000,204051.00000000,True,False
C00403,5,cycle,100000000437046100→100000008603629100→100000001660397100→100000006866783100→100000007639767100→100000000437046100,5000.00000000,131318.00000000,True,False
C00404,5,cycle,100000000437046100→100000008603629100→100000001660397100→100000006866783100→100000008304139100→100000000437046100,5000.00000000,111867.00000000,True,False
C00405,5,cycle,100000000437046100→100000008603629100→100000001660397100→100000006866783100→100000008686313100→100000000437046100,5000.00000000,312681.00000000,True,False
C00406,5,cycle,100000000437046100→100000008603629100→100000001660397100→100000008413748100→100000008304139100→100000000437046100,5000.00000000,103391.75000000,False,False
C00407,5,cycle,100000000437046100→100000008603629100→100000001660397100→100000008477350100→100000007639767100→100000000437046100,5000.00000000,112605.00000000,False,False
C00408,5,cycle,100000000437046100→100000008603629100→100000001660397100→100000008477350100→100000008086440100→100000000437046100,5000.00000000,287533.00000000,False,False
C00409,5,cycle,100000000437046100→100000008603629100→100000002723538100→100000003242289100→100000008304139100→100000000437046100,5000.00000000,232217.00000000,False,False
C00410,5,cycle,100000000437046100→100000008603629100→100000004351795100→100000003242289100→100000008304139100→100000000437046100,5000.00000000,199988.00000000,False,False
C00411,5,cycle,100000000437046100→100000008603629100→100000007639767100→100000004400305100→100000004390333100→100000000437046100,5000.00000000,157529.00000000,False,False
C00412,5,cycle,100000000437046100→100000008603629100→100000007639767100→100000004400305100→100000008304139100→100000000437046100,5000.00000000,114823.00000000,False,False
C00413,5,cycle,100000000437046100→100000008603629100→100000007639767100→100000004400305100→100000008686313100→100000000437046100,5000.00000000,150339.00000000,False,False
C00414,5,cycle,100000000437046100→100000008603629100→100000007639767100→100000006866783100→100000004351795100→100000000437046100,5000.00000000,647126.00000000,True,False
C00415,5,cycle,100000000437046100→100000008603629100→100000007639767100→100000006866783100→100000004390333100→100000000437046100,5000.00000000,184473.00000000,True,False
C00416,5,cycle,100000000437046100→100000008603629100→100000007639767100→100000006866783100→100000008304139100→100000000437046100,5000.00000000,92289.00000000,True,False
C00417,5,cycle,100000000437046100→100000008603629100→100000007639767100→100000006866783100→100000008686313100→100000000437046100,5000.00000000,293103.00000000,True,False
C00418,5,cycle,100000000437046100→100000008603629100→100000008686313100→100000006866783100→100000004351795100→100000000437046100,5000.00000000,737197.00000000,True,False
C00419,5,cycle,100000000437046100→100000008603629100→100000008686313100→100000006866783100→100000004390333100→100000000437046100,5000.00000000,274544.00000000,True,False
C00420,5,cycle,100000000437046100→100000008603629100→100000008686313100→100000006866783100→100000007639767100→100000000437046100,5000.00000000,201811.00000000,True,False
C00421,5,cycle,100000000437046100→100000008603629100→100000008686313100→100000006866783100→100000008304139100→100000000437046100,5000.00000000,182360.00000000,True,False
C00422,5,cycle,100000000437046100→100000008603629100→100000008686313100→100000008477350100→100000007639767100→100000000437046100,5000.00000000,172798.00000000,False,False
C00423,5,cycle,100000000437046100→100000008603629100→100000008686313100→100000008477350100→100000008086440100→100000000437046100,5000.00000000,347726.00000000,False,False
C00424,5,cycle,100000001609499100→100000006866783100→100000002306369100→100000002723538100→100000008603629100→100000001609499100,11000.00000000,244822.00000000,True,False
C00425,5,cycle,100000001609499100→100000006866783100→100000008137435100→100000008686313100→100000008603629100→100000001609499100,11000.00000000,217462.00000000,True,False
C00426,5,cycle,100000001609499100→100000006866783100→100000008304139100→100000001857829100→100000008603629100→100000001609499100,11000.00000000,168223.00000000,True,False
C00427,5,cycle,100000001660397100→100000006866783100→100000002306369100→100000002723538100→100000008603629100→100000001660397100,20000.00000000,231466.00000000,True,False
C00428,5,cycle,100000001660397100→100000006866783100→100000008137435100→100000008686313100→100000008603629100→100000001660397100,24000.00000000,204106.00000000,True,False
C00429,5,cycle,100000001660397100→100000006866783100→100000008304139100→100000001857829100→100000008603629100→100000001660397100,23567.00000000,154867.00000000,True,False
C00430,5,cycle,100000001660397100→100000008413748100→100000008304139100→100000001857829100→100000008603629100→100000001660397100,13000.00000000,146391.75000000,False,False
C00431,5,cycle,100000001660397100→100000008413748100→100000008304139100→100000008587459100→100000006866783100→100000001660397100,13000.00000000,202891.75000000,True,False
C00432,5,cycle,100000001660397100→100000008477350100→100000005910114100→100000001857829100→100000008603629100→100000001660397100,12000.00000000,257302.00000000,False,False
C00433,5,cycle,100000001857829100→100000008121806100→100000008346837100→100000004351795100→100000008603629100→100000001857829100,5000.00000000,586511.00000000,False,False
C00434,5,cycle,100000001857829100→100000008121806100→100000008346837100→100000005048668100→100000008603629100→100000001857829100,5000.00000000,551500.00000000,False,False
C00435,5,cycle,100000001857829100→100000008121806100→100000008346837100→100000005910114100→100000008603629100→100000001857829100,5000.00000000,804633.00000000,False,False
C00436,5,cycle,100000001857829100→100000008603629100→100000002723538100→100000003242289100→100000008304139100→100000001857829100,26000.00000000,275217.00000000,False,False
C00437,5,cycle,100000001857829100→100000008603629100→100000004351795100→100000003242289100→100000008304139100→100000001857829100,22418.00000000,242988.00000000,False,False
C00438,5,cycle,100000001857829100→100000008603629100→100000004351795100→100000008512552100→100000003178549100→100000001857829100,22418.00000000,563518.00000000,False,False
C00439,5,cycle,100000001857829100→100000008603629100→100000007639767100→100000004400305100→100000005910114100→100000001857829100,10000.00000000,201925.00000000,False,False
C00440,5,cycle,100000001857829100→100000008603629100→100000007639767100→100000004400305100→100000008304139100→100000001857829100,10000.00000000,157823.00000000,False,False
C00441,5,cycle,100000001857829100→100000008603629100→100000007639767100→100000006866783100→100000008304139100→100000001857829100,10000.00000000,135289.00000000,True,False
C00442,5,cycle,100000001857829100→100000008603629100→100000008686313100→100000006866783100→100000008304139100→100000001857829100,23567.00000000,225360.00000000,True,False
C00443,5,cycle,100000001857829100→100000008603629100→100000008686313100→100000008477350100→100000005910114100→100000001857829100,25800.00000000,317495.00000000,False,False
C00444,5,cycle,100000002306369100→100000002723538100→100000003242289100→100000008304139100→100000006866783100→100000002306369100,20000.00000000,363736.00000000,True,False
C00445,5,cycle,100000002306369100→100000002723538100→100000008603629100→100000007639767100→100000006866783100→100000002306369100,10000.00000000,211888.00000000,True,False
C00446,5,cycle,100000002306369100→100000002723538100→100000008603629100→100000008686313100→100000006866783100→100000002306369100,20000.00000000,301959.00000000,True,False
C00447,5,cycle,100000002731501100→100000004007116100→100000003616818100→100000004160650100→100000004005964100→100000002731501100,10000.00000000,309960.00000000,True,False
C00448,5,cycle,100000002731501100→100000004007116100→100000004005964100→100000003616818100→100000004160650100→100000002731501100,10000.00000000,832430.00000000,True,True
C00449,5,cycle,100000002731501100→100000004160650100→100000003616818100→100000004005964100→100000004007116100→100000002731501100,10000.00000000,145000.00000000,True,False
C00450,5,cycle,100000002731501100→100000004160650100→100000004007116100→100000003616818100→100000004005964100→100000002731501100,10000.00000000,640744.00000000,True,True
C00451,5,cycle,100000002957787100→100000008137435100→100000008686313100→100000006866783100→100000004070318100→100000002957787100,7600.00000000,221825.00000000,True,False
C00452,5,cycle,100000002957787100→100000008137435100→100000008686313100→100000008477350100→100000005910114100→100000002957787100,25800.00000000,314023.00000000,False,False
C00453,5,cycle,100000003016635100→100000008188026100→100000004527381100→100000004156082100→100000004188160100→100000003016635100,8600.00000000,483157.28000000,True,False
C00454,5,cycle,100000003016635100→100000008188026100→100000004527381100→100000004156082100→100000005287097100→100000003016635100,16450.00000000,865507.28000000,True,True
C00455,5,cycle,100000003242289100→100000004140487100→100000008603629100→100000004351795100→100000008512552100→100000003242289100,20000.00000000,781819.00000000,False,True
C00456,5,cycle,100000003242289100→100000008304139100→100000006866783100→100000004351795100→100000008512552100→100000003242289100,66404.00000000,1018865.00000000,True,False
C00457,5,cycle,100000003242289100→100000008304139100→100000008587459100→100000006866783100→100000004351795100→100000003242289100,49000.00000000,353474.00000000,True,False
C00458,5,cycle,100000003242289100→100000008304139100→100000008603629100→100000004351795100→100000008512552100→100000003242289100,22418.00000000,989879.00000000,False,True
C00459,5,cycle,100000004070318100→100000004400305100→100000008304139100→100000008587459100→100000006866783100→100000004070318100,19800.00000000,275126.00000000,True,False
C00460,5,cycle,100000004150593100→100000008188026100→100000004527381100→100000004156082100→100000005287097100→100000004150593100,16450.00000000,489759.28000000,False,True
C00461,5,cycle,100000004400305100→100000008304139100→100000008587459100→100000006866783100→100000007639767100→100000004400305100,10000.00000000,223619.00000000,True,False
C00462,5,cycle,100000005456919100→100000008659445100→100000008751429100→100000008736940100→100000008193577100→100000005456919100,5000.00000000,632600.00000000,True,False
C00463,5,cycle,100000005910114100→100000006866783100→100000008137435100→100000008686313100→100000008477350100→100000005910114100,25800.00000000,503785.00000000,True,False
C00464,5,cycle,100000006866783100→100000008137435100→100000008686313100→100000008477350100→100000007639767100→100000006866783100,10000.00000000,147411.00000000,True,False
C00465,5,cycle,100000006866783100→100000008137435100→100000008686313100→100000008603629100→100000007639767100→100000006866783100,10000.00000000,184528.00000000,True,False
C00466,5,cycle,100000008465789100→100000008466579100→100000008489922100→100000008547948100→100000008547844100→100000008465789100,30000.00000000,313099.00000000,False,False
C00467,5,cycle,100000008465789100→100000008466579100→100000008489922100→100000008710843100→100000008547844100→100000008465789100,18200.00000000,270299.00000000,False,False
C00468,5,cycle,100000008465789100→100000008547948100→100000008489922100→100000008710843100→100000008547844100→100000008465789100,18200.00000000,224299.00000000,False,False
C00469,6,cycle,100000000089154100→100000000437046100→100000001279272100→100000000331309100→100000008686313100→100000006866783100→100000000089154100,10000.00000000,843142.00000000,True,False
C00470,6,cycle,100000000089154100→100000000437046100→100000004070318100→100000002957787100→100000008632060100→100000006866783100→100000000089154100,6000.00000000,165600.00000000,True,False
C00471,6,cycle,100000000089154100→100000000437046100→100000004070318100→100000004400305100→100000001609499100→100000006866783100→100000000089154100,10000.00000000,276320.00000000,True,False
C00472,6,cycle,100000000089154100→100000000437046100→100000004070318100→100000004400305100→100000003213473100→100000006866783100→100000000089154100,10000.00000000,219300.00000000,True,False
C00473,6,cycle,100000000089154100→100000000437046100→100000004070318100→100000004400305100→100000004390333100→100000006866783100→100000000089154100,10000.00000000,230607.00000000,True,False
C00474,6,cycle,100000000089154100→100000000437046100→100000004070318100→100000004400305100→100000005910114100→100000006866783100→100000000089154100,10000.00000000,486680.00000000,True,False
C00475,6,cycle,100000000089154100→100000000437046100→100000004070318100→100000004400305100→100000008304139100→100000006866783100→100000000089154100,10000.00000000,341901.00000000,True,False
C00476,6,cycle,100000000089154100→100000000437046100→100000004070318100→100000004400305100→100000008587459100→100000006866783100→100000000089154100,10000.00000000,379807.00000000,True,False
C00477,6,cycle,100000000089154100→100000000437046100→100000004070318100→100000004400305100→100000008686313100→100000006866783100→100000000089154100,10000.00000000,282317.00000000,True,False
C00478,6,cycle,100000000089154100→100000000437046100→100000004070318100→100000008346837100→100000005910114100→100000006866783100→100000000089154100,10000.00000000,525780.00000000,True,True
C00479,6,cycle,100000000089154100→100000000437046100→100000004070318100→100000008477350100→100000005910114100→100000006866783100→100000000089154100,10000.00000000,539679.00000000,True,False
C00480,6,cycle,100000000089154100→100000000437046100→100000004070318100→100000008477350100→100000007639767100→100000006866783100→100000000089154100,10000.00000000,183305.00000000,True,False
C00481,6,cycle,100000000089154100→100000000437046100→100000004070318100→100000008603629100→100000001609499100→100000006866783100→100000000089154100,10000.00000000,221782.00000000,True,False
C00482,6,cycle,100000000089154100→100000000437046100→100000004070318100→100000008603629100→100000001660397100→100000006866783100→100000000089154100,10000.00000000,208426.00000000,True,False
C00483,6,cycle,100000000089154100→100000000437046100→100000004070318100→100000008603629100→100000007639767100→100000006866783100→100000000089154100,10000.00000000,188848.00000000,True,False
C00484,6,cycle,100000000089154100→100000000437046100→100000004070318100→100000008603629100→100000008686313100→100000006866783100→100000000089154100,10000.00000000,278919.00000000,True,False
C00485,6,cycle,100000000089154100→100000000437046100→100000007639767100→100000004400305100→100000001609499100→100000006866783100→100000000089154100,10000.00000000,204388.00000000,True,False
C00486,6,cycle,100000000089154100→100000000437046100→100000007639767100→100000004400305100→100000003213473100→100000006866783100→100000000089154100,10000.00000000,147368.00000000,True,False
C00487,6,cycle,100000000089154100→100000000437046100→100000007639767100→100000004400305100→100000004070318100→100000006866783100→100000000089154100,10000.00000000,187868.00000000,True,False
C00488,6,cycle,100000000089154100→100000000437046100→100000007639767100→100000004400305100→100000004390333100→100000006866783100→100000000089154100,10000.00000000,158675.00000000,True,False
C00489,6,cycle,100000000089154100→100000000437046100→100000007639767100→100000004400305100→100000005910114100→100000006866783100→100000000089154100,10000.00000000,414748.00000000,True,False
C00490,6,cycle,100000000089154100→100000000437046100→100000007639767100→100000004400305100→100000008304139100→100000006866783100→100000000089154100,10000.00000000,269969.00000000,True,False
C00491,6,cycle,100000000089154100→100000000437046100→100000007639767100→100000004400305100→100000008587459100→100000006866783100→100000000089154100,10000.00000000,307875.00000000,True,False
C00492,6,cycle,100000000089154100→100000000437046100→100000007639767100→100000004400305100→100000008686313100→100000006866783100→100000000089154100,10000.00000000,210385.00000000,True,False
C00493,6,cycle,100000000089154100→100000000437046100→100000007639767100→100000008603629100→100000001609499100→100000006866783100→100000000089154100,10000.00000000,234774.00000000,True,False
C00494,6,cycle,100000000089154100→100000000437046100→100000007639767100→100000008603629100→100000001660397100→100000006866783100→100000000089154100,10000.00000000,221418.00000000,True,False
C00495,6,cycle,100000000089154100→100000000437046100→100000007639767100→100000008603629100→100000008686313100→100000006866783100→100000000089154100,10000.00000000,291911.00000000,True,False
C00496,6,cycle,100000000089154100→100000000437046100→100000008686313100→100000008477350100→100000005910114100→100000006866783100→100000000089154100,10000.00000000,1555462.00000000,True,True
C00497,6,cycle,100000000089154100→100000000437046100→100000008686313100→100000008477350100→100000007639767100→100000006866783100→100000000089154100,10000.00000000,1199088.00000000,True,False
C00498,6,cycle,100000000089154100→100000000437046100→100000008686313100→100000008603629100→100000001609499100→100000006866783100→100000000089154100,10000.00000000,1269139.00000000,True,True
C00499,6,cycle,100000000089154100→100000000437046100→100000008686313100→100000008603629100→100000001660397100→100000006866783100→100000000089154100,10000.00000000,1255783.00000000,True,True
C00500,6,cycle,100000000089154100→100000000437046100→100000008686313100→100000008603629100→100000007639767100→100000006866783100→100000000089154100,10000.00000000,1236205.00000000,True,False
C00501,6,cycle,100000000089154100→100000005782781100→100000004847758100→100000008603629100→100000001609499100→100000006866783100→100000000089154100,10000.00000000,172073.00000000,True,False
C00502,6,cycle,100000000089154100→100000005782781100→100000004847758100→100000008603629100→100000001660397100→100000006866783100→100000000089154100,10000.00000000,158717.00000000,True,False
C00503,6,cycle,100000000089154100→100000005782781100→100000004847758100→100000008603629100→100000007639767100→100000006866783100→100000000089154100,10000.00000000,139139.00000000,True,False
C00504,6,cycle,100000000089154100→100000005782781100→100000004847758100→100000008603629100→100000008686313100→100000006866783100→100000000089154100,10000.00000000,229210.00000000,True,False
C00505,6,cycle,100000000089154100→100000008111003100→100000003796063100→100000000331309100→100000008686313100→100000006866783100→100000000089154100,10000.00000000,753042.00000000,True,False
C00506,6,cycle,100000000089154100→100000008111003100→100000003796063100→100000004400305100→100000001609499100→100000006866783100→100000000089154100,9000.00000000,232220.00000000,True,False
C00507,6,cycle,100000000089154100→100000008111003100→100000003796063100→100000004400305100→100000003213473100→100000006866783100→100000000089154100,9000.00000000,175200.00000000,True,False
C00508,6,cycle,100000000089154100→100000008111003100→100000003796063100→100000004400305100→100000004070318100→100000006866783100→100000000089154100,9000.00000000,215700.00000000,True,False
C00509,6,cycle,100000000089154100→100000008111003100→100000003796063100→100000004400305100→100000004390333100→100000006866783100→100000000089154100,9000.00000000,186507.00000000,True,False
C00510,6,cycle,100000000089154100→100000008111003100→100000003796063100→100000004400305100→100000005910114100→100000006866783100→100000000089154100,9000.00000000,442580.00000000,True,True
C00511,6,cycle,100000000089154100→100000008111003100→100000003796063100→100000004400305100→100000008304139100→100000006866783100→100000000089154100,9000.00000000,297801.00000000,True,False
C00512,6,cycle,100000000089154100→100000008111003100→100000003796063100→100000004400305100→100000008587459100→100000006866783100→100000000089154100,9000.00000000,335707.00000000,True,False
C00513,6,cycle,100000000089154100→100000008111003100→100000003796063100→100000004400305100→100000008686313100→100000006866783100→100000000089154100,9000.00000000,238217.00000000,True,False
C00514,6,cycle,100000000089154100→100000008111003100→100000003796063100→100000008346837100→100000005910114100→100000006866783100→100000000089154100,10000.00000000,544421.00000000,True,False
C00515,6,cycle,100000000089154100→100000008111003100→100000003796063100→100000008477350100→100000005910114100→100000006866783100→100000000089154100,10000.00000000,607379.00000000,True,False
C00516,6,cycle,100000000089154100→100000008111003100→100000003796063100→100000008477350100→100000007639767100→100000006866783100→100000000089154100,10000.00000000,251005.00000000,True,False
C00517,6,cycle,100000000331309100→100000004746397100→100000002957787100→100000003582677100→100000008111003100→100000003796063100→100000000331309100,7500.00000000,513324.99000000,False,False
C00518,6,cycle,100000000331309100→100000004746397100→100000002957787100→100000008632060100→100000000437046100→100000001279272100→100000000331309100,6000.00000000,680520.00000000,False,False
C00519,6,cycle,100000000331309100→100000004746397100→100000002957787100→100000008632060100→100000001857829100→100000003880331100→100000000331309100,6000.00000000,673520.00000000,False,False
C00520,6,cycle,100000000331309100→100000004746397100→100000002957787100→100000008632060100→100000006866783100→100000004403675100→100000000331309100,6000.00000000,359642.00000000,True,False
C00521,6,cycle,100000000331309100→100000008686313100→100000000437046100→100000004070318100→100000006866783100→100000004403675100→100000000331309100,29200.00000000,683864.00000000,True,False
C00522,6,cycle,100000000331309100→100000008686313100→100000000437046100→100000007639767100→100000006866783100→100000004403675100→100000000331309100,10000.00000000,546732.00000000,True,False
C00523,6,cycle,100000000331309100→100000008686313100→100000000437046100→100000008603629100→100000001857829100→100000003880331100→100000000331309100,5000.00000000,1235242.00000000,False,False
C00524,6,cycle,100000000331309100→100000008686313100→100000006866783100→100000002306369100→100000008111003100→100000003796063100→100000000331309100,35000.00000000,813508.00000000,True,False
C00525,6,cycle,100000000331309100→100000008686313100→100000006866783100→100000004351795100→100000000437046100→100000001279272100→100000000331309100,48100.00000000,1409546.00000000,True,False
C00526,6,cycle,100000000331309100→100000008686313100→100000006866783100→100000004390333100→100000000437046100→100000001279272100→100000000331309100,45751.00000000,946893.00000000,True,False
C00527,6,cycle,100000000331309100→100000008686313100→100000006866783100→100000007639767100→100000000437046100→100000001279272100→100000000331309100,23018.00000000,874160.00000000,True,False
C00528,6,cycle,100000000331309100→100000008686313100→100000006866783100→100000008304139100→100000000437046100→100000001279272100→100000000331309100,23567.00000000,854709.00000000,True,False
C00529,6,cycle,100000000331309100→100000008686313100→100000006866783100→100000008304139100→100000001857829100→100000003880331100→100000000331309100,23567.00000000,916709.00000000,True,False
C00530,6,cycle,100000000331309100→100000008686313100→100000008477350100→100000005910114100→100000001857829100→100000003880331100→100000000331309100,25800.00000000,1008844.00000000,False,False
C00531,6,cycle,100000000331309100→100000008686313100→100000008477350100→100000005910114100→100000006866783100→100000004403675100→100000000331309100,25800.00000000,888143.00000000,True,False
C00532,6,cycle,100000000331309100→100000008686313100→100000008477350100→100000005910114100→100000008111003100→100000003796063100→100000000331309100,25800.00000000,864025.00000000,False,False
C00533,6,cycle,100000000331309100→100000008686313100→100000008477350100→100000007593823100→100000008111003100→100000003796063100→100000000331309100,10000.00000000,694042.00000000,False,False
C00534,6,cycle,100000000331309100→100000008686313100→100000008477350100→100000007639767100→100000000437046100→100000001279272100→100000000331309100,16305.00000000,845147.00000000,False,False
C00535,6,cycle,100000000331309100→100000008686313100→100000008477350100→100000007639767100→100000006866783100→100000004403675100→100000000331309100,10000.00000000,531769.00000000,True,False
C00536,6,cycle,100000000331309100→100000008686313100→100000008477350100→100000008086440100→100000000437046100→100000001279272100→100000000331309100,25800.00000000,1020075.00000000,False,False
C00537,6,cycle,100000000331309100→100000008686313100→100000008603629100→100000001609499100→100000006866783100→100000004403675100→100000000331309100,11000.00000000,601820.00000000,True,False
C00538,6,cycle,100000000331309100→100000008686313100→100000008603629100→100000001660397100→100000006866783100→100000004403675100→100000000331309100,24000.00000000,588464.00000000,True,False
C00539,6,cycle,100000000331309100→100000008686313100→100000008603629100→100000003178549100→100000001857829100→100000003880331100→100000000331309100,40000.00000000,947542.00000000,False,False
C00540,6,cycle,100000000331309100→100000008686313100→100000008603629100→100000003582677100→100000008111003100→100000003796063100→100000000331309100,10000.00000000,728394.00000000,False,False
C00541,6,cycle,100000000331309100→100000008686313100→100000008603629100→100000004351795100→100000000437046100→100000001279272100→100000000331309100,22418.00000000,1372960.00000000,False,True
C00542,6,cycle,100000000331309100→100000008686313100→100000008603629100→100000007639767100→100000000437046100→100000001279272100→100000000331309100,23722.00000000,882264.00000000,False,False
C00543,6,cycle,100000000331309100→100000008686313100→100000008603629100→100000007639767100→100000006866783100→100000004403675100→100000000331309100,10000.00000000,568886.00000000,True,False
C00544,6,cycle,100000000437046100→100000004070318100→100000002957787100→100000002645993100→100000008413748100→100000008304139100→100000000437046100,7600.00000000,181171.75000000,False,False
C00545,6,cycle,100000000437046100→100000004070318100→100000002957787100→100000008632060100→100000004400305100→100000004390333100→100000000437046100,6000.00000000,262407.00000000,False,False
C00546,6,cycle,100000000437046100→100000004070318100→100000002957787100→100000008632060100→100000004400305100→100000008304139100→100000000437046100,6000.00000000,219701.00000000,False,False
C00547,6,cycle,100000000437046100→100000004070318100→100000002957787100→100000008632060100→100000004400305100→100000008686313100→100000000437046100,6000.00000000,255217.00000000,False,False
C00548,6,cycle,100000000437046100→100000004070318100→100000002957787100→100000008632060100→100000006866783100→100000004351795100→100000000437046100,6000.00000000,732004.00000000,True,False
C00549,6,cycle,100000000437046100→100000004070318100→100000002957787100→100000008632060100→100000006866783100→100000004390333100→100000000437046100,6000.00000000,269351.00000000,True,False
C00550,6,cycle,100000000437046100→100000004070318100→100000002957787100→100000008632060100→100000006866783100→100000007639767100→100000000437046100,6000.00000000,196618.00000000,True,False
C00551,6,cycle,100000000437046100→100000004070318100→100000002957787100→100000008632060100→100000006866783100→100000008304139100→100000000437046100,6000.00000000,177167.00000000,True,False
C00552,6,cycle,100000000437046100→100000004070318100→100000002957787100→100000008632060100→100000006866783100→100000008686313100→100000000437046100,6000.00000000,377981.00000000,True,False
C00553,6,cycle,100000000437046100→100000004070318100→100000002957787100→100000008632060100→100000008603629100→100000004351795100→100000000437046100,6000.00000000,718018.00000000,False,False
C00554,6,cycle,100000000437046100→100000004070318100→100000002957787100→100000008632060100→100000008603629100→100000007639767100→100000000437046100,6000.00000000,227322.00000000,False,False
C00555,6,cycle,100000000437046100→100000004070318100→100000002957787100→100000008632060100→100000008603629100→100000008686313100→100000000437046100,6000.00000000,258493.00000000,False,False
C00556,6,cycle,100000000437046100→100000004070318100→100000004400305100→100000001609499100→100000006866783100→100000004351795100→100000000437046100,11000.00000000,842724.00000000,True,False
C00557,6,cycle,100000000437046100→100000004070318100→100000004400305100→100000001609499100→100000006866783100→100000004390333100→100000000437046100,11000.00000000,380071.00000000,True,False
C00558,6,cycle,100000000437046100→100000004070318100→100000004400305100→100000001609499100→100000006866783100→100000007639767100→100000000437046100,11000.00000000,307338.00000000,True,False
C00559,6,cycle,100000000437046100→100000004070318100→100000004400305100→100000001609499100→100000006866783100→100000008304139100→100000000437046100,11000.00000000,287887.00000000,True,False
C00560,6,cycle,100000000437046100→100000004070318100→100000004400305100→100000001609499100→100000006866783100→100000008686313100→100000000437046100,11000.00000000,488701.00000000,True,False
C00561,6,cycle,100000000437046100→100000004070318100→100000004400305100→100000002645993100→100000008413748100→100000008304139100→100000000437046100,13480.00000000,215021.75000000,False,False
C00562,6,cycle,100000000437046100→100000004070318100→100000004400305100→100000002723538100→100000003242289100→100000008304139100→100000000437046100,15000.00000000,281370.00000000,False,True
C00563,6,cycle,100000000437046100→100000004070318100→100000004400305100→100000002723538100→100000008603629100→100000004351795100→100000000437046100,15000.00000000,774218.00000000,False,True
C00564,6,cycle,100000000437046100→100000004070318100→100000004400305100→100000002723538100→100000008603629100→100000007639767100→100000000437046100,15000.00000000,283522.00000000,False,False
C00565,6,cycle,100000000437046100→100000004070318100→100000004400305100→100000002723538100→100000008603629100→100000008686313100→100000000437046100,15000.00000000,314693.00000000,False,False
C00566,6,cycle,100000000437046100→100000004070318100→100000004400305100→100000003213473100→100000006866783100→100000004351795100→100000000437046100,10000.00000000,785704.00000000,True,False
C00567,6,cycle,100000000437046100→100000004070318100→100000004400305100→100000003213473100→100000006866783100→100000004390333100→100000000437046100,10000.00000000,323051.00000000,True,False
C00568,6,cycle,100000000437046100→100000004070318100→100000004400305100→100000003213473100→100000006866783100→100000007639767100→100000000437046100,10000.00000000,250318.00000000,True,False
C00569,6,cycle,100000000437046100→100000004070318100→100000004400305100→100000003213473100→100000006866783100→100000008304139100→100000000437046100,10000.00000000,230867.00000000,True,False
C00570,6,cycle,100000000437046100→100000004070318100→100000004400305100→100000003213473100→100000006866783100→100000008686313100→100000000437046100,10000.00000000,431681.00000000,True,False
C00571,6,cycle,100000000437046100→100000004070318100→100000004400305100→100000004390333100→100000006866783100→100000004351795100→100000000437046100,18807.00000000,797011.00000000,True,False
C00572,6,cycle,100000000437046100→100000004070318100→100000004400305100→100000004390333100→100000006866783100→100000007639767100→100000000437046100,18807.00000000,261625.00000000,True,False
C00573,6,cycle,100000000437046100→100000004070318100→100000004400305100→100000004390333100→100000006866783100→100000008304139100→100000000437046100,18807.00000000,242174.00000000,True,False
C00574,6,cycle,100000000437046100→100000004070318100→100000004400305100→100000004390333100→100000006866783100→100000008686313100→100000000437046100,18807.00000000,442988.00000000,True,False
C00575,6,cycle,100000000437046100→100000004070318100→100000004400305100→100000004390333100→100000008477350100→100000007639767100→100000000437046100,16305.00000000,234912.00000000,False,False
C00576,6,cycle,100000000437046100→100000004070318100→100000004400305100→100000004390333100→100000008477350100→100000008086440100→100000000437046100,18807.00000000,409840.00000000,False,False
C00577,6,cycle,100000000437046100→100000004070318100→100000004400305100→100000004390333100→100000008603629100→100000004351795100→100000000437046100,18807.00000000,753025.00000000,False,False
C00578,6,cycle,100000000437046100→100000004070318100→100000004400305100→100000004390333100→100000008603629100→100000007639767100→100000000437046100,18807.00000000,262329.00000000,False,False
C00579,6,cycle,100000000437046100→100000004070318100→100000004400305100→100000004390333100→100000008603629100→100000008686313100→100000000437046100,18807.00000000,293500.00000000,False,False
C00580,6,cycle,100000000437046100→100000004070318100→100000004400305100→100000004847758100→100000008603629100→100000004351795100→100000000437046100,19800.00000000,763285.00000000,False,False
C00581,6,cycle,100000000437046100→100000004070318100→100000004400305100→100000004847758100→100000008603629100→100000007639767100→100000000437046100,19800.00000000,272589.00000000,False,False
C00582,6,cycle,100000000437046100→100000004070318100→100000004400305100→100000004847758100→100000008603629100→100000008686313100→100000000437046100,19800.00000000,303760.00000000,False,False
C00583,6,cycle,100000000437046100→100000004070318100→100000004400305100→100000005048668100→100000008346837100→100000004351795100→100000000437046100,7000.00000000,698479.00000000,False,False
C00584,6,cycle,100000000437046100→100000004070318100→100000004400305100→100000005048668100→100000008603629100→100000004351795100→100000000437046100,10168.00000000,749386.00000000,False,True
C00585,6,cycle,100000000437046100→100000004070318100→100000004400305100→100000005048668100→100000008603629100→100000007639767100→100000000437046100,10168.00000000,258690.00000000,False,False
C00586,6,cycle,100000000437046100→100000004070318100→100000004400305100→100000005048668100→100000008603629100→100000008686313100→100000000437046100,10168.00000000,289861.00000000,False,False
C00587,6,cycle,100000000437046100→100000004070318100→100000004400305100→100000005052998100→100000008477350100→100000007639767100→100000000437046100,9500.00000000,214005.00000000,False,False
C00588,6,cycle,100000000437046100→100000004070318100→100000004400305100→100000005052998100→100000008477350100→100000008086440100→100000000437046100,9500.00000000,388933.00000000,False,False
C00589,6,cycle,100000000437046100→100000004070318100→100000004400305100→100000005910114100→100000002957787100→100000008632060100→100000000437046100,6000.00000000,322324.00000000,False,False
C00590,6,cycle,100000000437046100→100000004070318100→100000004400305100→100000005910114100→100000006866783100→100000004351795100→100000000437046100,19800.00000000,1053084.00000000,True,False
C00591,6,cycle,100000000437046100→100000004070318100→100000004400305100→100000005910114100→100000006866783100→100000004390333100→100000000437046100,19800.00000000,590431.00000000,True,False
C00592,6,cycle,100000000437046100→100000004070318100→100000004400305100→100000005910114100→100000006866783100→100000007639767100→100000000437046100,19800.00000000,517698.00000000,True,False
C00593,6,cycle,100000000437046100→100000004070318100→100000004400305100→100000005910114100→100000006866783100→100000008304139100→100000000437046100,19800.00000000,498247.00000000,True,False
C00594,6,cycle,100000000437046100→100000004070318100→100000004400305100→100000005910114100→100000006866783100→100000008686313100→100000000437046100,19800.00000000,699061.00000000,True,False
C00595,6,cycle,100000000437046100→100000004070318100→100000004400305100→100000005910114100→100000008603629100→100000004351795100→100000000437046100,19800.00000000,1000010.00000000,False,False
C00596,6,cycle,100000000437046100→100000004070318100→100000004400305100→100000005910114100→100000008603629100→100000007639767100→100000000437046100,19800.00000000,509314.00000000,False,False
C00597,6,cycle,100000000437046100→100000004070318100→100000004400305100→100000005910114100→100000008603629100→100000008686313100→100000000437046100,19800.00000000,540485.00000000,False,False
C00598,6,cycle,100000000437046100→100000004070318100→100000004400305100→100000007593823100→100000008346837100→100000004351795100→100000000437046100,5800.00000000,697111.00000000,False,False
C00599,6,cycle,100000000437046100→100000004070318100→100000004400305100→100000008304139100→100000006866783100→100000004351795100→100000000437046100,19800.00000000,908305.00000000,True,False
C00600,6,cycle,100000000437046100→100000004070318100→100000004400305100→100000008304139100→100000006866783100→100000004390333100→100000000437046100,19800.00000000,445652.00000000,True,False
C00601,6,cycle,100000000437046100→100000004070318100→100000004400305100→100000008304139100→100000006866783100→100000007639767100→100000000437046100,19800.00000000,372919.00000000,True,False
C00602,6,cycle,100000000437046100→100000004070318100→100000004400305100→100000008304139100→100000006866783100→100000008686313100→100000000437046100,19800.00000000,554282.00000000,True,False
C00603,6,cycle,100000000437046100→100000004070318100→100000004400305100→100000008304139100→100000008477350100→100000007639767100→100000000437046100,16305.00000000,282206.00000000,False,False
C00604,6,cycle,100000000437046100→100000004070318100→100000004400305100→100000008304139100→100000008477350100→100000008086440100→100000000437046100,19800.00000000,457134.00000000,False,False
C00605,6,cycle,100000000437046100→100000004070318100→100000004400305100→100000008304139100→100000008603629100→100000004351795100→100000000437046100,19800.00000000,879319.00000000,False,False
C00606,6,cycle,100000000437046100→100000004070318100→100000004400305100→100000008304139100→100000008603629100→100000007639767100→100000000437046100,19800.00000000,388623.00000000,False,False
C00607,6,cycle,100000000437046100→100000004070318100→100000004400305100→100000008304139100→100000008603629100→100000008686313100→100000000437046100,19800.00000000,419794.00000000,False,False
C00608,6,cycle,100000000437046100→100000004070318100→100000004400305100→100000008587459100→100000006866783100→100000004351795100→100000000437046100,19800.00000000,946211.00000000,True,False
C00609,6,cycle,100000000437046100→100000004070318100→100000004400305100→100000008587459100→100000006866783100→100000004390333100→100000000437046100,19800.00000000,483558.00000000,True,False
C00610,6,cycle,100000000437046100→100000004070318100→100000004400305100→100000008587459100→100000006866783100→100000007639767100→100000000437046100,19800.00000000,410825.00000000,True,False
C00611,6,cycle,100000000437046100→100000004070318100→100000004400305100→100000008587459100→100000006866783100→100000008304139100→100000000437046100,19800.00000000,391374.00000000,True,False
C00612,6,cycle,100000000437046100→100000004070318100→100000004400305100→100000008587459100→100000006866783100→100000008686313100→100000000437046100,19800.00000000,592188.00000000,True,False
C00613,6,cycle,100000000437046100→100000004070318100→100000004400305100→100000008686313100→100000006866783100→100000004351795100→100000000437046100,19800.00000000,848721.00000000,True,False
C00614,6,cycle,100000000437046100→100000004070318100→100000004400305100→100000008686313100→100000006866783100→100000004390333100→100000000437046100,19800.00000000,386068.00000000,True,False
C00615,6,cycle,100000000437046100→100000004070318100→100000004400305100→100000008686313100→100000006866783100→100000007639767100→100000000437046100,19800.00000000,313335.00000000,True,False
C00616,6,cycle,100000000437046100→100000004070318100→100000004400305100→100000008686313100→100000006866783100→100000008304139100→100000000437046100,19800.00000000,293884.00000000,True,False
C00617,6,cycle,100000000437046100→100000004070318100→100000004400305100→100000008686313100→100000008477350100→100000007639767100→100000000437046100,16305.00000000,284322.00000000,False,False
C00618,6,cycle,100000000437046100→100000004070318100→100000004400305100→100000008686313100→100000008477350100→100000008086440100→100000000437046100,19800.00000000,459250.00000000,False,False
C00619,6,cycle,100000000437046100→100000004070318100→100000004400305100→100000008686313100→100000008603629100→100000004351795100→100000000437046100,19800.00000000,812135.00000000,False,True
C00620,6,cycle,100000000437046100→100000004070318100→100000004400305100→100000008686313100→100000008603629100→100000007639767100→100000000437046100,19800.00000000,321439.00000000,False,False
C00621,6,cycle,100000000437046100→100000004070318100→100000006866783100→100000001660397100→100000008413748100→100000008304139100→100000000437046100,13000.00000000,263391.75000000,True,False
C00622,6,cycle,100000000437046100→100000004070318100→100000006866783100→100000001660397100→100000008477350100→100000007639767100→100000000437046100,12000.00000000,272605.00000000,True,True
C00623,6,cycle,100000000437046100→100000004070318100→100000006866783100→100000001660397100→100000008477350100→100000008086440100→100000000437046100,12000.00000000,447533.00000000,True,False
C00624,6,cycle,100000000437046100→100000004070318100→100000006866783100→100000002306369100→100000008477350100→100000007639767100→100000000437046100,16305.00000000,349471.00000000,True,False
C00625,6,cycle,100000000437046100→100000004070318100→100000006866783100→100000002306369100→100000008477350100→100000008086440100→100000000437046100,35000.00000000,524399.00000000,True,False
C00626,6,cycle,100000000437046100→100000004070318100→100000006866783100→100000002306369100→100000008603629100→100000004351795100→100000000437046100,20900.00000000,833484.00000000,True,False
C00627,6,cycle,100000000437046100→100000004070318100→100000006866783100→100000002306369100→100000008603629100→100000007639767100→100000000437046100,20900.00000000,342788.00000000,True,False
C00628,6,cycle,100000000437046100→100000004070318100→100000006866783100→100000002306369100→100000008603629100→100000008686313100→100000000437046100,20900.00000000,373959.00000000,True,False
C00629,6,cycle,100000000437046100→100000004070318100→100000006866783100→100000004351795100→100000003242289100→100000008304139100→100000000437046100,30000.00000000,413974.00000000,True,False
C00630,6,cycle,100000000437046100→100000004070318100→100000006866783100→100000004351795100→100000008603629100→100000007639767100→100000000437046100,23722.00000000,392126.00000000,True,False
C00631,6,cycle,100000000437046100→100000004070318100→100000006866783100→100000004351795100→100000008603629100→100000008686313100→100000000437046100,29200.00000000,423297.00000000,True,False
C00632,6,cycle,100000000437046100→100000004070318100→100000006866783100→100000004390333100→100000008477350100→100000007639767100→100000000437046100,16305.00000000,327056.00000000,True,False
C00633,6,cycle,100000000437046100→100000004070318100→100000006866783100→100000004390333100→100000008477350100→100000008086440100→100000000437046100,40000.00000000,501984.00000000,True,False
C00634,6,cycle,100000000437046100→100000004070318100→100000006866783100→100000004390333100→100000008603629100→100000004351795100→100000000437046100,22418.00000000,845169.00000000,True,False
C00635,6,cycle,100000000437046100→100000004070318100→100000006866783100→100000004390333100→100000008603629100→100000007639767100→100000000437046100,23722.00000000,354473.00000000,True,False
C00636,6,cycle,100000000437046100→100000004070318100→100000006866783100→100000004390333100→100000008603629100→100000008686313100→100000000437046100,29200.00000000,385644.00000000,True,False
C00637,6,cycle,100000000437046100→100000004070318100→100000006866783100→100000004847758100→100000008603629100→100000004351795100→100000000437046100,18775.00000000,800193.00000000,True,False
C00638,6,cycle,100000000437046100→100000004070318100→100000006866783100→100000004847758100→100000008603629100→100000007639767100→100000000437046100,18775.00000000,309497.00000000,True,False
C00639,6,cycle,100000000437046100→100000004070318100→100000006866783100→100000004847758100→100000008603629100→100000008686313100→100000000437046100,18775.00000000,340668.00000000,True,False
C00640,6,cycle,100000000437046100→100000004070318100→100000006866783100→100000007639767100→100000004400305100→100000004390333100→100000000437046100,10000.00000000,326825.00000000,True,False
C00641,6,cycle,100000000437046100→100000004070318100→100000006866783100→100000007639767100→100000004400305100→100000008304139100→100000000437046100,10000.00000000,284119.00000000,True,False
C00642,6,cycle,100000000437046100→100000004070318100→100000006866783100→100000007639767100→100000004400305100→100000008686313100→100000000437046100,10000.00000000,319635.00000000,True,False
C00643,6,cycle,100000000437046100→100000004070318100→100000006866783100→100000007639767100→100000008603629100→100000004351795100→100000000437046100,22418.00000000,860686.00000000,True,True
C00644,6,cycle,100000000437046100→100000004070318100→100000006866783100→100000007639767100→100000008603629100→100000008686313100→100000000437046100,23018.00000000,401161.00000000,True,True
C00645,6,cycle,100000000437046100→100000004070318100→100000006866783100→100000008304139100→100000008477350100→100000007639767100→100000000437046100,16305.00000000,324872.00000000,True,False
C00646,6,cycle,100000000437046100→100000004070318100→100000006866783100→100000008304139100→100000008477350100→100000008086440100→100000000437046100,23567.00000000,499800.00000000,True,False
C00647,6,cycle,100000000437046100→100000004070318100→100000006866783100→100000008304139100→100000008603629100→100000004351795100→100000000437046100,22418.00000000,921985.00000000,True,False
C00648,6,cycle,100000000437046100→100000004070318100→100000006866783100→100000008304139100→100000008603629100→100000007639767100→100000000437046100,23567.00000000,431289.00000000,True,False
C00649,6,cycle,100000000437046100→100000004070318100→100000006866783100→100000008304139100→100000008603629100→100000008686313100→100000000437046100,23567.00000000,462460.00000000,True,False
C00650,6,cycle,100000000437046100→100000004070318100→100000006866783100→100000008443341100→100000008477350100→100000007639767100→100000000437046100,16305.00000000,282805.00000000,True,True
C00651,6,cycle,100000000437046100→100000004070318100→100000006866783100→100000008443341100→100000008477350100→100000008086440100→100000000437046100,17000.00000000,457733.00000000,True,False
C00652,6,cycle,100000000437046100→100000004070318100→100000006866783100→100000008686313100→100000008477350100→100000007639767100→100000000437046100,16305.00000000,492286.00000000,True,False
C00653,6,cycle,100000000437046100→100000004070318100→100000006866783100→100000008686313100→100000008477350100→100000008086440100→100000000437046100,25800.00000000,667214.00000000,True,False
C00654,6,cycle,100000000437046100→100000004070318100→100000006866783100→100000008686313100→100000008603629100→100000004351795100→100000000437046100,22418.00000000,1020099.00000000,True,True
C00655,6,cycle,100000000437046100→100000004070318100→100000006866783100→100000008686313100→100000008603629100→100000007639767100→100000000437046100,23722.00000000,529403.00000000,True,False
C00656,6,cycle,100000000437046100→100000004070318100→100000008346837100→100000004351795100→100000003242289100→100000008304139100→100000000437046100,29511.00000000,352140.00000000,False,False
C00657,6,cycle,100000000437046100→100000004070318100→100000008346837100→100000004351795100→100000008603629100→100000007639767100→100000000437046100,23722.00000000,330292.00000000,False,False
C00658,6,cycle,100000000437046100→100000004070318100→100000008346837100→100000004351795100→100000008603629100→100000008686313100→100000000437046100,29200.00000000,361463.00000000,False,False
C00659,6,cycle,100000000437046100→100000004070318100→100000008346837100→100000005048668100→100000008603629100→100000004351795100→100000000437046100,6500.00000000,785977.00000000,False,True
C00660,6,cycle,100000000437046100→100000004070318100→100000008346837100→100000005048668100→100000008603629100→100000007639767100→100000000437046100,6500.00000000,295281.00000000,False,True
C00661,6,cycle,100000000437046100→100000004070318100→100000008346837100→100000005048668100→100000008603629100→100000008686313100→100000000437046100,6500.00000000,326452.00000000,False,True
C00662,6,cycle,100000000437046100→100000004070318100→100000008346837100→100000005910114100→100000002957787100→100000008632060100→100000000437046100,6000.00000000,361424.00000000,False,False
C00663,6,cycle,100000000437046100→100000004070318100→100000008346837100→100000005910114100→100000006866783100→100000004351795100→100000000437046100,60059.00000000,1092184.00000000,True,False
C00664,6,cycle,100000000437046100→100000004070318100→100000008346837100→100000005910114100→100000006866783100→100000004390333100→100000000437046100,45751.00000000,629531.00000000,True,False
C00665,6,cycle,100000000437046100→100000004070318100→100000008346837100→100000005910114100→100000006866783100→100000007639767100→100000000437046100,23018.00000000,556798.00000000,True,True
C00666,6,cycle,100000000437046100→100000004070318100→100000008346837100→100000005910114100→100000006866783100→100000008304139100→100000000437046100,23567.00000000,537347.00000000,True,False
C00667,6,cycle,100000000437046100→100000004070318100→100000008346837100→100000005910114100→100000006866783100→100000008686313100→100000000437046100,29200.00000000,738161.00000000,True,True
C00668,6,cycle,100000000437046100→100000004070318100→100000008346837100→100000005910114100→100000008603629100→100000004351795100→100000000437046100,22418.00000000,1039110.00000000,False,True
C00669,6,cycle,100000000437046100→100000004070318100→100000008346837100→100000005910114100→100000008603629100→100000007639767100→100000000437046100,23722.00000000,548414.00000000,False,True
C00670,6,cycle,100000000437046100→100000004070318100→100000008346837100→100000005910114100→100000008603629100→100000008686313100→100000000437046100,29200.00000000,579585.00000000,False,True
C00671,6,cycle,100000000437046100→100000004070318100→100000008477350100→100000003968044100→100000008603629100→100000004351795100→100000000437046100,22418.00000000,815418.00000000,False,False
C00672,6,cycle,100000000437046100→100000004070318100→100000008477350100→100000003968044100→100000008603629100→100000007639767100→100000000437046100,23722.00000000,324722.00000000,False,False
C00673,6,cycle,100000000437046100→100000004070318100→100000008477350100→100000003968044100→100000008603629100→100000008686313100→100000000437046100,25000.00000000,355893.00000000,False,False
C00674,6,cycle,100000000437046100→100000004070318100→100000008477350100→100000005910114100→100000002957787100→100000008632060100→100000000437046100,6000.00000000,375323.00000000,False,False
C00675,6,cycle,100000000437046100→100000004070318100→100000008477350100→100000005910114100→100000006866783100→100000004351795100→100000000437046100,25000.00000000,1106083.00000000,True,False
C00676,6,cycle,100000000437046100→100000004070318100→100000008477350100→100000005910114100→100000006866783100→100000004390333100→100000000437046100,25000.00000000,643430.00000000,True,False
C00677,6,cycle,100000000437046100→100000004070318100→100000008477350100→100000005910114100→100000006866783100→100000007639767100→100000000437046100,23018.00000000,570697.00000000,True,False
C00678,6,cycle,100000000437046100→100000004070318100→100000008477350100→100000005910114100→100000006866783100→100000008304139100→100000000437046100,23567.00000000,551246.00000000,True,False
C00679,6,cycle,100000000437046100→100000004070318100→100000008477350100→100000005910114100→100000006866783100→100000008686313100→100000000437046100,25000.00000000,752060.00000000,True,False
C00680,6,cycle,100000000437046100→100000004070318100→100000008477350100→100000005910114100→100000008603629100→100000004351795100→100000000437046100,22418.00000000,1053009.00000000,False,False
C00681,6,cycle,100000000437046100→100000004070318100→100000008477350100→100000005910114100→100000008603629100→100000007639767100→100000000437046100,23722.00000000,562313.00000000,False,False
C00682,6,cycle,100000000437046100→100000004070318100→100000008477350100→100000005910114100→100000008603629100→100000008686313100→100000000437046100,25000.00000000,593484.00000000,False,False
C00683,6,cycle,100000000437046100→100000004070318100→100000008477350100→100000007593823100→100000008346837100→100000004351795100→100000000437046100,5800.00000000,702311.00000000,False,False
C00684,6,cycle,100000000437046100→100000004070318100→100000008477350100→100000007639767100→100000004400305100→100000004390333100→100000000437046100,10000.00000000,260112.00000000,False,False
C00685,6,cycle,100000000437046100→100000004070318100→100000008477350100→100000007639767100→100000004400305100→100000008304139100→100000000437046100,10000.00000000,217406.00000000,False,False
C00686,6,cycle,100000000437046100→100000004070318100→100000008477350100→100000007639767100→100000004400305100→100000008686313100→100000000437046100,10000.00000000,252922.00000000,False,False
C00687,6,cycle,100000000437046100→100000004070318100→100000008477350100→100000007639767100→100000006866783100→100000004351795100→100000000437046100,10000.00000000,749709.00000000,True,False
C00688,6,cycle,100000000437046100→100000004070318100→100000008477350100→100000007639767100→100000006866783100→100000004390333100→100000000437046100,10000.00000000,287056.00000000,True,False
C00689,6,cycle,100000000437046100→100000004070318100→100000008477350100→100000007639767100→100000006866783100→100000008304139100→100000000437046100,10000.00000000,194872.00000000,True,False
C00690,6,cycle,100000000437046100→100000004070318100→100000008477350100→100000007639767100→100000006866783100→100000008686313100→100000000437046100,10000.00000000,395686.00000000,True,False
C00691,6,cycle,100000000437046100→100000004070318100→100000008477350100→100000007639767100→100000008603629100→100000004351795100→100000000437046100,16305.00000000,793973.00000000,False,True
C00692,6,cycle,100000000437046100→100000004070318100→100000008477350100→100000007639767100→100000008603629100→100000008686313100→100000000437046100,16305.00000000,334448.00000000,False,True
C00693,6,cycle,100000000437046100→100000004070318100→100000008477350100→100000008086440100→100000008603629100→100000004351795100→100000000437046100,22418.00000000,943051.00000000,False,True
C00694,6,cycle,100000000437046100→100000004070318100→100000008477350100→100000008086440100→100000008603629100→100000007639767100→100000000437046100,23722.00000000,452355.00000000,False,True
C00695,6,cycle,100000000437046100→100000004070318100→100000008477350100→100000008086440100→100000008603629100→100000008686313100→100000000437046100,25000.00000000,483526.00000000,False,True
C00696,6,cycle,100000000437046100→100000004070318100→100000008603629100→100000001609499100→100000006866783100→100000004351795100→100000000437046100,11000.00000000,788186.00000000,True,False
C00697,6,cycle,100000000437046100→100000004070318100→100000008603629100→100000001609499100→100000006866783100→100000004390333100→100000000437046100,11000.00000000,325533.00000000,True,False
C00698,6,cycle,100000000437046100→100000004070318100→100000008603629100→100000001609499100→100000006866783100→100000007639767100→100000000437046100,11000.00000000,252800.00000000,True,False
C00699,6,cycle,100000000437046100→100000004070318100→100000008603629100→100000001609499100→100000006866783100→100000008304139100→100000000437046100,11000.00000000,233349.00000000,True,False
C00700,6,cycle,100000000437046100→100000004070318100→100000008603629100→100000001609499100→100000006866783100→100000008686313100→100000000437046100,11000.00000000,434163.00000000,True,False
C00701,6,cycle,100000000437046100→100000004070318100→100000008603629100→100000001660397100→100000006866783100→100000004351795100→100000000437046100,23126.00000000,774830.00000000,True,False
C00702,6,cycle,100000000437046100→100000004070318100→100000008603629100→100000001660397100→100000006866783100→100000004390333100→100000000437046100,23126.00000000,312177.00000000,True,False
C00703,6,cycle,100000000437046100→100000004070318100→100000008603629100→100000001660397100→100000006866783100→100000007639767100→100000000437046100,23018.00000000,239444.00000000,True,False
C00704,6,cycle,100000000437046100→100000004070318100→100000008603629100→100000001660397100→100000006866783100→100000008304139100→100000000437046100,23126.00000000,219993.00000000,True,False
C00705,6,cycle,100000000437046100→100000004070318100→100000008603629100→100000001660397100→100000006866783100→100000008686313100→100000000437046100,23126.00000000,420807.00000000,True,False
C00706,6,cycle,100000000437046100→100000004070318100→100000008603629100→100000001660397100→100000008413748100→100000008304139100→100000000437046100,13000.00000000,211517.75000000,False,False
C00707,6,cycle,100000000437046100→100000004070318100→100000008603629100→100000001660397100→100000008477350100→100000007639767100→100000000437046100,12000.00000000,220731.00000000,False,False
C00708,6,cycle,100000000437046100→100000004070318100→100000008603629100→100000001660397100→100000008477350100→100000008086440100→100000000437046100,12000.00000000,395659.00000000,False,False
C00709,6,cycle,100000000437046100→100000004070318100→100000008603629100→100000002723538100→100000003242289100→100000008304139100→100000000437046100,23126.00000000,340343.00000000,False,False
C00710,6,cycle,100000000437046100→100000004070318100→100000008603629100→100000004351795100→100000003242289100→100000008304139100→100000000437046100,22418.00000000,308114.00000000,False,False
C00711,6,cycle,100000000437046100→100000004070318100→100000008603629100→100000007639767100→100000004400305100→100000004390333100→100000000437046100,10000.00000000,265655.00000000,False,False
C00712,6,cycle,100000000437046100→100000004070318100→100000008603629100→100000007639767100→100000004400305100→100000008304139100→100000000437046100,10000.00000000,222949.00000000,False,False
C00713,6,cycle,100000000437046100→100000004070318100→100000008603629100→100000007639767100→100000004400305100→100000008686313100→100000000437046100,10000.00000000,258465.00000000,False,False
C00714,6,cycle,100000000437046100→100000004070318100→100000008603629100→100000007639767100→100000006866783100→100000004351795100→100000000437046100,10000.00000000,755252.00000000,True,False
C00715,6,cycle,100000000437046100→100000004070318100→100000008603629100→100000007639767100→100000006866783100→100000004390333100→100000000437046100,10000.00000000,292599.00000000,True,False
C00716,6,cycle,100000000437046100→100000004070318100→100000008603629100→100000007639767100→100000006866783100→100000008304139100→100000000437046100,10000.00000000,200415.00000000,True,False
C00717,6,cycle,100000000437046100→100000004070318100→100000008603629100→100000007639767100→100000006866783100→100000008686313100→100000000437046100,10000.00000000,401229.00000000,True,False
C00718,6,cycle,100000000437046100→100000004070318100→100000008603629100→100000008686313100→100000006866783100→100000004351795100→100000000437046100,23126.00000000,845323.00000000,True,False
C00719,6,cycle,100000000437046100→100000004070318100→100000008603629100→100000008686313100→100000006866783100→100000004390333100→100000000437046100,23126.00000000,382670.00000000,True,False
C00720,6,cycle,100000000437046100→100000004070318100→100000008603629100→100000008686313100→100000006866783100→100000007639767100→100000000437046100,23018.00000000,309937.00000000,True,False
C00721,6,cycle,100000000437046100→100000004070318100→100000008603629100→100000008686313100→100000006866783100→100000008304139100→100000000437046100,23126.00000000,290486.00000000,True,False
C00722,6,cycle,100000000437046100→100000004070318100→100000008603629100→100000008686313100→100000008477350100→100000007639767100→100000000437046100,16305.00000000,280924.00000000,False,False
C00723,6,cycle,100000000437046100→100000004070318100→100000008603629100→100000008686313100→100000008477350100→100000008086440100→100000000437046100,23126.00000000,455852.00000000,False,False
C00724,6,cycle,100000000437046100→100000007639767100→100000004400305100→100000001609499100→100000006866783100→100000004351795100→100000000437046100,10000.00000000,770792.00000000,True,False
C00725,6,cycle,100000000437046100→100000007639767100→100000004400305100→100000001609499100→100000006866783100→100000004390333100→100000000437046100,10000.00000000,308139.00000000,True,False
C00726,6,cycle,100000000437046100→100000007639767100→100000004400305100→100000001609499100→100000006866783100→100000008304139100→100000000437046100,10000.00000000,215955.00000000,True,False
C00727,6,cycle,100000000437046100→100000007639767100→100000004400305100→100000001609499100→100000006866783100→100000008686313100→100000000437046100,10000.00000000,416769.00000000,True,False
C00728,6,cycle,100000000437046100→100000007639767100→100000004400305100→100000002645993100→100000008413748100→100000008304139100→100000000437046100,10000.00000000,143089.75000000,False,False
C00729,6,cycle,100000000437046100→100000007639767100→100000004400305100→100000002723538100→100000003242289100→100000008304139100→100000000437046100,10000.00000000,209438.00000000,False,False
C00730,6,cycle,100000000437046100→100000007639767100→100000004400305100→100000002723538100→100000008603629100→100000004351795100→100000000437046100,10000.00000000,702286.00000000,False,False
C00731,6,cycle,100000000437046100→100000007639767100→100000004400305100→100000002723538100→100000008603629100→100000008686313100→100000000437046100,10000.00000000,242761.00000000,False,False
C00732,6,cycle,100000000437046100→100000007639767100→100000004400305100→100000003213473100→100000006866783100→100000004351795100→100000000437046100,10000.00000000,713772.00000000,True,False
C00733,6,cycle,100000000437046100→100000007639767100→100000004400305100→100000003213473100→100000006866783100→100000004390333100→100000000437046100,10000.00000000,251119.00000000,True,False
C00734,6,cycle,100000000437046100→100000007639767100→100000004400305100→100000003213473100→100000006866783100→100000008304139100→100000000437046100,10000.00000000,158935.00000000,True,False
C00735,6,cycle,100000000437046100→100000007639767100→100000004400305100→100000003213473100→100000006866783100→100000008686313100→100000000437046100,10000.00000000,359749.00000000,True,False
C00736,6,cycle,100000000437046100→100000007639767100→100000004400305100→100000004070318100→100000002957787100→100000008632060100→100000000437046100,6000.00000000,141968.00000000,False,False
C00737,6,cycle,100000000437046100→100000007639767100→100000004400305100→100000004070318100→100000006866783100→100000004351795100→100000000437046100,10000.00000000,754272.00000000,True,False
C00738,6,cycle,100000000437046100→100000007639767100→100000004400305100→100000004070318100→100000006866783100→100000004390333100→100000000437046100,10000.00000000,291619.00000000,True,False
C00739,6,cycle,100000000437046100→100000007639767100→100000004400305100→100000004070318100→100000006866783100→100000008304139100→100000000437046100,10000.00000000,199435.00000000,True,False
C00740,6,cycle,100000000437046100→100000007639767100→100000004400305100→100000004070318100→100000006866783100→100000008686313100→100000000437046100,10000.00000000,400249.00000000,True,False
C00741,6,cycle,100000000437046100→100000007639767100→100000004400305100→100000004070318100→100000008346837100→100000004351795100→100000000437046100,10000.00000000,692438.00000000,False,False
C00742,6,cycle,100000000437046100→100000007639767100→100000004400305100→100000004070318100→100000008477350100→100000008086440100→100000000437046100,10000.00000000,327101.00000000,False,False
C00743,6,cycle,100000000437046100→100000007639767100→100000004400305100→100000004070318100→100000008603629100→100000004351795100→100000000437046100,10000.00000000,648412.00000000,False,False
C00744,6,cycle,100000000437046100→100000007639767100→100000004400305100→100000004070318100→100000008603629100→100000008686313100→100000000437046100,10000.00000000,188887.00000000,False,False
C00745,6,cycle,100000000437046100→100000007639767100→100000004400305100→100000004390333100→100000006866783100→100000004351795100→100000000437046100,10000.00000000,725079.00000000,True,False
C00746,6,cycle,100000000437046100→100000007639767100→100000004400305100→100000004390333100→100000006866783100→100000008304139100→100000000437046100,10000.00000000,170242.00000000,True,False
C00747,6,cycle,100000000437046100→100000007639767100→100000004400305100→100000004390333100→100000006866783100→100000008686313100→100000000437046100,10000.00000000,371056.00000000,True,False
C00748,6,cycle,100000000437046100→100000007639767100→100000004400305100→100000004390333100→100000008477350100→100000008086440100→100000000437046100,10000.00000000,337908.00000000,False,False
C00749,6,cycle,100000000437046100→100000007639767100→100000004400305100→100000004390333100→100000008603629100→100000004351795100→100000000437046100,10000.00000000,681093.00000000,False,False
C00750,6,cycle,100000000437046100→100000007639767100→100000004400305100→100000004390333100→100000008603629100→100000008686313100→100000000437046100,10000.00000000,221568.00000000,False,False
C00751,6,cycle,100000000437046100→100000007639767100→100000004400305100→100000004847758100→100000008603629100→100000004351795100→100000000437046100,10000.00000000,691353.00000000,False,False
C00752,6,cycle,100000000437046100→100000007639767100→100000004400305100→100000004847758100→100000008603629100→100000008686313100→100000000437046100,10000.00000000,231828.00000000,False,False
C00753,6,cycle,100000000437046100→100000007639767100→100000004400305100→100000005048668100→100000008346837100→100000004351795100→100000000437046100,7000.00000000,626547.00000000,False,False
C00754,6,cycle,100000000437046100→100000007639767100→100000004400305100→100000005048668100→100000008603629100→100000004351795100→100000000437046100,10000.00000000,677454.00000000,False,False
C00755,6,cycle,100000000437046100→100000007639767100→100000004400305100→100000005048668100→100000008603629100→100000008686313100→100000000437046100,10000.00000000,217929.00000000,False,False
C00756,6,cycle,100000000437046100→100000007639767100→100000004400305100→100000005052998100→100000008477350100→100000008086440100→100000000437046100,9500.00000000,317001.00000000,False,False
C00757,6,cycle,100000000437046100→100000007639767100→100000004400305100→100000005910114100→100000002957787100→100000008632060100→100000000437046100,6000.00000000,250392.00000000,False,False
C00758,6,cycle,100000000437046100→100000007639767100→100000004400305100→100000005910114100→100000006866783100→100000004351795100→100000000437046100,10000.00000000,981152.00000000,True,False
C00759,6,cycle,100000000437046100→100000007639767100→100000004400305100→100000005910114100→100000006866783100→100000004390333100→100000000437046100,10000.00000000,518499.00000000,True,False
C00760,6,cycle,100000000437046100→100000007639767100→100000004400305100→100000005910114100→100000006866783100→100000008304139100→100000000437046100,10000.00000000,426315.00000000,True,False
C00761,6,cycle,100000000437046100→100000007639767100→100000004400305100→100000005910114100→100000006866783100→100000008686313100→100000000437046100,10000.00000000,627129.00000000,True,False
C00762,6,cycle,100000000437046100→100000007639767100→100000004400305100→100000005910114100→100000008603629100→100000004351795100→100000000437046100,10000.00000000,928078.00000000,False,False
C00763,6,cycle,100000000437046100→100000007639767100→100000004400305100→100000005910114100→100000008603629100→100000008686313100→100000000437046100,10000.00000000,468553.00000000,False,False
C00764,6,cycle,100000000437046100→100000007639767100→100000004400305100→100000007593823100→100000008346837100→100000004351795100→100000000437046100,5800.00000000,625179.00000000,False,False
C00765,6,cycle,100000000437046100→100000007639767100→100000004400305100→100000008304139100→100000006866783100→100000004351795100→100000000437046100,10000.00000000,836373.00000000,True,False
C00766,6,cycle,100000000437046100→100000007639767100→100000004400305100→100000008304139100→100000006866783100→100000004390333100→100000000437046100,10000.00000000,373720.00000000,True,False
C00767,6,cycle,100000000437046100→100000007639767100→100000004400305100→100000008304139100→100000006866783100→100000008686313100→100000000437046100,10000.00000000,482350.00000000,True,False
C00768,6,cycle,100000000437046100→100000007639767100→100000004400305100→100000008304139100→100000008477350100→100000008086440100→100000000437046100,10000.00000000,385202.00000000,False,False
C00769,6,cycle,100000000437046100→100000007639767100→100000004400305100→100000008304139100→100000008603629100→100000004351795100→100000000437046100,10000.00000000,807387.00000000,False,False
C00770,6,cycle,100000000437046100→100000007639767100→100000004400305100→100000008304139100→100000008603629100→100000008686313100→100000000437046100,10000.00000000,347862.00000000,False,False
C00771,6,cycle,100000000437046100→100000007639767100→100000004400305100→100000008587459100→100000006866783100→100000004351795100→100000000437046100,10000.00000000,874279.00000000,True,False
C00772,6,cycle,100000000437046100→100000007639767100→100000004400305100→100000008587459100→100000006866783100→100000004390333100→100000000437046100,10000.00000000,411626.00000000,True,False
C00773,6,cycle,100000000437046100→100000007639767100→100000004400305100→100000008587459100→100000006866783100→100000008304139100→100000000437046100,10000.00000000,319442.00000000,True,False
C00774,6,cycle,100000000437046100→100000007639767100→100000004400305100→100000008587459100→100000006866783100→100000008686313100→100000000437046100,10000.00000000,520256.00000000,True,False
C00775,6,cycle,100000000437046100→100000007639767100→100000004400305100→100000008686313100→100000006866783100→100000004351795100→100000000437046100,10000.00000000,776789.00000000,True,False
C00776,6,cycle,100000000437046100→100000007639767100→100000004400305100→100000008686313100→100000006866783100→100000004390333100→100000000437046100,10000.00000000,314136.00000000,True,False
C00777,6,cycle,100000000437046100→100000007639767100→100000004400305100→100000008686313100→100000006866783100→100000008304139100→100000000437046100,10000.00000000,221952.00000000,True,False
C00778,6,cycle,100000000437046100→100000007639767100→100000004400305100→100000008686313100→100000008477350100→100000008086440100→100000000437046100,10000.00000000,387318.00000000,False,False
C00779,6,cycle,100000000437046100→100000007639767100→100000004400305100→100000008686313100→100000008603629100→100000004351795100→100000000437046100,10000.00000000,740203.00000000,False,False
C00780,6,cycle,100000000437046100→100000007639767100→100000006866783100→100000001660397100→100000008413748100→100000008304139100→100000000437046100,10000.00000000,126259.75000000,True,False
C00781,6,cycle,100000000437046100→100000007639767100→100000006866783100→100000001660397100→100000008477350100→100000008086440100→100000000437046100,10000.00000000,310401.00000000,True,False
C00782,6,cycle,100000000437046100→100000007639767100→100000006866783100→100000002306369100→100000008477350100→100000008086440100→100000000437046100,10000.00000000,387267.00000000,True,False
C00783,6,cycle,100000000437046100→100000007639767100→100000006866783100→100000002306369100→100000008603629100→100000004351795100→100000000437046100,10000.00000000,696352.00000000,True,False
C00784,6,cycle,100000000437046100→100000007639767100→100000006866783100→100000002306369100→100000008603629100→100000008686313100→100000000437046100,10000.00000000,236827.00000000,True,False
C00785,6,cycle,100000000437046100→100000007639767100→100000006866783100→100000004070318100→100000002957787100→100000008632060100→100000000437046100,6000.00000000,183693.00000000,True,False
C00786,6,cycle,100000000437046100→100000007639767100→100000006866783100→100000004070318100→100000004400305100→100000004390333100→100000000437046100,10000.00000000,241200.00000000,True,False
C00787,6,cycle,100000000437046100→100000007639767100→100000006866783100→100000004070318100→100000004400305100→100000008304139100→100000000437046100,10000.00000000,198494.00000000,True,False
C00788,6,cycle,100000000437046100→100000007639767100→100000006866783100→100000004070318100→100000004400305100→100000008686313100→100000000437046100,10000.00000000,234010.00000000,True,False
C00789,6,cycle,100000000437046100→100000007639767100→100000006866783100→100000004070318100→100000008346837100→100000004351795100→100000000437046100,10000.00000000,734163.00000000,True,False
C00790,6,cycle,100000000437046100→100000007639767100→100000006866783100→100000004070318100→100000008477350100→100000008086440100→100000000437046100,10000.00000000,368826.00000000,True,False
C00791,6,cycle,100000000437046100→100000007639767100→100000006866783100→100000004070318100→100000008603629100→100000004351795100→100000000437046100,10000.00000000,690137.00000000,True,False
C00792,6,cycle,100000000437046100→100000007639767100→100000006866783100→100000004070318100→100000008603629100→100000008686313100→100000000437046100,10000.00000000,230612.00000000,True,False
C00793,6,cycle,100000000437046100→100000007639767100→100000006866783100→100000004351795100→100000003242289100→100000008304139100→100000000437046100,10000.00000000,276842.00000000,True,False
C00794,6,cycle,100000000437046100→100000007639767100→100000006866783100→100000004351795100→100000008603629100→100000008686313100→100000000437046100,10000.00000000,286165.00000000,True,False
C00795,6,cycle,100000000437046100→100000007639767100→100000006866783100→100000004390333100→100000008477350100→100000008086440100→100000000437046100,10000.00000000,364852.00000000,True,False
C00796,6,cycle,100000000437046100→100000007639767100→100000006866783100→100000004390333100→100000008603629100→100000004351795100→100000000437046100,10000.00000000,708037.00000000,True,False
C00797,6,cycle,100000000437046100→100000007639767100→100000006866783100→100000004390333100→100000008603629100→100000008686313100→100000000437046100,10000.00000000,248512.00000000,True,False
C00798,6,cycle,100000000437046100→100000007639767100→100000006866783100→100000004847758100→100000008603629100→100000004351795100→100000000437046100,10000.00000000,663061.00000000,True,False
C00799,6,cycle,100000000437046100→100000007639767100→100000006866783100→100000004847758100→100000008603629100→100000008686313100→100000000437046100,10000.00000000,203536.00000000,True,False
C00800,6,cycle,100000000437046100→100000007639767100→100000006866783100→100000008304139100→100000008477350100→100000008086440100→100000000437046100,10000.00000000,362668.00000000,True,False
C00801,6,cycle,100000000437046100→100000007639767100→100000006866783100→100000008304139100→100000008603629100→100000004351795100→100000000437046100,10000.00000000,784853.00000000,True,False
C00802,6,cycle,100000000437046100→100000007639767100→100000006866783100→100000008304139100→100000008603629100→100000008686313100→100000000437046100,10000.00000000,325328.00000000,True,False
C00803,6,cycle,100000000437046100→100000007639767100→100000006866783100→100000008443341100→100000008477350100→100000008086440100→100000000437046100,10000.00000000,320601.00000000,True,False
C00804,6,cycle,100000000437046100→100000007639767100→100000006866783100→100000008686313100→100000008477350100→100000008086440100→100000000437046100,10000.00000000,530082.00000000,True,False
C00805,6,cycle,100000000437046100→100000007639767100→100000006866783100→100000008686313100→100000008603629100→100000004351795100→100000000437046100,10000.00000000,882967.00000000,True,False
C00806,6,cycle,100000000437046100→100000007639767100→100000008603629100→100000001609499100→100000006866783100→100000004351795100→100000000437046100,11000.00000000,801178.00000000,True,False
C00807,6,cycle,100000000437046100→100000007639767100→100000008603629100→100000001609499100→100000006866783100→100000004390333100→100000000437046100,11000.00000000,338525.00000000,True,False
C00808,6,cycle,100000000437046100→100000007639767100→100000008603629100→100000001609499100→100000006866783100→100000008304139100→100000000437046100,11000.00000000,246341.00000000,True,False
C00809,6,cycle,100000000437046100→100000007639767100→100000008603629100→100000001609499100→100000006866783100→100000008686313100→100000000437046100,11000.00000000,447155.00000000,True,False
C00810,6,cycle,100000000437046100→100000007639767100→100000008603629100→100000001660397100→100000006866783100→100000004351795100→100000000437046100,24000.00000000,787822.00000000,True,False
C00811,6,cycle,100000000437046100→100000007639767100→100000008603629100→100000001660397100→100000006866783100→100000004390333100→100000000437046100,24000.00000000,325169.00000000,True,False
C00812,6,cycle,100000000437046100→100000007639767100→100000008603629100→100000001660397100→100000006866783100→100000008304139100→100000000437046100,23567.00000000,232985.00000000,True,False
C00813,6,cycle,100000000437046100→100000007639767100→100000008603629100→100000001660397100→100000006866783100→100000008686313100→100000000437046100,24000.00000000,433799.00000000,True,False
C00814,6,cycle,100000000437046100→100000007639767100→100000008603629100→100000001660397100→100000008413748100→100000008304139100→100000000437046100,13000.00000000,224509.75000000,False,False
C00815,6,cycle,100000000437046100→100000007639767100→100000008603629100→100000001660397100→100000008477350100→100000008086440100→100000000437046100,12000.00000000,408651.00000000,False,False
C00816,6,cycle,100000000437046100→100000007639767100→100000008603629100→100000002723538100→100000003242289100→100000008304139100→100000000437046100,27868.00000000,353335.00000000,False,False
C00817,6,cycle,100000000437046100→100000007639767100→100000008603629100→100000004351795100→100000003242289100→100000008304139100→100000000437046100,22418.00000000,321106.00000000,False,False
C00818,6,cycle,100000000437046100→100000007639767100→100000008603629100→100000008686313100→100000006866783100→100000004351795100→100000000437046100,27868.00000000,858315.00000000,True,False
C00819,6,cycle,100000000437046100→100000007639767100→100000008603629100→100000008686313100→100000006866783100→100000004390333100→100000000437046100,27868.00000000,395662.00000000,True,False
C00820,6,cycle,100000000437046100→100000007639767100→100000008603629100→100000008686313100→100000006866783100→100000008304139100→100000000437046100,23567.00000000,303478.00000000,True,False
C00821,6,cycle,100000000437046100→100000007639767100→100000008603629100→100000008686313100→100000008477350100→100000008086440100→100000000437046100,25800.00000000,468844.00000000,False,False
C00822,6,cycle,100000000437046100→100000008603629100→100000001609499100→100000006866783100→100000008137435100→100000008686313100→100000000437046100,5000.00000000,196162.00000000,True,False
C00823,6,cycle,100000000437046100→100000008603629100→100000001660397100→100000006866783100→100000008137435100→100000008686313100→100000000437046100,5000.00000000,182806.00000000,True,False
C00824,6,cycle,100000000437046100→100000008603629100→100000001857829100→100000008121806100→100000008346837100→100000004351795100→100000000437046100,5000.00000000,1056511.00000000,False,False
C00825,6,cycle,100000000437046100→100000008603629100→100000004351795100→100000008512552100→100000003242289100→100000008304139100→100000000437046100,5000.00000000,865879.00000000,False,False
C00826,6,cycle,100000000437046100→100000008603629100→100000007639767100→100000006866783100→100000008137435100→100000008686313100→100000000437046100,5000.00000000,163228.00000000,True,False
C00827,6,cycle,100000000437046100→100000008686313100→100000006866783100→100000001660397100→100000008413748100→100000008304139100→100000000437046100,13000.00000000,1241474.75000000,True,False
C00828,6,cycle,100000000437046100→100000008686313100→100000006866783100→100000001660397100→100000008477350100→100000007639767100→100000000437046100,12000.00000000,1250688.00000000,True,False
C00829,6,cycle,100000000437046100→100000008686313100→100000006866783100→100000001660397100→100000008477350100→100000008086440100→100000000437046100,12000.00000000,1425616.00000000,True,False
C00830,6,cycle,100000000437046100→100000008686313100→100000006866783100→100000002306369100→100000008477350100→100000007639767100→100000000437046100,16305.00000000,1327554.00000000,True,False
C00831,6,cycle,100000000437046100→100000008686313100→100000006866783100→100000002306369100→100000008477350100→100000008086440100→100000000437046100,35000.00000000,1502482.00000000,True,False
C00832,6,cycle,100000000437046100→100000008686313100→100000006866783100→100000002306369100→100000008603629100→100000004351795100→100000000437046100,20900.00000000,1811567.00000000,True,False
C00833,6,cycle,100000000437046100→100000008686313100→100000006866783100→100000002306369100→100000008603629100→100000007639767100→100000000437046100,20900.00000000,1320871.00000000,True,False
C00834,6,cycle,100000000437046100→100000008686313100→100000006866783100→100000004070318100→100000002957787100→100000008632060100→100000000437046100,6000.00000000,1298908.00000000,True,False
C00835,6,cycle,100000000437046100→100000008686313100→100000006866783100→100000004070318100→100000004400305100→100000004390333100→100000000437046100,18807.00000000,1356415.00000000,True,False
C00836,6,cycle,100000000437046100→100000008686313100→100000006866783100→100000004070318100→100000004400305100→100000008304139100→100000000437046100,19800.00000000,1313709.00000000,True,False
C00837,6,cycle,100000000437046100→100000008686313100→100000006866783100→100000004070318100→100000008346837100→100000004351795100→100000000437046100,29511.00000000,1849378.00000000,True,False
C00838,6,cycle,100000000437046100→100000008686313100→100000006866783100→100000004070318100→100000008477350100→100000007639767100→100000000437046100,16305.00000000,1309113.00000000,True,False
C00839,6,cycle,100000000437046100→100000008686313100→100000006866783100→100000004070318100→100000008477350100→100000008086440100→100000000437046100,25000.00000000,1484041.00000000,True,False
C00840,6,cycle,100000000437046100→100000008686313100→100000006866783100→100000004070318100→100000008603629100→100000004351795100→100000000437046100,22418.00000000,1805352.00000000,True,False
C00841,6,cycle,100000000437046100→100000008686313100→100000006866783100→100000004070318100→100000008603629100→100000007639767100→100000000437046100,23126.00000000,1314656.00000000,True,False
C00842,6,cycle,100000000437046100→100000008686313100→100000006866783100→100000004351795100→100000003242289100→100000008304139100→100000000437046100,30000.00000000,1392057.00000000,True,False
C00843,6,cycle,100000000437046100→100000008686313100→100000006866783100→100000004351795100→100000008603629100→100000007639767100→100000000437046100,23722.00000000,1370209.00000000,True,False
C00844,6,cycle,100000000437046100→100000008686313100→100000006866783100→100000004390333100→100000008477350100→100000007639767100→100000000437046100,16305.00000000,1305139.00000000,True,False
C00845,6,cycle,100000000437046100→100000008686313100→100000006866783100→100000004390333100→100000008477350100→100000008086440100→100000000437046100,40000.00000000,1480067.00000000,True,False
C00846,6,cycle,100000000437046100→100000008686313100→100000006866783100→100000004390333100→100000008603629100→100000004351795100→100000000437046100,22418.00000000,1823252.00000000,True,False
C00847,6,cycle,100000000437046100→100000008686313100→100000006866783100→100000004390333100→100000008603629100→100000007639767100→100000000437046100,23722.00000000,1332556.00000000,True,False
C00848,6,cycle,100000000437046100→100000008686313100→100000006866783100→100000004847758100→100000008603629100→100000004351795100→100000000437046100,18775.00000000,1778276.00000000,True,False
C00849,6,cycle,100000000437046100→100000008686313100→100000006866783100→100000004847758100→100000008603629100→100000007639767100→100000000437046100,18775.00000000,1287580.00000000,True,False
C00850,6,cycle,100000000437046100→100000008686313100→100000006866783100→100000007639767100→100000004400305100→100000004390333100→100000000437046100,10000.00000000,1304908.00000000,True,False
C00851,6,cycle,100000000437046100→100000008686313100→100000006866783100→100000007639767100→100000004400305100→100000008304139100→100000000437046100,10000.00000000,1262202.00000000,True,False
C00852,6,cycle,100000000437046100→100000008686313100→100000006866783100→100000007639767100→100000008603629100→100000004351795100→100000000437046100,22418.00000000,1838769.00000000,True,False
C00853,6,cycle,100000000437046100→100000008686313100→100000006866783100→100000008304139100→100000008477350100→100000007639767100→100000000437046100,16305.00000000,1302955.00000000,True,False
C00854,6,cycle,100000000437046100→100000008686313100→100000006866783100→100000008304139100→100000008477350100→100000008086440100→100000000437046100,23567.00000000,1477883.00000000,True,False
C00855,6,cycle,100000000437046100→100000008686313100→100000006866783100→100000008304139100→100000008603629100→100000004351795100→100000000437046100,22418.00000000,1900068.00000000,True,False
C00856,6,cycle,100000000437046100→100000008686313100→100000006866783100→100000008304139100→100000008603629100→100000007639767100→100000000437046100,23567.00000000,1409372.00000000,True,False
C00857,6,cycle,100000000437046100→100000008686313100→100000006866783100→100000008443341100→100000008477350100→100000007639767100→100000000437046100,16305.00000000,1260888.00000000,True,False
C00858,6,cycle,100000000437046100→100000008686313100→100000006866783100→100000008443341100→100000008477350100→100000008086440100→100000000437046100,17000.00000000,1435816.00000000,True,False
C00859,6,cycle,100000000437046100→100000008686313100→100000008477350100→100000003968044100→100000008603629100→100000004351795100→100000000437046100,22418.00000000,1831201.00000000,False,False
C00860,6,cycle,100000000437046100→100000008686313100→100000008477350100→100000003968044100→100000008603629100→100000007639767100→100000000437046100,23722.00000000,1340505.00000000,False,False
C00861,6,cycle,100000000437046100→100000008686313100→100000008477350100→100000005910114100→100000002957787100→100000008632060100→100000000437046100,6000.00000000,1391106.00000000,False,False
C00862,6,cycle,100000000437046100→100000008686313100→100000008477350100→100000005910114100→100000006866783100→100000004351795100→100000000437046100,25800.00000000,2121866.00000000,True,False
C00863,6,cycle,100000000437046100→100000008686313100→100000008477350100→100000005910114100→100000006866783100→100000004390333100→100000000437046100,25800.00000000,1659213.00000000,True,False
C00864,6,cycle,100000000437046100→100000008686313100→100000008477350100→100000005910114100→100000006866783100→100000007639767100→100000000437046100,23018.00000000,1586480.00000000,True,False
C00865,6,cycle,100000000437046100→100000008686313100→100000008477350100→100000005910114100→100000006866783100→100000008304139100→100000000437046100,23567.00000000,1567029.00000000,True,False
C00866,6,cycle,100000000437046100→100000008686313100→100000008477350100→100000005910114100→100000008603629100→100000004351795100→100000000437046100,22418.00000000,2068792.00000000,False,False
C00867,6,cycle,100000000437046100→100000008686313100→100000008477350100→100000005910114100→100000008603629100→100000007639767100→100000000437046100,23722.00000000,1578096.00000000,False,False
C00868,6,cycle,100000000437046100→100000008686313100→100000008477350100→100000007593823100→100000008346837100→100000004351795100→100000000437046100,5800.00000000,1718094.00000000,False,False
C00869,6,cycle,100000000437046100→100000008686313100→100000008477350100→100000007639767100→100000004400305100→100000004390333100→100000000437046100,10000.00000000,1275895.00000000,False,False
C00870,6,cycle,100000000437046100→100000008686313100→100000008477350100→100000007639767100→100000004400305100→100000008304139100→100000000437046100,10000.00000000,1233189.00000000,False,False
C00871,6,cycle,100000000437046100→100000008686313100→100000008477350100→100000007639767100→100000006866783100→100000004351795100→100000000437046100,10000.00000000,1765492.00000000,True,False
C00872,6,cycle,100000000437046100→100000008686313100→100000008477350100→100000007639767100→100000006866783100→100000004390333100→100000000437046100,10000.00000000,1302839.00000000,True,False
C00873,6,cycle,100000000437046100→100000008686313100→100000008477350100→100000007639767100→100000006866783100→100000008304139100→100000000437046100,10000.00000000,1210655.00000000,True,False
C00874,6,cycle,100000000437046100→100000008686313100→100000008477350100→100000007639767100→100000008603629100→100000004351795100→100000000437046100,16305.00000000,1809756.00000000,False,False
C00875,6,cycle,100000000437046100→100000008686313100→100000008477350100→100000008086440100→100000008603629100→100000004351795100→100000000437046100,22418.00000000,1958834.00000000,False,False
C00876,6,cycle,100000000437046100→100000008686313100→100000008477350100→100000008086440100→100000008603629100→100000007639767100→100000000437046100,23722.00000000,1468138.00000000,False,False
C00877,6,cycle,100000000437046100→100000008686313100→100000008603629100→100000001609499100→100000006866783100→100000004351795100→100000000437046100,11000.00000000,1835543.00000000,True,False
C00878,6,cycle,100000000437046100→100000008686313100→100000008603629100→100000001609499100→100000006866783100→100000004390333100→100000000437046100,11000.00000000,1372890.00000000,True,False
C00879,6,cycle,100000000437046100→100000008686313100→100000008603629100→100000001609499100→100000006866783100→100000007639767100→100000000437046100,11000.00000000,1300157.00000000,True,False
C00880,6,cycle,100000000437046100→100000008686313100→100000008603629100→100000001609499100→100000006866783100→100000008304139100→100000000437046100,11000.00000000,1280706.00000000,True,False
C00881,6,cycle,100000000437046100→100000008686313100→100000008603629100→100000001660397100→100000006866783100→100000004351795100→100000000437046100,24000.00000000,1822187.00000000,True,False
C00882,6,cycle,100000000437046100→100000008686313100→100000008603629100→100000001660397100→100000006866783100→100000004390333100→100000000437046100,24000.00000000,1359534.00000000,True,False
C00883,6,cycle,100000000437046100→100000008686313100→100000008603629100→100000001660397100→100000006866783100→100000007639767100→100000000437046100,23018.00000000,1286801.00000000,True,False
C00884,6,cycle,100000000437046100→100000008686313100→100000008603629100→100000001660397100→100000006866783100→100000008304139100→100000000437046100,23567.00000000,1267350.00000000,True,False
C00885,6,cycle,100000000437046100→100000008686313100→100000008603629100→100000001660397100→100000008413748100→100000008304139100→100000000437046100,13000.00000000,1258874.75000000,False,False
C00886,6,cycle,100000000437046100→100000008686313100→100000008603629100→100000001660397100→100000008477350100→100000007639767100→100000000437046100,12000.00000000,1268088.00000000,False,False
C00887,6,cycle,100000000437046100→100000008686313100→100000008603629100→100000001660397100→100000008477350100→100000008086440100→100000000437046100,12000.00000000,1443016.00000000,False,False
C00888,6,cycle,100000000437046100→100000008686313100→100000008603629100→100000002723538100→100000003242289100→100000008304139100→100000000437046100,30000.00000000,1387700.00000000,False,False
C00889,6,cycle,100000000437046100→100000008686313100→100000008603629100→100000004351795100→100000003242289100→100000008304139100→100000000437046100,22418.00000000,1355471.00000000,False,True
C00890,6,cycle,100000000437046100→100000008686313100→100000008603629100→100000007639767100→100000004400305100→100000004390333100→100000000437046100,10000.00000000,1313012.00000000,False,False
C00891,6,cycle,100000000437046100→100000008686313100→100000008603629100→100000007639767100→100000004400305100→100000008304139100→100000000437046100,10000.00000000,1270306.00000000,False,False
C00892,6,cycle,100000000437046100→100000008686313100→100000008603629100→100000007639767100→100000006866783100→100000004351795100→100000000437046100,10000.00000000,1802609.00000000,True,False
C00893,6,cycle,100000000437046100→100000008686313100→100000008603629100→100000007639767100→100000006866783100→100000004390333100→100000000437046100,10000.00000000,1339956.00000000,True,False
C00894,6,cycle,100000000437046100→100000008686313100→100000008603629100→100000007639767100→100000006866783100→100000008304139100→100000000437046100,10000.00000000,1247772.00000000,True,False
C00895,6,cycle,100000001049200100→100000004156082100→100000005287097100→100000004150593100→100000008595687100→100000003016635100→100000001049200100,6014.00000000,175259.00000000,True,False
C00896,6,cycle,100000001609499100→100000006866783100→100000001660397100→100000008413748100→100000004070318100→100000004400305100→100000001609499100,11000.00000000,206141.55000000,True,False
C00897,6,cycle,100000001609499100→100000006866783100→100000001660397100→100000008413748100→100000004070318100→100000008603629100→100000001609499100,11000.00000000,151603.55000000,True,False
C00898,6,cycle,100000001609499100→100000006866783100→100000001660397100→100000008413748100→100000008304139100→100000008603629100→100000001609499100,11000.00000000,284047.75000000,True,False
C00899,6,cycle,100000001609499100→100000006866783100→100000001660397100→100000008477350100→100000003968044100→100000008603629100→100000001609499100,11000.00000000,233956.00000000,True,False
C00900,6,cycle,100000001609499100→100000006866783100→100000001660397100→100000008477350100→100000005910114100→100000008603629100→100000001609499100,11000.00000000,471547.00000000,True,False
C00901,6,cycle,100000001609499100→100000006866783100→100000001660397100→100000008477350100→100000007639767100→100000004400305100→100000001609499100,10000.00000000,182125.00000000,True,True
C00902,6,cycle,100000001609499100→100000006866783100→100000001660397100→100000008477350100→100000007639767100→100000008603629100→100000001609499100,11000.00000000,212511.00000000,True,True
C00903,6,cycle,100000001609499100→100000006866783100→100000001660397100→100000008477350100→100000008086440100→100000008603629100→100000001609499100,11000.00000000,361589.00000000,True,False
C00904,6,cycle,100000001609499100→100000006866783100→100000002306369100→100000008111003100→100000003796063100→100000004400305100→100000001609499100,9000.00000000,292686.00000000,True,False
C00905,6,cycle,100000001609499100→100000006866783100→100000002306369100→100000008477350100→100000003968044100→100000008603629100→100000001609499100,11000.00000000,310822.00000000,True,False
C00906,6,cycle,100000001609499100→100000006866783100→100000002306369100→100000008477350100→100000005910114100→100000008603629100→100000001609499100,11000.00000000,548413.00000000,True,False
C00907,6,cycle,100000001609499100→100000006866783100→100000002306369100→100000008477350100→100000007639767100→100000004400305100→100000001609499100,10000.00000000,258991.00000000,True,False
C00908,6,cycle,100000001609499100→100000006866783100→100000002306369100→100000008477350100→100000007639767100→100000008603629100→100000001609499100,11000.00000000,289377.00000000,True,False
C00909,6,cycle,100000001609499100→100000006866783100→100000002306369100→100000008477350100→100000008086440100→100000008603629100→100000001609499100,11000.00000000,438455.00000000,True,False
C00910,6,cycle,100000001609499100→100000006866783100→100000002306369100→100000008603629100→100000007639767100→100000004400305100→100000001609499100,10000.00000000,252308.00000000,True,False
C00911,6,cycle,100000001609499100→100000006866783100→100000004070318100→100000002957787100→100000008632060100→100000004400305100→100000001609499100,6000.00000000,242845.00000000,True,False
C00912,6,cycle,100000001609499100→100000006866783100→100000004070318100→100000002957787100→100000008632060100→100000008603629100→100000001609499100,6000.00000000,194981.00000000,True,False
C00913,6,cycle,100000001609499100→100000006866783100→100000004070318100→100000004400305100→100000002723538100→100000008603629100→100000001609499100,11000.00000000,251181.00000000,True,False
C00914,6,cycle,100000001609499100→100000006866783100→100000004070318100→100000004400305100→100000004390333100→100000008603629100→100000001609499100,11000.00000000,229988.00000000,True,False
C00915,6,cycle,100000001609499100→100000006866783100→100000004070318100→100000004400305100→100000004847758100→100000008603629100→100000001609499100,11000.00000000,240248.00000000,True,False
C00916,6,cycle,100000001609499100→100000006866783100→100000004070318100→100000004400305100→100000005048668100→100000008603629100→100000001609499100,10168.00000000,226349.00000000,True,False
C00917,6,cycle,100000001609499100→100000006866783100→100000004070318100→100000004400305100→100000005910114100→100000008603629100→100000001609499100,11000.00000000,476973.00000000,True,False
C00918,6,cycle,100000001609499100→100000006866783100→100000004070318100→100000004400305100→100000008304139100→100000008603629100→100000001609499100,11000.00000000,356282.00000000,True,False
C00919,6,cycle,100000001609499100→100000006866783100→100000004070318100→100000004400305100→100000008686313100→100000008603629100→100000001609499100,11000.00000000,289098.00000000,True,False
C00920,6,cycle,100000001609499100→100000006866783100→100000004070318100→100000008346837100→100000004351795100→100000008603629100→100000001609499100,11000.00000000,297951.00000000,True,False
C00921,6,cycle,100000001609499100→100000006866783100→100000004070318100→100000008346837100→100000005048668100→100000008603629100→100000001609499100,6500.00000000,262940.00000000,True,False
C00922,6,cycle,100000001609499100→100000006866783100→100000004070318100→100000008346837100→100000005910114100→100000008603629100→100000001609499100,11000.00000000,516073.00000000,True,False
C00923,6,cycle,100000001609499100→100000006866783100→100000004070318100→100000008477350100→100000003968044100→100000008603629100→100000001609499100,11000.00000000,292381.00000000,True,False
C00924,6,cycle,100000001609499100→100000006866783100→100000004070318100→100000008477350100→100000005910114100→100000008603629100→100000001609499100,11000.00000000,529972.00000000,True,False
C00925,6,cycle,100000001609499100→100000006866783100→100000004070318100→100000008477350100→100000007639767100→100000004400305100→100000001609499100,10000.00000000,240550.00000000,True,False
C00926,6,cycle,100000001609499100→100000006866783100→100000004070318100→100000008477350100→100000007639767100→100000008603629100→100000001609499100,11000.00000000,270936.00000000,True,False
C00927,6,cycle,100000001609499100→100000006866783100→100000004070318100→100000008477350100→100000008086440100→100000008603629100→100000001609499100,11000.00000000,420014.00000000,True,False
C00928,6,cycle,100000001609499100→100000006866783100→100000004070318100→100000008603629100→100000007639767100→100000004400305100→100000001609499100,10000.00000000,246093.00000000,True,False
C00929,6,cycle,100000001609499100→100000006866783100→100000004351795100→100000003242289100→100000004140487100→100000004400305100→100000001609499100,11000.00000000,294434.00000000,True,False
C00930,6,cycle,100000001609499100→100000006866783100→100000004351795100→100000003242289100→100000004140487100→100000008603629100→100000001609499100,11000.00000000,226570.00000000,True,False
C00931,6,cycle,100000001609499100→100000006866783100→100000004351795100→100000003242289100→100000008304139100→100000008603629100→100000001609499100,11000.00000000,434630.00000000,True,False
C00932,6,cycle,100000001609499100→100000006866783100→100000004351795100→100000008603629100→100000007639767100→100000004400305100→100000001609499100,10000.00000000,301646.00000000,True,False
C00933,6,cycle,100000001609499100→100000006866783100→100000004390333100→100000008477350100→100000003968044100→100000008603629100→100000001609499100,11000.00000000,288407.00000000,True,False
C00934,6,cycle,100000001609499100→100000006866783100→100000004390333100→100000008477350100→100000005910114100→100000008603629100→100000001609499100,11000.00000000,525998.00000000,True,False
C00935,6,cycle,100000001609499100→100000006866783100→100000004390333100→100000008477350100→100000007639767100→100000004400305100→100000001609499100,10000.00000000,236576.00000000,True,False
C00936,6,cycle,100000001609499100→100000006866783100→100000004390333100→100000008477350100→100000007639767100→100000008603629100→100000001609499100,11000.00000000,266962.00000000,True,False
C00937,6,cycle,100000001609499100→100000006866783100→100000004390333100→100000008477350100→100000008086440100→100000008603629100→100000001609499100,11000.00000000,416040.00000000,True,False
C00938,6,cycle,100000001609499100→100000006866783100→100000004390333100→100000008603629100→100000007639767100→100000004400305100→100000001609499100,10000.00000000,263993.00000000,True,False
C00939,6,cycle,100000001609499100→100000006866783100→100000004679953100→100000005782781100→100000004847758100→100000008603629100→100000001609499100,11000.00000000,188376.00000000,True,True
C00940,6,cycle,100000001609499100→100000006866783100→100000004847758100→100000008603629100→100000007639767100→100000004400305100→100000001609499100,10000.00000000,219017.00000000,True,False
C00941,6,cycle,100000001609499100→100000006866783100→100000007639767100→100000004400305100→100000002723538100→100000008603629100→100000001609499100,10000.00000000,199674.00000000,True,False
C00942,6,cycle,100000001609499100→100000006866783100→100000007639767100→100000004400305100→100000004070318100→100000008603629100→100000001609499100,10000.00000000,145800.00000000,True,False
C00943,6,cycle,100000001609499100→100000006866783100→100000007639767100→100000004400305100→100000004390333100→100000008603629100→100000001609499100,10000.00000000,178481.00000000,True,False
C00944,6,cycle,100000001609499100→100000006866783100→100000007639767100→100000004400305100→100000004847758100→100000008603629100→100000001609499100,10000.00000000,188741.00000000,True,False
C00945,6,cycle,100000001609499100→100000006866783100→100000007639767100→100000004400305100→100000005048668100→100000008603629100→100000001609499100,10000.00000000,174842.00000000,True,False
C00946,6,cycle,100000001609499100→100000006866783100→100000007639767100→100000004400305100→100000005910114100→100000008603629100→100000001609499100,10000.00000000,425466.00000000,True,False
C00947,6,cycle,100000001609499100→100000006866783100→100000007639767100→100000004400305100→100000008304139100→100000008603629100→100000001609499100,10000.00000000,304775.00000000,True,False
C00948,6,cycle,100000001609499100→100000006866783100→100000007639767100→100000004400305100→100000008686313100→100000008603629100→100000001609499100,10000.00000000,237591.00000000,True,False
C00949,6,cycle,100000001609499100→100000006866783100→100000008304139100→100000001857829100→100000003880331100→100000008603629100→100000001609499100,11000.00000000,840223.00000000,True,False
C00950,6,cycle,100000001609499100→100000006866783100→100000008304139100→100000005782781100→100000004847758100→100000008603629100→100000001609499100,11000.00000000,193940.00000000,True,False
C00951,6,cycle,100000001609499100→100000006866783100→100000008304139100→100000008477350100→100000003968044100→100000008603629100→100000001609499100,11000.00000000,286223.00000000,True,False
C00952,6,cycle,100000001609499100→100000006866783100→100000008304139100→100000008477350100→100000005910114100→100000008603629100→100000001609499100,11000.00000000,523814.00000000,True,False
C00953,6,cycle,100000001609499100→100000006866783100→100000008304139100→100000008477350100→100000007639767100→100000004400305100→100000001609499100,10000.00000000,234392.00000000,True,False
C00954,6,cycle,100000001609499100→100000006866783100→100000008304139100→100000008477350100→100000007639767100→100000008603629100→100000001609499100,11000.00000000,264778.00000000,True,False
C00955,6,cycle,100000001609499100→100000006866783100→100000008304139100→100000008477350100→100000008086440100→100000008603629100→100000001609499100,11000.00000000,413856.00000000,True,False
C00956,6,cycle,100000001609499100→100000006866783100→100000008304139100→100000008603629100→100000007639767100→100000004400305100→100000001609499100,10000.00000000,340809.00000000,True,False
C00957,6,cycle,100000001609499100→100000006866783100→100000008443341100→100000008477350100→100000003968044100→100000008603629100→100000001609499100,11000.00000000,244156.00000000,True,False
C00958,6,cycle,100000001609499100→100000006866783100→100000008443341100→100000008477350100→100000005910114100→100000008603629100→100000001609499100,11000.00000000,481747.00000000,True,False
C00959,6,cycle,100000001609499100→100000006866783100→100000008443341100→100000008477350100→100000007639767100→100000004400305100→100000001609499100,10000.00000000,192325.00000000,True,True
C00960,6,cycle,100000001609499100→100000006866783100→100000008443341100→100000008477350100→100000007639767100→100000008603629100→100000001609499100,11000.00000000,222711.00000000,True,True
C00961,6,cycle,100000001609499100→100000006866783100→100000008443341100→100000008477350100→100000008086440100→100000008603629100→100000001609499100,11000.00000000,371789.00000000,True,False
C00962,6,cycle,100000001609499100→100000006866783100→100000008686313100→100000008477350100→100000003968044100→100000008603629100→100000001609499100,11000.00000000,453637.00000000,True,False
C00963,6,cycle,100000001609499100→100000006866783100→100000008686313100→100000008477350100→100000005910114100→100000008603629100→100000001609499100,11000.00000000,691228.00000000,True,False
C00964,6,cycle,100000001609499100→100000006866783100→100000008686313100→100000008477350100→100000007639767100→100000004400305100→100000001609499100,10000.00000000,401806.00000000,True,False
C00965,6,cycle,100000001609499100→100000006866783100→100000008686313100→100000008477350100→100000007639767100→100000008603629100→100000001609499100,11000.00000000,432192.00000000,True,False
C00966,6,cycle,100000001609499100→100000006866783100→100000008686313100→100000008477350100→100000008086440100→100000008603629100→100000001609499100,11000.00000000,581270.00000000,True,False
C00967,6,cycle,100000001609499100→100000006866783100→100000008686313100→100000008603629100→100000007639767100→100000004400305100→100000001609499100,10000.00000000,438923.00000000,True,False
C00968,6,cycle,100000001660397100→100000006866783100→100000002306369100→100000008477350100→100000003968044100→100000008603629100→100000001660397100,24000.00000000,297466.00000000,True,False
C00969,6,cycle,100000001660397100→100000006866783100→100000002306369100→100000008477350100→100000005910114100→100000008603629100→100000001660397100,24000.00000000,535057.00000000,True,False
C00970,6,cycle,100000001660397100→100000006866783100→100000002306369100→100000008477350100→100000007639767100→100000008603629100→100000001660397100,16305.00000000,276021.00000000,True,False
C00971,6,cycle,100000001660397100→100000006866783100→100000002306369100→100000008477350100→100000008086440100→100000008603629100→100000001660397100,24000.00000000,425099.00000000,True,False
C00972,6,cycle,100000001660397100→100000006866783100→100000004070318100→100000002957787100→100000008632060100→100000008603629100→100000001660397100,6000.00000000,181625.00000000,True,False
C00973,6,cycle,100000001660397100→100000006866783100→100000004070318100→100000004400305100→100000002723538100→100000008603629100→100000001660397100,15000.00000000,237825.00000000,True,True
C00974,6,cycle,100000001660397100→100000006866783100→100000004070318100→100000004400305100→100000004390333100→100000008603629100→100000001660397100,18807.00000000,216632.00000000,True,True
C00975,6,cycle,100000001660397100→100000006866783100→100000004070318100→100000004400305100→100000004847758100→100000008603629100→100000001660397100,19800.00000000,226892.00000000,True,False
C00976,6,cycle,100000001660397100→100000006866783100→100000004070318100→100000004400305100→100000005048668100→100000008603629100→100000001660397100,10168.00000000,212993.00000000,True,True
C00977,6,cycle,100000001660397100→100000006866783100→100000004070318100→100000004400305100→100000005910114100→100000008603629100→100000001660397100,19800.00000000,463617.00000000,True,False
C00978,6,cycle,100000001660397100→100000006866783100→100000004070318100→100000004400305100→100000008304139100→100000008603629100→100000001660397100,19800.00000000,342926.00000000,True,True
C00979,6,cycle,100000001660397100→100000006866783100→100000004070318100→100000004400305100→100000008686313100→100000008603629100→100000001660397100,19800.00000000,275742.00000000,True,True
C00980,6,cycle,100000001660397100→100000006866783100→100000004070318100→100000008346837100→100000004351795100→100000008603629100→100000001660397100,24000.00000000,284595.00000000,True,False
C00981,6,cycle,100000001660397100→100000006866783100→100000004070318100→100000008346837100→100000005048668100→100000008603629100→100000001660397100,6500.00000000,249584.00000000,True,True
C00982,6,cycle,100000001660397100→100000006866783100→100000004070318100→100000008346837100→100000005910114100→100000008603629100→100000001660397100,24000.00000000,502717.00000000,True,True
C00983,6,cycle,100000001660397100→100000006866783100→100000004070318100→100000008477350100→100000003968044100→100000008603629100→100000001660397100,24000.00000000,279025.00000000,True,True
C00984,6,cycle,100000001660397100→100000006866783100→100000004070318100→100000008477350100→100000005910114100→100000008603629100→100000001660397100,24000.00000000,516616.00000000,True,False
C00985,6,cycle,100000001660397100→100000006866783100→100000004070318100→100000008477350100→100000007639767100→100000008603629100→100000001660397100,16305.00000000,257580.00000000,True,True
C00986,6,cycle,100000001660397100→100000006866783100→100000004070318100→100000008477350100→100000008086440100→100000008603629100→100000001660397100,24000.00000000,406658.00000000,True,True
C00987,6,cycle,100000001660397100→100000006866783100→100000004351795100→100000003242289100→100000004140487100→100000008603629100→100000001660397100,20000.00000000,213214.00000000,True,False
C00988,6,cycle,100000001660397100→100000006866783100→100000004351795100→100000003242289100→100000008304139100→100000008603629100→100000001660397100,24000.00000000,421274.00000000,True,False
C00989,6,cycle,100000001660397100→100000006866783100→100000004390333100→100000008477350100→100000003968044100→100000008603629100→100000001660397100,24000.00000000,275051.00000000,True,False
C00990,6,cycle,100000001660397100→100000006866783100→100000004390333100→100000008477350100→100000005910114100→100000008603629100→100000001660397100,24000.00000000,512642.00000000,True,False
C00991,6,cycle,100000001660397100→100000006866783100→100000004390333100→100000008477350100→100000007639767100→100000008603629100→100000001660397100,16305.00000000,253606.00000000,True,False
C00992,6,cycle,100000001660397100→100000006866783100→100000004390333100→100000008477350100→100000008086440100→100000008603629100→100000001660397100,24000.00000000,402684.00000000,True,False
C00993,6,cycle,100000001660397100→100000006866783100→100000004679953100→100000005782781100→100000004847758100→100000008603629100→100000001660397100,16000.00000000,175020.00000000,True,True
C00994,6,cycle,100000001660397100→100000006866783100→100000007639767100→100000004400305100→100000002723538100→100000008603629100→100000001660397100,10000.00000000,186318.00000000,True,False
C00995,6,cycle,100000001660397100→100000006866783100→100000007639767100→100000004400305100→100000004070318100→100000008603629100→100000001660397100,10000.00000000,132444.00000000,True,False
C00996,6,cycle,100000001660397100→100000006866783100→100000007639767100→100000004400305100→100000004390333100→100000008603629100→100000001660397100,10000.00000000,165125.00000000,True,False
C00997,6,cycle,100000001660397100→100000006866783100→100000007639767100→100000004400305100→100000004847758100→100000008603629100→100000001660397100,10000.00000000,175385.00000000,True,False
C00998,6,cycle,100000001660397100→100000006866783100→100000007639767100→100000004400305100→100000005048668100→100000008603629100→100000001660397100,10000.00000000,161486.00000000,True,False
C00999,6,cycle,100000001660397100→100000006866783100→100000007639767100→100000004400305100→100000005910114100→100000008603629100→100000001660397100,10000.00000000,412110.00000000,True,False
C01000,6,cycle,100000001660397100→100000006866783100→100000007639767100→100000004400305100→100000008304139100→100000008603629100→100000001660397100,10000.00000000,291419.00000000,True,False
C01001,6,cycle,100000001660397100→100000006866783100→100000007639767100→100000004400305100→100000008686313100→100000008603629100→100000001660397100,10000.00000000,224235.00000000,True,False
C01002,6,cycle,100000001660397100→100000006866783100→100000008304139100→100000001857829100→100000003880331100→100000008603629100→100000001660397100,23567.00000000,826867.00000000,True,False
C01003,6,cycle,100000001660397100→100000006866783100→100000008304139100→100000005782781100→100000004847758100→100000008603629100→100000001660397100,23567.00000000,180584.00000000,True,False
C01004,6,cycle,100000001660397100→100000006866783100→100000008304139100→100000008477350100→100000003968044100→100000008603629100→100000001660397100,23567.00000000,272867.00000000,True,False
C01005,6,cycle,100000001660397100→100000006866783100→100000008304139100→100000008477350100→100000005910114100→100000008603629100→100000001660397100,23567.00000000,510458.00000000,True,False
C01006,6,cycle,100000001660397100→100000006866783100→100000008304139100→100000008477350100→100000007639767100→100000008603629100→100000001660397100,16305.00000000,251422.00000000,True,False
C01007,6,cycle,100000001660397100→100000006866783100→100000008304139100→100000008477350100→100000008086440100→100000008603629100→100000001660397100,23567.00000000,400500.00000000,True,False
C01008,6,cycle,100000001660397100→100000006866783100→100000008443341100→100000008477350100→100000003968044100→100000008603629100→100000001660397100,17000.00000000,230800.00000000,True,True
C01009,6,cycle,100000001660397100→100000006866783100→100000008443341100→100000008477350100→100000005910114100→100000008603629100→100000001660397100,17000.00000000,468391.00000000,True,False
C01010,6,cycle,100000001660397100→100000006866783100→100000008443341100→100000008477350100→100000007639767100→100000008603629100→100000001660397100,16305.00000000,209355.00000000,True,True
C01011,6,cycle,100000001660397100→100000006866783100→100000008443341100→100000008477350100→100000008086440100→100000008603629100→100000001660397100,17000.00000000,358433.00000000,True,False
C01012,6,cycle,100000001660397100→100000006866783100→100000008686313100→100000008477350100→100000003968044100→100000008603629100→100000001660397100,24000.00000000,440281.00000000,True,True
C01013,6,cycle,100000001660397100→100000006866783100→100000008686313100→100000008477350100→100000005910114100→100000008603629100→100000001660397100,24000.00000000,677872.00000000,True,False
C01014,6,cycle,100000001660397100→100000006866783100→100000008686313100→100000008477350100→100000007639767100→100000008603629100→100000001660397100,16305.00000000,418836.00000000,True,False
C01015,6,cycle,100000001660397100→100000006866783100→100000008686313100→100000008477350100→100000008086440100→100000008603629100→100000001660397100,24000.00000000,567914.00000000,True,False
C01016,6,cycle,100000001660397100→100000008413748100→100000004070318100→100000002957787100→100000008632060100→100000006866783100→100000001660397100,6000.00000000,95421.55000000,True,False
C01017,6,cycle,100000001660397100→100000008413748100→100000004070318100→100000002957787100→100000008632060100→100000008603629100→100000001660397100,6000.00000000,135421.55000000,False,False
C01018,6,cycle,100000001660397100→100000008413748100→100000004070318100→100000004400305100→100000002723538100→100000008603629100→100000001660397100,13000.00000000,191621.55000000,False,False
C01019,6,cycle,100000001660397100→100000008413748100→100000004070318100→100000004400305100→100000003213473100→100000006866783100→100000001660397100,10000.00000000,149121.55000000,True,False
C01020,6,cycle,100000001660397100→100000008413748100→100000004070318100→100000004400305100→100000004390333100→100000006866783100→100000001660397100,13000.00000000,160428.55000000,True,False
C01021,6,cycle,100000001660397100→100000008413748100→100000004070318100→100000004400305100→100000004390333100→100000008603629100→100000001660397100,13000.00000000,170428.55000000,False,False
C01022,6,cycle,100000001660397100→100000008413748100→100000004070318100→100000004400305100→100000004847758100→100000008603629100→100000001660397100,13000.00000000,180688.55000000,False,False
C01023,6,cycle,100000001660397100→100000008413748100→100000004070318100→100000004400305100→100000005048668100→100000008603629100→100000001660397100,10168.00000000,166789.55000000,False,False
C01024,6,cycle,100000001660397100→100000008413748100→100000004070318100→100000004400305100→100000005910114100→100000006866783100→100000001660397100,13000.00000000,416501.55000000,True,False
C01025,6,cycle,100000001660397100→100000008413748100→100000004070318100→100000004400305100→100000005910114100→100000008603629100→100000001660397100,13000.00000000,417413.55000000,False,False
C01026,6,cycle,100000001660397100→100000008413748100→100000004070318100→100000004400305100→100000008304139100→100000006866783100→100000001660397100,13000.00000000,271722.55000000,True,False
C01027,6,cycle,100000001660397100→100000008413748100→100000004070318100→100000004400305100→100000008304139100→100000008603629100→100000001660397100,13000.00000000,296722.55000000,False,False
C01028,6,cycle,100000001660397100→100000008413748100→100000004070318100→100000004400305100→100000008587459100→100000006866783100→100000001660397100,13000.00000000,309628.55000000,True,False
C01029,6,cycle,100000001660397100→100000008413748100→100000004070318100→100000004400305100→100000008686313100→100000006866783100→100000001660397100,13000.00000000,212138.55000000,True,False
C01030,6,cycle,100000001660397100→100000008413748100→100000004070318100→100000004400305100→100000008686313100→100000008603629100→100000001660397100,13000.00000000,229538.55000000,False,False
C01031,6,cycle,100000001660397100→100000008413748100→100000004070318100→100000006866783100→100000002306369100→100000008603629100→100000001660397100,13000.00000000,250887.55000000,True,False
C01032,6,cycle,100000001660397100→100000008413748100→100000004070318100→100000006866783100→100000004351795100→100000008603629100→100000001660397100,13000.00000000,300225.55000000,True,False
C01033,6,cycle,100000001660397100→100000008413748100→100000004070318100→100000006866783100→100000004390333100→100000008603629100→100000001660397100,13000.00000000,262572.55000000,True,False
C01034,6,cycle,100000001660397100→100000008413748100→100000004070318100→100000006866783100→100000004847758100→100000008603629100→100000001660397100,13000.00000000,217596.55000000,True,False
C01035,6,cycle,100000001660397100→100000008413748100→100000004070318100→100000006866783100→100000007639767100→100000008603629100→100000001660397100,13000.00000000,278089.55000000,True,False
C01036,6,cycle,100000001660397100→100000008413748100→100000004070318100→100000006866783100→100000008304139100→100000008603629100→100000001660397100,13000.00000000,339388.55000000,True,False
C01037,6,cycle,100000001660397100→100000008413748100→100000004070318100→100000006866783100→100000008686313100→100000008603629100→100000001660397100,13000.00000000,437502.55000000,True,False
C01038,6,cycle,100000001660397100→100000008413748100→100000004070318100→100000008346837100→100000004351795100→100000008603629100→100000001660397100,13000.00000000,238391.55000000,False,False
C01039,6,cycle,100000001660397100→100000008413748100→100000004070318100→100000008346837100→100000005048668100→100000008603629100→100000001660397100,6500.00000000,203380.55000000,False,False
C01040,6,cycle,100000001660397100→100000008413748100→100000004070318100→100000008346837100→100000005910114100→100000006866783100→100000001660397100,13000.00000000,455601.55000000,True,False
C01041,6,cycle,100000001660397100→100000008413748100→100000004070318100→100000008346837100→100000005910114100→100000008603629100→100000001660397100,13000.00000000,456513.55000000,False,False
C01042,6,cycle,100000001660397100→100000008413748100→100000004070318100→100000008477350100→100000003968044100→100000008603629100→100000001660397100,13000.00000000,232821.55000000,False,False
C01043,6,cycle,100000001660397100→100000008413748100→100000004070318100→100000008477350100→100000005910114100→100000006866783100→100000001660397100,13000.00000000,469500.55000000,True,False
C01044,6,cycle,100000001660397100→100000008413748100→100000004070318100→100000008477350100→100000005910114100→100000008603629100→100000001660397100,13000.00000000,470412.55000000,False,False
C01045,6,cycle,100000001660397100→100000008413748100→100000004070318100→100000008477350100→100000007639767100→100000006866783100→100000001660397100,10000.00000000,113126.55000000,True,False
C01046,6,cycle,100000001660397100→100000008413748100→100000004070318100→100000008477350100→100000007639767100→100000008603629100→100000001660397100,13000.00000000,211376.55000000,False,False
C01047,6,cycle,100000001660397100→100000008413748100→100000004070318100→100000008477350100→100000008086440100→100000008603629100→100000001660397100,13000.00000000,360454.55000000,False,False
C01048,6,cycle,100000001660397100→100000008413748100→100000004070318100→100000008603629100→100000007639767100→100000006866783100→100000001660397100,10000.00000000,118669.55000000,True,False
C01049,6,cycle,100000001660397100→100000008413748100→100000004070318100→100000008603629100→100000008686313100→100000006866783100→100000001660397100,13000.00000000,208740.55000000,True,False
C01050,6,cycle,100000001660397100→100000008413748100→100000008304139100→100000001857829100→100000003880331100→100000008603629100→100000001660397100,13000.00000000,818391.75000000,False,False
C01051,6,cycle,100000001660397100→100000008413748100→100000008304139100→100000005782781100→100000004847758100→100000008603629100→100000001660397100,13000.00000000,172108.75000000,False,False
C01052,6,cycle,100000001660397100→100000008413748100→100000008304139100→100000006866783100→100000002306369100→100000008603629100→100000001660397100,13000.00000000,306457.75000000,True,False
C01053,6,cycle,100000001660397100→100000008413748100→100000008304139100→100000006866783100→100000004070318100→100000008603629100→100000001660397100,13000.00000000,300242.75000000,True,False
C01054,6,cycle,100000001660397100→100000008413748100→100000008304139100→100000006866783100→100000004351795100→100000008603629100→100000001660397100,13000.00000000,355795.75000000,True,False
C01055,6,cycle,100000001660397100→100000008413748100→100000008304139100→100000006866783100→100000004390333100→100000008603629100→100000001660397100,13000.00000000,318142.75000000,True,False
C01056,6,cycle,100000001660397100→100000008413748100→100000008304139100→100000006866783100→100000004847758100→100000008603629100→100000001660397100,13000.00000000,273166.75000000,True,False
C01057,6,cycle,100000001660397100→100000008413748100→100000008304139100→100000006866783100→100000007639767100→100000008603629100→100000001660397100,13000.00000000,333659.75000000,True,False
C01058,6,cycle,100000001660397100→100000008413748100→100000008304139100→100000006866783100→100000008686313100→100000008603629100→100000001660397100,13000.00000000,493072.75000000,True,False
C01059,6,cycle,100000001660397100→100000008413748100→100000008304139100→100000008477350100→100000003968044100→100000008603629100→100000001660397100,13000.00000000,264391.75000000,False,False
C01060,6,cycle,100000001660397100→100000008413748100→100000008304139100→100000008477350100→100000005910114100→100000006866783100→100000001660397100,13000.00000000,501070.75000000,True,False
C01061,6,cycle,100000001660397100→100000008413748100→100000008304139100→100000008477350100→100000005910114100→100000008603629100→100000001660397100,13000.00000000,501982.75000000,False,False
C01062,6,cycle,100000001660397100→100000008413748100→100000008304139100→100000008477350100→100000007639767100→100000006866783100→100000001660397100,10000.00000000,144696.75000000,True,False
C01063,6,cycle,100000001660397100→100000008413748100→100000008304139100→100000008477350100→100000007639767100→100000008603629100→100000001660397100,13000.00000000,242946.75000000,False,False
C01064,6,cycle,100000001660397100→100000008413748100→100000008304139100→100000008477350100→100000008086440100→100000008603629100→100000001660397100,13000.00000000,392024.75000000,False,False
C01065,6,cycle,100000001660397100→100000008413748100→100000008304139100→100000008603629100→100000007639767100→100000006866783100→100000001660397100,10000.00000000,251113.75000000,True,False
C01066,6,cycle,100000001660397100→100000008413748100→100000008304139100→100000008603629100→100000008686313100→100000006866783100→100000001660397100,13000.00000000,341184.75000000,True,False
C01067,6,cycle,100000001660397100→100000008477350100→100000003968044100→100000008603629100→100000007639767100→100000006866783100→100000001660397100,10000.00000000,201022.00000000,True,False
C01068,6,cycle,100000001660397100→100000008477350100→100000003968044100→100000008603629100→100000008686313100→100000006866783100→100000001660397100,12000.00000000,291093.00000000,True,False
C01069,6,cycle,100000001660397100→100000008477350100→100000005910114100→100000001857829100→100000003880331100→100000008603629100→100000001660397100,12000.00000000,929302.00000000,False,False
C01070,6,cycle,100000001660397100→100000008477350100→100000005910114100→100000002957787100→100000008632060100→100000006866783100→100000001660397100,6000.00000000,244123.00000000,True,False
C01071,6,cycle,100000001660397100→100000008477350100→100000005910114100→100000002957787100→100000008632060100→100000008603629100→100000001660397100,6000.00000000,284123.00000000,False,False
C01072,6,cycle,100000001660397100→100000008477350100→100000005910114100→100000005782781100→100000004847758100→100000008603629100→100000001660397100,12000.00000000,293672.00000000,False,False
C01073,6,cycle,100000001660397100→100000008477350100→100000005910114100→100000006866783100→100000002306369100→100000008603629100→100000001660397100,12000.00000000,518045.00000000,True,False
C01074,6,cycle,100000001660397100→100000008477350100→100000005910114100→100000006866783100→100000004070318100→100000008603629100→100000001660397100,12000.00000000,511830.00000000,True,False
C01075,6,cycle,100000001660397100→100000008477350100→100000005910114100→100000006866783100→100000004351795100→100000008603629100→100000001660397100,12000.00000000,567383.00000000,True,False
C01076,6,cycle,100000001660397100→100000008477350100→100000005910114100→100000006866783100→100000004390333100→100000008603629100→100000001660397100,12000.00000000,529730.00000000,True,False
C01077,6,cycle,100000001660397100→100000008477350100→100000005910114100→100000006866783100→100000004847758100→100000008603629100→100000001660397100,12000.00000000,484754.00000000,True,False
C01078,6,cycle,100000001660397100→100000008477350100→100000005910114100→100000006866783100→100000007639767100→100000008603629100→100000001660397100,12000.00000000,545247.00000000,True,False
C01079,6,cycle,100000001660397100→100000008477350100→100000005910114100→100000006866783100→100000008304139100→100000008603629100→100000001660397100,12000.00000000,606546.00000000,True,False
C01080,6,cycle,100000001660397100→100000008477350100→100000005910114100→100000006866783100→100000008686313100→100000008603629100→100000001660397100,12000.00000000,704660.00000000,True,False
C01081,6,cycle,100000001660397100→100000008477350100→100000005910114100→100000008111003100→100000003796063100→100000006866783100→100000001660397100,12000.00000000,330783.00000000,True,False
C01082,6,cycle,100000001660397100→100000008477350100→100000005910114100→100000008603629100→100000007639767100→100000006866783100→100000001660397100,10000.00000000,438613.00000000,True,False
C01083,6,cycle,100000001660397100→100000008477350100→100000005910114100→100000008603629100→100000008686313100→100000006866783100→100000001660397100,12000.00000000,528684.00000000,True,False
C01084,6,cycle,100000001660397100→100000008477350100→100000007593823100→100000008111003100→100000003796063100→100000006866783100→100000001660397100,10000.00000000,160800.00000000,True,False
C01085,6,cycle,100000001660397100→100000008477350100→100000007593823100→100000008346837100→100000004351795100→100000008603629100→100000001660397100,5800.00000000,163611.00000000,False,False
C01086,6,cycle,100000001660397100→100000008477350100→100000007593823100→100000008346837100→100000005048668100→100000008603629100→100000001660397100,5800.00000000,128600.00000000,False,False
C01087,6,cycle,100000001660397100→100000008477350100→100000007593823100→100000008346837100→100000005910114100→100000006866783100→100000001660397100,5800.00000000,380821.00000000,True,False
C01088,6,cycle,100000001660397100→100000008477350100→100000007593823100→100000008346837100→100000005910114100→100000008603629100→100000001660397100,5800.00000000,381733.00000000,False,False
C01089,6,cycle,100000001660397100→100000008477350100→100000007639767100→100000004400305100→100000002723538100→100000008603629100→100000001660397100,10000.00000000,167605.00000000,False,False
C01090,6,cycle,100000001660397100→100000008477350100→100000007639767100→100000004400305100→100000003213473100→100000006866783100→100000001660397100,10000.00000000,125105.00000000,True,False
C01091,6,cycle,100000001660397100→100000008477350100→100000007639767100→100000004400305100→100000004070318100→100000006866783100→100000001660397100,10000.00000000,165605.00000000,True,True
C01092,6,cycle,100000001660397100→100000008477350100→100000007639767100→100000004400305100→100000004070318100→100000008603629100→100000001660397100,10000.00000000,113731.00000000,False,False
C01093,6,cycle,100000001660397100→100000008477350100→100000007639767100→100000004400305100→100000004390333100→100000006866783100→100000001660397100,10000.00000000,136412.00000000,True,False
C01094,6,cycle,100000001660397100→100000008477350100→100000007639767100→100000004400305100→100000004390333100→100000008603629100→100000001660397100,10000.00000000,146412.00000000,False,False
C01095,6,cycle,100000001660397100→100000008477350100→100000007639767100→100000004400305100→100000004847758100→100000008603629100→100000001660397100,10000.00000000,156672.00000000,False,False
C01096,6,cycle,100000001660397100→100000008477350100→100000007639767100→100000004400305100→100000005048668100→100000008603629100→100000001660397100,10000.00000000,142773.00000000,False,False
C01097,6,cycle,100000001660397100→100000008477350100→100000007639767100→100000004400305100→100000005910114100→100000006866783100→100000001660397100,10000.00000000,392485.00000000,True,False
C01098,6,cycle,100000001660397100→100000008477350100→100000007639767100→100000004400305100→100000005910114100→100000008603629100→100000001660397100,10000.00000000,393397.00000000,False,False
C01099,6,cycle,100000001660397100→100000008477350100→100000007639767100→100000004400305100→100000008304139100→100000006866783100→100000001660397100,10000.00000000,247706.00000000,True,False
C01100,6,cycle,100000001660397100→100000008477350100→100000007639767100→100000004400305100→100000008304139100→100000008603629100→100000001660397100,10000.00000000,272706.00000000,False,False
C01101,6,cycle,100000001660397100→100000008477350100→100000007639767100→100000004400305100→100000008587459100→100000006866783100→100000001660397100,10000.00000000,285612.00000000,True,False
C01102,6,cycle,100000001660397100→100000008477350100→100000007639767100→100000004400305100→100000008686313100→100000006866783100→100000001660397100,10000.00000000,188122.00000000,True,False
C01103,6,cycle,100000001660397100→100000008477350100→100000007639767100→100000004400305100→100000008686313100→100000008603629100→100000001660397100,10000.00000000,205522.00000000,False,False
C01104,6,cycle,100000001660397100→100000008477350100→100000007639767100→100000006866783100→100000002306369100→100000008603629100→100000001660397100,10000.00000000,161671.00000000,True,False
C01105,6,cycle,100000001660397100→100000008477350100→100000007639767100→100000006866783100→100000004070318100→100000008603629100→100000001660397100,10000.00000000,155456.00000000,True,False
C01106,6,cycle,100000001660397100→100000008477350100→100000007639767100→100000006866783100→100000004351795100→100000008603629100→100000001660397100,10000.00000000,211009.00000000,True,False
C01107,6,cycle,100000001660397100→100000008477350100→100000007639767100→100000006866783100→100000004390333100→100000008603629100→100000001660397100,10000.00000000,173356.00000000,True,False
C01108,6,cycle,100000001660397100→100000008477350100→100000007639767100→100000006866783100→100000004847758100→100000008603629100→100000001660397100,10000.00000000,128380.00000000,True,False
C01109,6,cycle,100000001660397100→100000008477350100→100000007639767100→100000006866783100→100000008304139100→100000008603629100→100000001660397100,10000.00000000,250172.00000000,True,False
C01110,6,cycle,100000001660397100→100000008477350100→100000007639767100→100000006866783100→100000008686313100→100000008603629100→100000001660397100,10000.00000000,348286.00000000,True,False
C01111,6,cycle,100000001660397100→100000008477350100→100000007639767100→100000008603629100→100000008686313100→100000006866783100→100000001660397100,12000.00000000,269648.00000000,True,True
C01112,6,cycle,100000001660397100→100000008477350100→100000008086440100→100000008603629100→100000007639767100→100000006866783100→100000001660397100,10000.00000000,328655.00000000,True,False
C01113,6,cycle,100000001660397100→100000008477350100→100000008086440100→100000008603629100→100000008686313100→100000006866783100→100000001660397100,12000.00000000,418726.00000000,True,False
C01114,6,cycle,100000001857829100→100000003880331100→100000008603629100→100000002723538100→100000003242289100→100000008304139100→100000001857829100,33000.00000000,947217.00000000,False,False
C01115,6,cycle,100000001857829100→100000003880331100→100000008603629100→100000004351795100→100000003242289100→100000008304139100→100000001857829100,22418.00000000,914988.00000000,False,False
C01116,6,cycle,100000001857829100→100000003880331100→100000008603629100→100000004351795100→100000008512552100→100000003178549100→100000001857829100,22418.00000000,1235518.00000000,False,False
C01117,6,cycle,100000001857829100→100000003880331100→100000008603629100→100000007639767100→100000004400305100→100000005910114100→100000001857829100,10000.00000000,873925.00000000,False,False
C01118,6,cycle,100000001857829100→100000003880331100→100000008603629100→100000007639767100→100000004400305100→100000008304139100→100000001857829100,10000.00000000,829823.00000000,False,False
C01119,6,cycle,100000001857829100→100000003880331100→100000008603629100→100000007639767100→100000006866783100→100000008304139100→100000001857829100,10000.00000000,807289.00000000,True,True
C01120,6,cycle,100000001857829100→100000003880331100→100000008603629100→100000008686313100→100000006866783100→100000008304139100→100000001857829100,23567.00000000,897360.00000000,True,False
C01121,6,cycle,100000001857829100→100000003880331100→100000008603629100→100000008686313100→100000008477350100→100000005910114100→100000001857829100,25800.00000000,989495.00000000,False,False
C01122,6,cycle,100000001857829100→100000008121806100→100000008346837100→100000004351795100→100000003242289100→100000008304139100→100000001857829100,5000.00000000,296081.00000000,False,False
C01123,6,cycle,100000001857829100→100000008121806100→100000008346837100→100000004351795100→100000008512552100→100000003178549100→100000001857829100,5000.00000000,616611.00000000,False,False
C01124,6,cycle,100000001857829100→100000008121806100→100000008346837100→100000004351795100→100000008603629100→100000003178549100→100000001857829100,5000.00000000,277511.00000000,False,False
C01125,6,cycle,100000001857829100→100000008121806100→100000008346837100→100000005048668100→100000008603629100→100000003178549100→100000001857829100,5000.00000000,242500.00000000,False,False
C01126,6,cycle,100000001857829100→100000008121806100→100000008346837100→100000005910114100→100000002957787100→100000008632060100→100000001857829100,5000.00000000,236365.00000000,False,False
C01127,6,cycle,100000001857829100→100000008121806100→100000008346837100→100000005910114100→100000006866783100→100000008304139100→100000001857829100,5000.00000000,481288.00000000,True,False
C01128,6,cycle,100000001857829100→100000008121806100→100000008346837100→100000005910114100→100000008603629100→100000003178549100→100000001857829100,5000.00000000,495633.00000000,False,False
C01129,6,cycle,100000001857829100→100000008603629100→100000002723538100→100000003242289100→100000008512552100→100000003178549100→100000001857829100,26000.00000000,447647.00000000,False,False
C01130,6,cycle,100000001857829100→100000008603629100→100000004351795100→100000003242289100→100000008512552100→100000003178549100→100000001857829100,22418.00000000,415418.00000000,False,False
C01131,6,cycle,100000001857829100→100000008603629100→100000004351795100→100000008512552100→100000003242289100→100000008304139100→100000001857829100,22418.00000000,908879.00000000,False,False
C01132,6,cycle,100000002306369100→100000002723538100→100000003242289100→100000008304139100→100000008587459100→100000006866783100→100000002306369100,20000.00000000,364236.00000000,True,False
C01133,6,cycle,100000002306369100→100000008111003100→100000003796063100→100000004400305100→100000003213473100→100000006866783100→100000002306369100,9000.00000000,235666.00000000,True,False
C01134,6,cycle,100000002306369100→100000008111003100→100000003796063100→100000004400305100→100000004070318100→100000006866783100→100000002306369100,9000.00000000,276166.00000000,True,False
C01135,6,cycle,100000002306369100→100000008111003100→100000003796063100→100000004400305100→100000004390333100→100000006866783100→100000002306369100,9000.00000000,246973.00000000,True,False
C01136,6,cycle,100000002306369100→100000008111003100→100000003796063100→100000004400305100→100000005910114100→100000006866783100→100000002306369100,9000.00000000,503046.00000000,True,False
C01137,6,cycle,100000002306369100→100000008111003100→100000003796063100→100000004400305100→100000008304139100→100000006866783100→100000002306369100,9000.00000000,358267.00000000,True,False
C01138,6,cycle,100000002306369100→100000008111003100→100000003796063100→100000004400305100→100000008587459100→100000006866783100→100000002306369100,9000.00000000,396173.00000000,True,False
C01139,6,cycle,100000002306369100→100000008111003100→100000003796063100→100000004400305100→100000008686313100→100000006866783100→100000002306369100,9000.00000000,298683.00000000,True,False
C01140,6,cycle,100000002306369100→100000008111003100→100000003796063100→100000008346837100→100000005910114100→100000006866783100→100000002306369100,35000.00000000,604887.00000000,True,False
C01141,6,cycle,100000002306369100→100000008111003100→100000003796063100→100000008477350100→100000005910114100→100000006866783100→100000002306369100,35000.00000000,667845.00000000,True,False
C01142,6,cycle,100000002306369100→100000008111003100→100000003796063100→100000008477350100→100000007639767100→100000006866783100→100000002306369100,10000.00000000,311471.00000000,True,False
C01143,6,cycle,100000002306369100→100000008477350100→100000003968044100→100000008603629100→100000007639767100→100000006866783100→100000002306369100,10000.00000000,277888.00000000,True,False
C01144,6,cycle,100000002306369100→100000008477350100→100000003968044100→100000008603629100→100000008686313100→100000006866783100→100000002306369100,35000.00000000,367959.00000000,True,False
C01145,6,cycle,100000002306369100→100000008477350100→100000005910114100→100000002957787100→100000008632060100→100000006866783100→100000002306369100,6000.00000000,320989.00000000,True,False
C01146,6,cycle,100000002306369100→100000008477350100→100000005910114100→100000008111003100→100000003796063100→100000006866783100→100000002306369100,35000.00000000,407649.00000000,True,False
C01147,6,cycle,100000002306369100→100000008477350100→100000005910114100→100000008603629100→100000007639767100→100000006866783100→100000002306369100,10000.00000000,515479.00000000,True,False
C01148,6,cycle,100000002306369100→100000008477350100→100000005910114100→100000008603629100→100000008686313100→100000006866783100→100000002306369100,35000.00000000,605550.00000000,True,False
C01149,6,cycle,100000002306369100→100000008477350100→100000007593823100→100000008111003100→100000003796063100→100000006866783100→100000002306369100,10000.00000000,237666.00000000,True,False
C01150,6,cycle,100000002306369100→100000008477350100→100000007593823100→100000008346837100→100000005910114100→100000006866783100→100000002306369100,5800.00000000,457687.00000000,True,False
C01151,6,cycle,100000002306369100→100000008477350100→100000007639767100→100000004400305100→100000003213473100→100000006866783100→100000002306369100,10000.00000000,201971.00000000,True,False
C01152,6,cycle,100000002306369100→100000008477350100→100000007639767100→100000004400305100→100000004070318100→100000006866783100→100000002306369100,10000.00000000,242471.00000000,True,False
C01153,6,cycle,100000002306369100→100000008477350100→100000007639767100→100000004400305100→100000004390333100→100000006866783100→100000002306369100,10000.00000000,213278.00000000,True,False
C01154,6,cycle,100000002306369100→100000008477350100→100000007639767100→100000004400305100→100000005910114100→100000006866783100→100000002306369100,10000.00000000,469351.00000000,True,False
C01155,6,cycle,100000002306369100→100000008477350100→100000007639767100→100000004400305100→100000008304139100→100000006866783100→100000002306369100,10000.00000000,324572.00000000,True,False
C01156,6,cycle,100000002306369100→100000008477350100→100000007639767100→100000004400305100→100000008587459100→100000006866783100→100000002306369100,10000.00000000,362478.00000000,True,False
C01157,6,cycle,100000002306369100→100000008477350100→100000007639767100→100000004400305100→100000008686313100→100000006866783100→100000002306369100,10000.00000000,264988.00000000,True,False
C01158,6,cycle,100000002306369100→100000008477350100→100000007639767100→100000008603629100→100000008686313100→100000006866783100→100000002306369100,16305.00000000,346514.00000000,True,False
C01159,6,cycle,100000002306369100→100000008477350100→100000008086440100→100000008603629100→100000007639767100→100000006866783100→100000002306369100,10000.00000000,405521.00000000,True,False
C01160,6,cycle,100000002306369100→100000008477350100→100000008086440100→100000008603629100→100000008686313100→100000006866783100→100000002306369100,35000.00000000,495592.00000000,True,False
C01161,6,cycle,100000002306369100→100000008603629100→100000002723538100→100000003242289100→100000008304139100→100000006866783100→100000002306369100,20900.00000000,435283.00000000,True,False
C01162,6,cycle,100000002306369100→100000008603629100→100000003582677100→100000008111003100→100000003796063100→100000006866783100→100000002306369100,10000.00000000,228218.00000000,True,False
C01163,6,cycle,100000002306369100→100000008603629100→100000004351795100→100000003242289100→100000008304139100→100000006866783100→100000002306369100,20900.00000000,403054.00000000,True,False
C01164,6,cycle,100000002306369100→100000008603629100→100000007639767100→100000004400305100→100000003213473100→100000006866783100→100000002306369100,10000.00000000,195288.00000000,True,False
C01165,6,cycle,100000002306369100→100000008603629100→100000007639767100→100000004400305100→100000004070318100→100000006866783100→100000002306369100,10000.00000000,235788.00000000,True,False
C01166,6,cycle,100000002306369100→100000008603629100→100000007639767100→100000004400305100→100000004390333100→100000006866783100→100000002306369100,10000.00000000,206595.00000000,True,False
C01167,6,cycle,100000002306369100→100000008603629100→100000007639767100→100000004400305100→100000005910114100→100000006866783100→100000002306369100,10000.00000000,462668.00000000,True,False
C01168,6,cycle,100000002306369100→100000008603629100→100000007639767100→100000004400305100→100000008304139100→100000006866783100→100000002306369100,10000.00000000,317889.00000000,True,False
C01169,6,cycle,100000002306369100→100000008603629100→100000007639767100→100000004400305100→100000008587459100→100000006866783100→100000002306369100,10000.00000000,355795.00000000,True,False
C01170,6,cycle,100000002306369100→100000008603629100→100000007639767100→100000004400305100→100000008686313100→100000006866783100→100000002306369100,10000.00000000,258305.00000000,True,False
C01171,6,cycle,100000002306369100→100000008603629100→100000008686313100→100000008477350100→100000005910114100→100000006866783100→100000002306369100,20900.00000000,578238.00000000,True,False
C01172,6,cycle,100000002306369100→100000008603629100→100000008686313100→100000008477350100→100000007639767100→100000006866783100→100000002306369100,10000.00000000,221864.00000000,True,False
C01173,6,cycle,100000002645993100→100000008413748100→100000004070318100→100000002957787100→100000008632060100→100000004400305100→100000002645993100,6000.00000000,132251.55000000,False,False
C01174,6,cycle,100000002645993100→100000008413748100→100000004070318100→100000004400305100→100000005910114100→100000002957787100→100000002645993100,13480.00000000,215825.55000000,False,False
C01175,6,cycle,100000002645993100→100000008413748100→100000004070318100→100000006866783100→100000007639767100→100000004400305100→100000002645993100,10000.00000000,196669.55000000,True,False
C01176,6,cycle,100000002645993100→100000008413748100→100000004070318100→100000008346837100→100000005910114100→100000002957787100→100000002645993100,13480.00000000,254925.55000000,False,False
C01177,6,cycle,100000002645993100→100000008413748100→100000004070318100→100000008477350100→100000005910114100→100000002957787100→100000002645993100,13480.00000000,268824.55000000,False,False
C01178,6,cycle,100000002645993100→100000008413748100→100000004070318100→100000008477350100→100000007639767100→100000004400305100→100000002645993100,10000.00000000,129956.55000000,False,False
C01179,6,cycle,100000002645993100→100000008413748100→100000004070318100→100000008603629100→100000007639767100→100000004400305100→100000002645993100,10000.00000000,135499.55000000,False,False
C01180,6,cycle,100000002645993100→100000008413748100→100000008304139100→100000006866783100→100000004070318100→100000002957787100→100000002645993100,7600.00000000,269896.75000000,True,False
C01181,6,cycle,100000002645993100→100000008413748100→100000008304139100→100000006866783100→100000004070318100→100000004400305100→100000002645993100,13480.00000000,303746.75000000,True,False
C01182,6,cycle,100000002645993100→100000008413748100→100000008304139100→100000006866783100→100000007639767100→100000004400305100→100000002645993100,10000.00000000,252239.75000000,True,False
C01183,6,cycle,100000002645993100→100000008413748100→100000008304139100→100000008477350100→100000005910114100→100000002957787100→100000002645993100,13480.00000000,300394.75000000,False,False
C01184,6,cycle,100000002645993100→100000008413748100→100000008304139100→100000008477350100→100000007639767100→100000004400305100→100000002645993100,10000.00000000,161526.75000000,False,False
C01185,6,cycle,100000002645993100→100000008413748100→100000008304139100→100000008603629100→100000007639767100→100000004400305100→100000002645993100,10000.00000000,267943.75000000,False,False
C01186,6,cycle,100000002723538100→100000003242289100→100000004140487100→100000004400305100→100000004070318100→100000008603629100→100000002723538100,23000.00000000,204283.00000000,False,False
C01187,6,cycle,100000002723538100→100000003242289100→100000004140487100→100000004400305100→100000004390333100→100000008603629100→100000002723538100,18807.00000000,236964.00000000,False,False
C01188,6,cycle,100000002723538100→100000003242289100→100000004140487100→100000004400305100→100000004847758100→100000008603629100→100000002723538100,24510.00000000,247224.00000000,False,False
C01189,6,cycle,100000002723538100→100000003242289100→100000004140487100→100000004400305100→100000005048668100→100000008603629100→100000002723538100,10168.00000000,233325.00000000,False,False
C01190,6,cycle,100000002723538100→100000003242289100→100000004140487100→100000004400305100→100000005910114100→100000008603629100→100000002723538100,24510.00000000,483949.00000000,False,False
C01191,6,cycle,100000002723538100→100000003242289100→100000004140487100→100000004400305100→100000008304139100→100000008603629100→100000002723538100,24510.00000000,363258.00000000,False,False
C01192,6,cycle,100000002723538100→100000003242289100→100000004140487100→100000004400305100→100000008686313100→100000008603629100→100000002723538100,24510.00000000,296074.00000000,False,False
C01193,6,cycle,100000002723538100→100000003242289100→100000004140487100→100000008603629100→100000007639767100→100000004400305100→100000002723538100,10000.00000000,126232.00000000,False,False
C01194,6,cycle,100000002723538100→100000003242289100→100000008304139100→100000005782781100→100000004847758100→100000008603629100→100000002723538100,23717.00000000,300934.00000000,False,False
C01195,6,cycle,100000002723538100→100000003242289100→100000008304139100→100000006866783100→100000004070318100→100000004400305100→100000002723538100,15000.00000000,370095.00000000,True,True
C01196,6,cycle,100000002723538100→100000003242289100→100000008304139100→100000006866783100→100000004070318100→100000008603629100→100000002723538100,23126.00000000,429068.00000000,True,False
C01197,6,cycle,100000002723538100→100000003242289100→100000008304139100→100000006866783100→100000004351795100→100000008603629100→100000002723538100,33000.00000000,484621.00000000,True,False
C01198,6,cycle,100000002723538100→100000003242289100→100000008304139100→100000006866783100→100000004390333100→100000008603629100→100000002723538100,33000.00000000,446968.00000000,True,False
C01199,6,cycle,100000002723538100→100000003242289100→100000008304139100→100000006866783100→100000004847758100→100000008603629100→100000002723538100,18775.00000000,401992.00000000,True,False
C01200,6,cycle,100000002723538100→100000003242289100→100000008304139100→100000006866783100→100000007639767100→100000004400305100→100000002723538100,10000.00000000,318588.00000000,True,False
C01201,6,cycle,100000002723538100→100000003242289100→100000008304139100→100000006866783100→100000007639767100→100000008603629100→100000002723538100,23018.00000000,462485.00000000,True,False
C01202,6,cycle,100000002723538100→100000003242289100→100000008304139100→100000006866783100→100000008686313100→100000008603629100→100000002723538100,33000.00000000,621898.00000000,True,False
C01203,6,cycle,100000002723538100→100000003242289100→100000008304139100→100000008477350100→100000003968044100→100000008603629100→100000002723538100,33000.00000000,393217.00000000,False,False
C01204,6,cycle,100000002723538100→100000003242289100→100000008304139100→100000008477350100→100000005910114100→100000008603629100→100000002723538100,33000.00000000,630808.00000000,False,False
C01205,6,cycle,100000002723538100→100000003242289100→100000008304139100→100000008477350100→100000007639767100→100000004400305100→100000002723538100,10000.00000000,227875.00000000,False,False
C01206,6,cycle,100000002723538100→100000003242289100→100000008304139100→100000008477350100→100000007639767100→100000008603629100→100000002723538100,16305.00000000,371772.00000000,False,False
C01207,6,cycle,100000002723538100→100000003242289100→100000008304139100→100000008477350100→100000008086440100→100000008603629100→100000002723538100,33000.00000000,520850.00000000,False,False
C01208,6,cycle,100000002723538100→100000003242289100→100000008304139100→100000008603629100→100000007639767100→100000004400305100→100000002723538100,10000.00000000,334292.00000000,False,False
C01209,6,cycle,100000002723538100→100000008603629100→100000003582677100→100000008111003100→100000003796063100→100000004400305100→100000002723538100,9000.00000000,175652.00000000,False,False
C01210,6,cycle,100000002723538100→100000008603629100→100000004351795100→100000003242289100→100000004140487100→100000004400305100→100000002723538100,15000.00000000,225928.00000000,False,False
C01211,6,cycle,100000002723538100→100000008603629100→100000007639767100→100000006866783100→100000004070318100→100000004400305100→100000002723538100,10000.00000000,218247.00000000,True,False
C01212,6,cycle,100000002723538100→100000008603629100→100000008686313100→100000006866783100→100000004070318100→100000004400305100→100000002723538100,15000.00000000,308318.00000000,True,False
C01213,6,cycle,100000002723538100→100000008603629100→100000008686313100→100000006866783100→100000007639767100→100000004400305100→100000002723538100,10000.00000000,256811.00000000,True,False
C01214,6,cycle,100000002723538100→100000008603629100→100000008686313100→100000008477350100→100000007639767100→100000004400305100→100000002723538100,10000.00000000,227798.00000000,False,False
C01215,6,cycle,100000002957787100→100000003582677100→100000008111003100→100000003796063100→100000004400305100→100000004070318100→100000002957787100,7600.00000000,92704.99000000,False,False
C01216,6,cycle,100000002957787100→100000003582677100→100000008111003100→100000003796063100→100000004400305100→100000005910114100→100000002957787100,8104.99000000,201128.99000000,False,False
C01217,6,cycle,100000002957787100→100000003582677100→100000008111003100→100000003796063100→100000006866783100→100000004070318100→100000002957787100,7600.00000000,192929.99000000,True,False
C01218,6,cycle,100000002957787100→100000003582677100→100000008111003100→100000003796063100→100000008346837100→100000005910114100→100000002957787100,8104.99000000,302969.99000000,False,False
C01219,6,cycle,100000002957787100→100000003582677100→100000008111003100→100000003796063100→100000008477350100→100000005910114100→100000002957787100,8104.99000000,365927.99000000,False,False
C01220,6,cycle,100000002957787100→100000008632060100→100000004400305100→100000003213473100→100000006866783100→100000004070318100→100000002957787100,6000.00000000,185825.00000000,True,False
C01221,6,cycle,100000002957787100→100000008632060100→100000004400305100→100000004070318100→100000008346837100→100000005910114100→100000002957787100,6000.00000000,266924.00000000,False,False
C01222,6,cycle,100000002957787100→100000008632060100→100000004400305100→100000004070318100→100000008477350100→100000005910114100→100000002957787100,6000.00000000,280823.00000000,False,False
C01223,6,cycle,100000002957787100→100000008632060100→100000004400305100→100000004390333100→100000006866783100→100000004070318100→100000002957787100,6000.00000000,197132.00000000,True,False
C01224,6,cycle,100000002957787100→100000008632060100→100000004400305100→100000004390333100→100000008477350100→100000005910114100→100000002957787100,6000.00000000,291630.00000000,False,False
C01225,6,cycle,100000002957787100→100000008632060100→100000004400305100→100000005048668100→100000008346837100→100000005910114100→100000002957787100,6000.00000000,201033.00000000,False,False
C01226,6,cycle,100000002957787100→100000008632060100→100000004400305100→100000005052998100→100000008477350100→100000005910114100→100000002957787100,6000.00000000,270723.00000000,False,False
C01227,6,cycle,100000002957787100→100000008632060100→100000004400305100→100000005910114100→100000006866783100→100000004070318100→100000002957787100,6000.00000000,453205.00000000,True,False
C01228,6,cycle,100000002957787100→100000008632060100→100000004400305100→100000007593823100→100000008346837100→100000005910114100→100000002957787100,5800.00000000,199665.00000000,False,False
C01229,6,cycle,100000002957787100→100000008632060100→100000004400305100→100000008304139100→100000006866783100→100000004070318100→100000002957787100,6000.00000000,308426.00000000,True,False
C01230,6,cycle,100000002957787100→100000008632060100→100000004400305100→100000008304139100→100000008477350100→100000005910114100→100000002957787100,6000.00000000,338924.00000000,False,False
C01231,6,cycle,100000002957787100→100000008632060100→100000004400305100→100000008587459100→100000006866783100→100000004070318100→100000002957787100,6000.00000000,346332.00000000,True,False
C01232,6,cycle,100000002957787100→100000008632060100→100000004400305100→100000008686313100→100000006866783100→100000004070318100→100000002957787100,6000.00000000,248842.00000000,True,False
C01233,6,cycle,100000002957787100→100000008632060100→100000004400305100→100000008686313100→100000008477350100→100000005910114100→100000002957787100,6000.00000000,341040.00000000,False,False
C01234,6,cycle,100000002957787100→100000008632060100→100000006866783100→100000004070318100→100000004400305100→100000005910114100→100000002957787100,6000.00000000,249549.00000000,True,False
C01235,6,cycle,100000002957787100→100000008632060100→100000006866783100→100000004070318100→100000008346837100→100000005910114100→100000002957787100,6000.00000000,288649.00000000,True,False
C01236,6,cycle,100000002957787100→100000008632060100→100000006866783100→100000004070318100→100000008477350100→100000005910114100→100000002957787100,6000.00000000,302548.00000000,True,False
C01237,6,cycle,100000002957787100→100000008632060100→100000006866783100→100000004390333100→100000008477350100→100000005910114100→100000002957787100,6000.00000000,298574.00000000,True,False
C01238,6,cycle,100000002957787100→100000008632060100→100000006866783100→100000007639767100→100000004400305100→100000004070318100→100000002957787100,6000.00000000,89618.00000000,True,False
C01239,6,cycle,100000002957787100→100000008632060100→100000006866783100→100000007639767100→100000004400305100→100000005910114100→100000002957787100,6000.00000000,198042.00000000,True,False
C01240,6,cycle,100000002957787100→100000008632060100→100000006866783100→100000008304139100→100000008477350100→100000005910114100→100000002957787100,6000.00000000,296390.00000000,True,False
C01241,6,cycle,100000002957787100→100000008632060100→100000006866783100→100000008443341100→100000008477350100→100000005910114100→100000002957787100,6000.00000000,254323.00000000,True,False
C01242,6,cycle,100000002957787100→100000008632060100→100000006866783100→100000008686313100→100000008477350100→100000005910114100→100000002957787100,6000.00000000,463804.00000000,True,False
C01243,6,cycle,100000002957787100→100000008632060100→100000008603629100→100000007639767100→100000004400305100→100000004070318100→100000002957787100,6000.00000000,120322.00000000,False,False
C01244,6,cycle,100000002957787100→100000008632060100→100000008603629100→100000007639767100→100000004400305100→100000005910114100→100000002957787100,6000.00000000,228746.00000000,False,False
C01245,6,cycle,100000002957787100→100000008632060100→100000008603629100→100000007639767100→100000006866783100→100000004070318100→100000002957787100,6000.00000000,162047.00000000,True,False
C01246,6,cycle,100000002957787100→100000008632060100→100000008603629100→100000008686313100→100000006866783100→100000004070318100→100000002957787100,6000.00000000,252118.00000000,True,False
C01247,6,cycle,100000002957787100→100000008632060100→100000008603629100→100000008686313100→100000008477350100→100000005910114100→100000002957787100,6000.00000000,344316.00000000,False,False
C01248,6,cycle,100000002957787100→100000008636603100→100000003016635100→100000004188160100→100000008346837100→100000005910114100→100000002957787100,6000.00000000,289037.00000000,True,False
C01249,6,cycle,100000002957787100→100000008636603100→100000003016635100→100000008003034100→100000008346837100→100000005910114100→100000002957787100,12201.00000000,244476.00000000,True,False
C01250,6,cycle,100000003016635100→100000008169544100→100000004156082100→100000005287097100→100000004150593100→100000008595687100→100000003016635100,5000.00000000,290349.00000000,True,True
C01251,6,cycle,100000003213473100→100000005782781100→100000004847758100→100000008603629100→100000007639767100→100000004400305100→100000003213473100,10000.00000000,180939.00000000,False,False
C01252,6,cycle,100000003213473100→100000006866783100→100000004070318100→100000008477350100→100000007639767100→100000004400305100→100000003213473100,10000.00000000,183530.00000000,True,False
C01253,6,cycle,100000003213473100→100000006866783100→100000004070318100→100000008603629100→100000007639767100→100000004400305100→100000003213473100,10000.00000000,189073.00000000,True,False
C01254,6,cycle,100000003213473100→100000006866783100→100000004351795100→100000003242289100→100000004140487100→100000004400305100→100000003213473100,10000.00000000,237414.00000000,True,False
C01255,6,cycle,100000003213473100→100000006866783100→100000004351795100→100000008603629100→100000007639767100→100000004400305100→100000003213473100,10000.00000000,244626.00000000,True,False
C01256,6,cycle,100000003213473100→100000006866783100→100000004390333100→100000008477350100→100000007639767100→100000004400305100→100000003213473100,10000.00000000,179556.00000000,True,False
C01257,6,cycle,100000003213473100→100000006866783100→100000004390333100→100000008603629100→100000007639767100→100000004400305100→100000003213473100,10000.00000000,206973.00000000,True,False
C01258,6,cycle,100000003213473100→100000006866783100→100000004847758100→100000008603629100→100000007639767100→100000004400305100→100000003213473100,10000.00000000,161997.00000000,True,False
C01259,6,cycle,100000003213473100→100000006866783100→100000008304139100→100000008477350100→100000007639767100→100000004400305100→100000003213473100,10000.00000000,177372.00000000,True,False
C01260,6,cycle,100000003213473100→100000006866783100→100000008304139100→100000008603629100→100000007639767100→100000004400305100→100000003213473100,10000.00000000,283789.00000000,True,False
C01261,6,cycle,100000003213473100→100000006866783100→100000008443341100→100000008477350100→100000007639767100→100000004400305100→100000003213473100,10000.00000000,135305.00000000,True,False
C01262,6,cycle,100000003213473100→100000006866783100→100000008686313100→100000008477350100→100000007639767100→100000004400305100→100000003213473100,10000.00000000,344786.00000000,True,False
C01263,6,cycle,100000003213473100→100000006866783100→100000008686313100→100000008603629100→100000007639767100→100000004400305100→100000003213473100,10000.00000000,381903.00000000,True,False
C01264,6,cycle,100000003242289100→100000004140487100→100000004400305100→100000004070318100→100000006866783100→100000004351795100→100000003242289100,23000.00000000,277914.00000000,True,False
C01265,6,cycle,100000003242289100→100000004140487100→100000004400305100→100000004070318100→100000008346837100→100000004351795100→100000003242289100,23000.00000000,216080.00000000,False,False
C01266,6,cycle,100000003242289100→100000004140487100→100000004400305100→100000004070318100→100000008603629100→100000004351795100→100000003242289100,22418.00000000,172054.00000000,False,False
C01267,6,cycle,100000003242289100→100000004140487100→100000004400305100→100000004390333100→100000006866783100→100000004351795100→100000003242289100,18807.00000000,248721.00000000,True,False
C01268,6,cycle,100000003242289100→100000004140487100→100000004400305100→100000004390333100→100000008603629100→100000004351795100→100000003242289100,18807.00000000,204735.00000000,False,False
C01269,6,cycle,100000003242289100→100000004140487100→100000004400305100→100000004847758100→100000008603629100→100000004351795100→100000003242289100,22418.00000000,214995.00000000,False,False
C01270,6,cycle,100000003242289100→100000004140487100→100000004400305100→100000005048668100→100000008346837100→100000004351795100→100000003242289100,7000.00000000,150189.00000000,False,False
C01271,6,cycle,100000003242289100→100000004140487100→100000004400305100→100000005048668100→100000008603629100→100000004351795100→100000003242289100,10168.00000000,201096.00000000,False,True
C01272,6,cycle,100000003242289100→100000004140487100→100000004400305100→100000005910114100→100000006866783100→100000004351795100→100000003242289100,24510.00000000,504794.00000000,True,False
C01273,6,cycle,100000003242289100→100000004140487100→100000004400305100→100000005910114100→100000008603629100→100000004351795100→100000003242289100,22418.00000000,451720.00000000,False,False
C01274,6,cycle,100000003242289100→100000004140487100→100000004400305100→100000007593823100→100000008346837100→100000004351795100→100000003242289100,5800.00000000,148821.00000000,False,False
C01275,6,cycle,100000003242289100→100000004140487100→100000004400305100→100000008304139100→100000006866783100→100000004351795100→100000003242289100,24510.00000000,360015.00000000,True,False
C01276,6,cycle,100000003242289100→100000004140487100→100000004400305100→100000008304139100→100000008603629100→100000004351795100→100000003242289100,22418.00000000,331029.00000000,False,False
C01277,6,cycle,100000003242289100→100000004140487100→100000004400305100→100000008587459100→100000006866783100→100000004351795100→100000003242289100,24510.00000000,397921.00000000,True,False
C01278,6,cycle,100000003242289100→100000004140487100→100000004400305100→100000008686313100→100000006866783100→100000004351795100→100000003242289100,24510.00000000,300431.00000000,True,False
C01279,6,cycle,100000003242289100→100000004140487100→100000004400305100→100000008686313100→100000008603629100→100000004351795100→100000003242289100,22418.00000000,263845.00000000,False,True
C01280,6,cycle,100000003242289100→100000004140487100→100000008603629100→100000007639767100→100000006866783100→100000004351795100→100000003242289100,10000.00000000,193636.00000000,True,False
C01281,6,cycle,100000003242289100→100000004140487100→100000008603629100→100000008686313100→100000006866783100→100000004351795100→100000003242289100,20000.00000000,283707.00000000,True,False
C01282,6,cycle,100000003242289100→100000008304139100→100000005782781100→100000004847758100→100000008603629100→100000004351795100→100000003242289100,22418.00000000,268705.00000000,False,False
C01283,6,cycle,100000003242289100→100000008304139100→100000006866783100→100000004070318100→100000008346837100→100000004351795100→100000003242289100,29511.00000000,440865.00000000,True,False
C01284,6,cycle,100000003242289100→100000008304139100→100000006866783100→100000004070318100→100000008603629100→100000004351795100→100000003242289100,22418.00000000,396839.00000000,True,False
C01285,6,cycle,100000003242289100→100000008304139100→100000006866783100→100000004390333100→100000008603629100→100000004351795100→100000003242289100,22418.00000000,414739.00000000,True,False
C01286,6,cycle,100000003242289100→100000008304139100→100000006866783100→100000004847758100→100000008603629100→100000004351795100→100000003242289100,18775.00000000,369763.00000000,True,False
C01287,6,cycle,100000003242289100→100000008304139100→100000006866783100→100000007639767100→100000008603629100→100000004351795100→100000003242289100,22418.00000000,430256.00000000,True,False
C01288,6,cycle,100000003242289100→100000008304139100→100000006866783100→100000008686313100→100000008603629100→100000004351795100→100000003242289100,22418.00000000,589669.00000000,True,False
C01289,6,cycle,100000003242289100→100000008304139100→100000008477350100→100000003968044100→100000008603629100→100000004351795100→100000003242289100,22418.00000000,360988.00000000,False,False
C01290,6,cycle,100000003242289100→100000008304139100→100000008477350100→100000005910114100→100000006866783100→100000004351795100→100000003242289100,49000.00000000,651653.00000000,True,False
C01291,6,cycle,100000003242289100→100000008304139100→100000008477350100→100000005910114100→100000008603629100→100000004351795100→100000003242289100,22418.00000000,598579.00000000,False,False
C01292,6,cycle,100000003242289100→100000008304139100→100000008477350100→100000007593823100→100000008346837100→100000004351795100→100000003242289100,5800.00000000,247881.00000000,False,False
C01293,6,cycle,100000003242289100→100000008304139100→100000008477350100→100000007639767100→100000006866783100→100000004351795100→100000003242289100,10000.00000000,295279.00000000,True,False
C01294,6,cycle,100000003242289100→100000008304139100→100000008477350100→100000007639767100→100000008603629100→100000004351795100→100000003242289100,16305.00000000,339543.00000000,False,False
C01295,6,cycle,100000003242289100→100000008304139100→100000008477350100→100000008086440100→100000008603629100→100000004351795100→100000003242289100,22418.00000000,488621.00000000,False,False
C01296,6,cycle,100000003242289100→100000008304139100→100000008587459100→100000006866783100→100000004351795100→100000008512552100→100000003242289100,49000.00000000,1019365.00000000,True,False
C01297,6,cycle,100000003242289100→100000008304139100→100000008603629100→100000007639767100→100000006866783100→100000004351795100→100000003242289100,10000.00000000,401696.00000000,True,False
C01298,6,cycle,100000003242289100→100000008304139100→100000008603629100→100000008686313100→100000006866783100→100000004351795100→100000003242289100,48100.00000000,491767.00000000,True,False
C01299,6,cycle,100000003582677100→100000008111003100→100000003796063100→100000004400305100→100000004070318100→100000008603629100→100000003582677100,9000.00000000,121778.00000000,False,False
C01300,6,cycle,100000003582677100→100000008111003100→100000003796063100→100000004400305100→100000004390333100→100000008603629100→100000003582677100,9000.00000000,154459.00000000,False,False
C01301,6,cycle,100000003582677100→100000008111003100→100000003796063100→100000004400305100→100000004847758100→100000008603629100→100000003582677100,9000.00000000,164719.00000000,False,False
C01302,6,cycle,100000003582677100→100000008111003100→100000003796063100→100000004400305100→100000005048668100→100000008603629100→100000003582677100,9000.00000000,150820.00000000,False,False
C01303,6,cycle,100000003582677100→100000008111003100→100000003796063100→100000004400305100→100000005910114100→100000008603629100→100000003582677100,9000.00000000,401444.00000000,False,False
C01304,6,cycle,100000003582677100→100000008111003100→100000003796063100→100000004400305100→100000008304139100→100000008603629100→100000003582677100,9000.00000000,280753.00000000,False,False
C01305,6,cycle,100000003582677100→100000008111003100→100000003796063100→100000004400305100→100000008686313100→100000008603629100→100000003582677100,9000.00000000,213569.00000000,False,False
C01306,6,cycle,100000003582677100→100000008111003100→100000003796063100→100000005782781100→100000004847758100→100000008603629100→100000003582677100,10000.00000000,150869.00000000,False,False
C01307,6,cycle,100000003582677100→100000008111003100→100000003796063100→100000006866783100→100000004070318100→100000008603629100→100000003582677100,10000.00000000,222003.00000000,True,False
C01308,6,cycle,100000003582677100→100000008111003100→100000003796063100→100000006866783100→100000004351795100→100000008603629100→100000003582677100,10000.00000000,277556.00000000,True,False
C01309,6,cycle,100000003582677100→100000008111003100→100000003796063100→100000006866783100→100000004390333100→100000008603629100→100000003582677100,10000.00000000,239903.00000000,True,False
C01310,6,cycle,100000003582677100→100000008111003100→100000003796063100→100000006866783100→100000004847758100→100000008603629100→100000003582677100,10000.00000000,194927.00000000,True,False
C01311,6,cycle,100000003582677100→100000008111003100→100000003796063100→100000006866783100→100000007639767100→100000008603629100→100000003582677100,10000.00000000,255420.00000000,True,False
C01312,6,cycle,100000003582677100→100000008111003100→100000003796063100→100000006866783100→100000008304139100→100000008603629100→100000003582677100,10000.00000000,316719.00000000,True,False
C01313,6,cycle,100000003582677100→100000008111003100→100000003796063100→100000006866783100→100000008686313100→100000008603629100→100000003582677100,10000.00000000,414833.00000000,True,False
C01314,6,cycle,100000003582677100→100000008111003100→100000003796063100→100000008346837100→100000004351795100→100000008603629100→100000003582677100,10000.00000000,285163.00000000,False,False
C01315,6,cycle,100000003582677100→100000008111003100→100000003796063100→100000008346837100→100000005048668100→100000008603629100→100000003582677100,6500.00000000,250152.00000000,False,False
C01316,6,cycle,100000003582677100→100000008111003100→100000003796063100→100000008346837100→100000005910114100→100000008603629100→100000003582677100,10000.00000000,503285.00000000,False,False
C01317,6,cycle,100000003582677100→100000008111003100→100000003796063100→100000008477350100→100000003968044100→100000008603629100→100000003582677100,10000.00000000,328652.00000000,False,False
C01318,6,cycle,100000003582677100→100000008111003100→100000003796063100→100000008477350100→100000005910114100→100000008603629100→100000003582677100,10000.00000000,566243.00000000,False,False
C01319,6,cycle,100000003582677100→100000008111003100→100000003796063100→100000008477350100→100000007639767100→100000008603629100→100000003582677100,10000.00000000,307207.00000000,False,False
C01320,6,cycle,100000003582677100→100000008111003100→100000003796063100→100000008477350100→100000008086440100→100000008603629100→100000003582677100,10000.00000000,456285.00000000,False,False
C01321,6,cycle,100000003796063100→100000004400305100→100000004070318100→100000008346837100→100000005910114100→100000008111003100→100000003796063100,9000.00000000,275084.00000000,False,False
C01322,6,cycle,100000003796063100→100000004400305100→100000004070318100→100000008346837100→100000007593823100→100000008111003100→100000003796063100,5000.00000000,149059.00000000,False,False
C01323,6,cycle,100000003796063100→100000004400305100→100000004070318100→100000008477350100→100000005910114100→100000008111003100→100000003796063100,9000.00000000,288983.00000000,False,False
C01324,6,cycle,100000003796063100→100000004400305100→100000004070318100→100000008477350100→100000007593823100→100000008111003100→100000003796063100,9000.00000000,119000.00000000,False,False
C01325,6,cycle,100000003796063100→100000004400305100→100000004390333100→100000008477350100→100000005910114100→100000008111003100→100000003796063100,9000.00000000,299790.00000000,False,False
C01326,6,cycle,100000003796063100→100000004400305100→100000004390333100→100000008477350100→100000007593823100→100000008111003100→100000003796063100,9000.00000000,129807.00000000,False,False
C01327,6,cycle,100000003796063100→100000004400305100→100000005048668100→100000008346837100→100000005910114100→100000008111003100→100000003796063100,7000.00000000,209193.00000000,False,False
C01328,6,cycle,100000003796063100→100000004400305100→100000005048668100→100000008346837100→100000007593823100→100000008111003100→100000003796063100,5000.00000000,83168.00000000,False,False
C01329,6,cycle,100000003796063100→100000004400305100→100000005052998100→100000008477350100→100000005910114100→100000008111003100→100000003796063100,9000.00000000,278883.00000000,False,False
C01330,6,cycle,100000003796063100→100000004400305100→100000005052998100→100000008477350100→100000007593823100→100000008111003100→100000003796063100,9000.00000000,108900.00000000,False,False
C01331,6,cycle,100000003796063100→100000004400305100→100000007593823100→100000008346837100→100000005910114100→100000008111003100→100000003796063100,5800.00000000,207825.00000000,False,False
C01332,6,cycle,100000003796063100→100000004400305100→100000008304139100→100000008477350100→100000005910114100→100000008111003100→100000003796063100,9000.00000000,347084.00000000,False,False
C01333,6,cycle,100000003796063100→100000004400305100→100000008304139100→100000008477350100→100000007593823100→100000008111003100→100000003796063100,9000.00000000,177101.00000000,False,False
C01334,6,cycle,100000003796063100→100000004400305100→100000008686313100→100000008477350100→100000005910114100→100000008111003100→100000003796063100,9000.00000000,349200.00000000,False,False
C01335,6,cycle,100000003796063100→100000004400305100→100000008686313100→100000008477350100→100000007593823100→100000008111003100→100000003796063100,9000.00000000,179217.00000000,False,False
C01336,6,cycle,100000003796063100→100000006866783100→100000004070318100→100000004400305100→100000005910114100→100000008111003100→100000003796063100,19800.00000000,336209.00000000,True,False
C01337,6,cycle,100000003796063100→100000006866783100→100000004070318100→100000004400305100→100000007593823100→100000008111003100→100000003796063100,10000.00000000,214025.00000000,True,False
C01338,6,cycle,100000003796063100→100000006866783100→100000004070318100→100000008346837100→100000005910114100→100000008111003100→100000003796063100,35000.00000000,375309.00000000,True,False
C01339,6,cycle,100000003796063100→100000006866783100→100000004070318100→100000008346837100→100000007593823100→100000008111003100→100000003796063100,5000.00000000,249284.00000000,True,False
C01340,6,cycle,100000003796063100→100000006866783100→100000004070318100→100000008477350100→100000005910114100→100000008111003100→100000003796063100,25000.00000000,389208.00000000,True,False
C01341,6,cycle,100000003796063100→100000006866783100→100000004070318100→100000008477350100→100000007593823100→100000008111003100→100000003796063100,10000.00000000,219225.00000000,True,False
C01342,6,cycle,100000003796063100→100000006866783100→100000004390333100→100000008477350100→100000005910114100→100000008111003100→100000003796063100,35000.00000000,385234.00000000,True,False
C01343,6,cycle,100000003796063100→100000006866783100→100000004390333100→100000008477350100→100000007593823100→100000008111003100→100000003796063100,10000.00000000,215251.00000000,True,False
C01344,6,cycle,100000003796063100→100000006866783100→100000007639767100→100000004400305100→100000005910114100→100000008111003100→100000003796063100,10000.00000000,284702.00000000,True,False
C01345,6,cycle,100000003796063100→100000006866783100→100000007639767100→100000004400305100→100000007593823100→100000008111003100→100000003796063100,10000.00000000,162518.00000000,True,False
C01346,6,cycle,100000003796063100→100000006866783100→100000008304139100→100000008477350100→100000005910114100→100000008111003100→100000003796063100,23567.00000000,383050.00000000,True,False
C01347,6,cycle,100000003796063100→100000006866783100→100000008304139100→100000008477350100→100000007593823100→100000008111003100→100000003796063100,10000.00000000,213067.00000000,True,False
C01348,6,cycle,100000003796063100→100000006866783100→100000008443341100→100000008477350100→100000005910114100→100000008111003100→100000003796063100,17000.00000000,340983.00000000,True,False
C01349,6,cycle,100000003796063100→100000006866783100→100000008443341100→100000008477350100→100000007593823100→100000008111003100→100000003796063100,10000.00000000,171000.00000000,True,False
C01350,6,cycle,100000003796063100→100000006866783100→100000008686313100→100000008477350100→100000005910114100→100000008111003100→100000003796063100,25800.00000000,550464.00000000,True,False
C01351,6,cycle,100000003796063100→100000006866783100→100000008686313100→100000008477350100→100000007593823100→100000008111003100→100000003796063100,10000.00000000,380481.00000000,True,False
C01352,6,cycle,100000003796063100→100000008477350100→100000007593823100→100000008346837100→100000005910114100→100000008111003100→100000003796063100,5800.00000000,324825.00000000,False,False
C01353,6,cycle,100000003796063100→100000008477350100→100000007639767100→100000004400305100→100000005910114100→100000008111003100→100000003796063100,10000.00000000,336489.00000000,False,False
C01354,6,cycle,100000003796063100→100000008477350100→100000007639767100→100000004400305100→100000007593823100→100000008111003100→100000003796063100,10000.00000000,214305.00000000,False,False
C01355,6,cycle,100000003968044100→100000008603629100→100000007639767100→100000004400305100→100000004070318100→100000008477350100→100000003968044100,10000.00000000,217722.00000000,False,False
C01356,6,cycle,100000003968044100→100000008603629100→100000007639767100→100000004400305100→100000004390333100→100000008477350100→100000003968044100,10000.00000000,228529.00000000,False,False
C01357,6,cycle,100000003968044100→100000008603629100→100000007639767100→100000004400305100→100000005052998100→100000008477350100→100000003968044100,9500.00000000,207622.00000000,False,False
C01358,6,cycle,100000003968044100→100000008603629100→100000007639767100→100000004400305100→100000008304139100→100000008477350100→100000003968044100,10000.00000000,275823.00000000,False,False
C01359,6,cycle,100000003968044100→100000008603629100→100000007639767100→100000004400305100→100000008686313100→100000008477350100→100000003968044100,10000.00000000,277939.00000000,False,False
C01360,6,cycle,100000003968044100→100000008603629100→100000007639767100→100000006866783100→100000004070318100→100000008477350100→100000003968044100,10000.00000000,259447.00000000,True,False
C01361,6,cycle,100000003968044100→100000008603629100→100000007639767100→100000006866783100→100000004390333100→100000008477350100→100000003968044100,10000.00000000,255473.00000000,True,False
C01362,6,cycle,100000003968044100→100000008603629100→100000007639767100→100000006866783100→100000008304139100→100000008477350100→100000003968044100,10000.00000000,253289.00000000,True,False
C01363,6,cycle,100000003968044100→100000008603629100→100000007639767100→100000006866783100→100000008443341100→100000008477350100→100000003968044100,10000.00000000,211222.00000000,True,False
C01364,6,cycle,100000003968044100→100000008603629100→100000007639767100→100000006866783100→100000008686313100→100000008477350100→100000003968044100,10000.00000000,420703.00000000,True,False
C01365,6,cycle,100000003968044100→100000008603629100→100000008686313100→100000006866783100→100000004070318100→100000008477350100→100000003968044100,25000.00000000,349518.00000000,True,False
C01366,6,cycle,100000003968044100→100000008603629100→100000008686313100→100000006866783100→100000004390333100→100000008477350100→100000003968044100,40000.00000000,345544.00000000,True,False
C01367,6,cycle,100000003968044100→100000008603629100→100000008686313100→100000006866783100→100000008304139100→100000008477350100→100000003968044100,23567.00000000,343360.00000000,True,False
C01368,6,cycle,100000003968044100→100000008603629100→100000008686313100→100000006866783100→100000008443341100→100000008477350100→100000003968044100,17000.00000000,301293.00000000,True,False
C01369,6,cycle,100000004070318100→100000004400305100→100000004390333100→100000008477350100→100000005910114100→100000006866783100→100000004070318100,18807.00000000,526011.00000000,True,False
C01370,6,cycle,100000004070318100→100000004400305100→100000004390333100→100000008477350100→100000007639767100→100000006866783100→100000004070318100,10000.00000000,169637.00000000,True,False
C01371,6,cycle,100000004070318100→100000004400305100→100000004390333100→100000008603629100→100000007639767100→100000006866783100→100000004070318100,10000.00000000,197054.00000000,True,False
C01372,6,cycle,100000004070318100→100000004400305100→100000004390333100→100000008603629100→100000008686313100→100000006866783100→100000004070318100,18807.00000000,287125.00000000,True,False
C01373,6,cycle,100000004070318100→100000004400305100→100000004847758100→100000008603629100→100000007639767100→100000006866783100→100000004070318100,10000.00000000,207314.00000000,True,False
C01374,6,cycle,100000004070318100→100000004400305100→100000004847758100→100000008603629100→100000008686313100→100000006866783100→100000004070318100,19800.00000000,297385.00000000,True,False
C01375,6,cycle,100000004070318100→100000004400305100→100000005048668100→100000008346837100→100000005910114100→100000006866783100→100000004070318100,7000.00000000,435414.00000000,True,False
C01376,6,cycle,100000004070318100→100000004400305100→100000005048668100→100000008603629100→100000007639767100→100000006866783100→100000004070318100,10000.00000000,193415.00000000,True,False
C01377,6,cycle,100000004070318100→100000004400305100→100000005048668100→100000008603629100→100000008686313100→100000006866783100→100000004070318100,10168.00000000,283486.00000000,True,False
C01378,6,cycle,100000004070318100→100000004400305100→100000005052998100→100000008477350100→100000005910114100→100000006866783100→100000004070318100,9500.00000000,505104.00000000,True,False
C01379,6,cycle,100000004070318100→100000004400305100→100000005052998100→100000008477350100→100000007639767100→100000006866783100→100000004070318100,9500.00000000,148730.00000000,True,False
C01380,6,cycle,100000004070318100→100000004400305100→100000005910114100→100000008603629100→100000007639767100→100000006866783100→100000004070318100,10000.00000000,444039.00000000,True,False
C01381,6,cycle,100000004070318100→100000004400305100→100000005910114100→100000008603629100→100000008686313100→100000006866783100→100000004070318100,19800.00000000,534110.00000000,True,False
C01382,6,cycle,100000004070318100→100000004400305100→100000007593823100→100000008346837100→100000005910114100→100000006866783100→100000004070318100,5800.00000000,434046.00000000,True,False
C01383,6,cycle,100000004070318100→100000004400305100→100000008304139100→100000008477350100→100000005910114100→100000006866783100→100000004070318100,19800.00000000,573305.00000000,True,False
C01384,6,cycle,100000004070318100→100000004400305100→100000008304139100→100000008477350100→100000007639767100→100000006866783100→100000004070318100,10000.00000000,216931.00000000,True,False
C01385,6,cycle,100000004070318100→100000004400305100→100000008304139100→100000008603629100→100000007639767100→100000006866783100→100000004070318100,10000.00000000,323348.00000000,True,False
C01386,6,cycle,100000004070318100→100000004400305100→100000008304139100→100000008603629100→100000008686313100→100000006866783100→100000004070318100,19800.00000000,413419.00000000,True,False
C01387,6,cycle,100000004070318100→100000004400305100→100000008686313100→100000008477350100→100000005910114100→100000006866783100→100000004070318100,19800.00000000,575421.00000000,True,True
C01388,6,cycle,100000004070318100→100000004400305100→100000008686313100→100000008477350100→100000007639767100→100000006866783100→100000004070318100,10000.00000000,219047.00000000,True,False
C01389,6,cycle,100000004070318100→100000004400305100→100000008686313100→100000008603629100→100000007639767100→100000006866783100→100000004070318100,10000.00000000,256164.00000000,True,False
C01390,6,cycle,100000004070318100→100000006866783100→100000004351795100→100000008603629100→100000007639767100→100000004400305100→100000004070318100,10000.00000000,285126.00000000,True,False
C01391,6,cycle,100000004070318100→100000006866783100→100000004390333100→100000008477350100→100000007639767100→100000004400305100→100000004070318100,10000.00000000,220056.00000000,True,False
C01392,6,cycle,100000004070318100→100000006866783100→100000004390333100→100000008603629100→100000007639767100→100000004400305100→100000004070318100,10000.00000000,247473.00000000,True,False
C01393,6,cycle,100000004070318100→100000006866783100→100000004847758100→100000008603629100→100000007639767100→100000004400305100→100000004070318100,10000.00000000,202497.00000000,True,False
C01394,6,cycle,100000004070318100→100000006866783100→100000008304139100→100000008477350100→100000007639767100→100000004400305100→100000004070318100,10000.00000000,217872.00000000,True,False
C01395,6,cycle,100000004070318100→100000006866783100→100000008304139100→100000008603629100→100000007639767100→100000004400305100→100000004070318100,10000.00000000,324289.00000000,True,False
C01396,6,cycle,100000004070318100→100000006866783100→100000008443341100→100000008477350100→100000007639767100→100000004400305100→100000004070318100,10000.00000000,175805.00000000,True,True
C01397,6,cycle,100000004070318100→100000006866783100→100000008686313100→100000008477350100→100000007639767100→100000004400305100→100000004070318100,10000.00000000,385286.00000000,True,False
C01398,6,cycle,100000004070318100→100000006866783100→100000008686313100→100000008603629100→100000007639767100→100000004400305100→100000004070318100,10000.00000000,422403.00000000,True,False
C01399,6,cycle,100000004070318100→100000008346837100→100000004351795100→100000008603629100→100000007639767100→100000004400305100→100000004070318100,10000.00000000,223292.00000000,False,False
C01400,6,cycle,100000004070318100→100000008346837100→100000004351795100→100000008603629100→100000007639767100→100000006866783100→100000004070318100,10000.00000000,265017.00000000,True,False
C01401,6,cycle,100000004070318100→100000008346837100→100000004351795100→100000008603629100→100000008686313100→100000006866783100→100000004070318100,29511.00000000,355088.00000000,True,False
C01402,6,cycle,100000004070318100→100000008346837100→100000005048668100→100000008603629100→100000007639767100→100000004400305100→100000004070318100,6500.00000000,188281.00000000,False,True
C01403,6,cycle,100000004070318100→100000008346837100→100000005048668100→100000008603629100→100000007639767100→100000006866783100→100000004070318100,6500.00000000,230006.00000000,True,True
C01404,6,cycle,100000004070318100→100000008346837100→100000005048668100→100000008603629100→100000008686313100→100000006866783100→100000004070318100,6500.00000000,320077.00000000,True,False
C01405,6,cycle,100000004070318100→100000008346837100→100000005910114100→100000006866783100→100000007639767100→100000004400305100→100000004070318100,10000.00000000,449798.00000000,True,True
C01406,6,cycle,100000004070318100→100000008346837100→100000005910114100→100000008603629100→100000007639767100→100000004400305100→100000004070318100,10000.00000000,441414.00000000,False,True
C01407,6,cycle,100000004070318100→100000008346837100→100000005910114100→100000008603629100→100000007639767100→100000006866783100→100000004070318100,10000.00000000,483139.00000000,True,True
C01408,6,cycle,100000004070318100→100000008346837100→100000005910114100→100000008603629100→100000008686313100→100000006866783100→100000004070318100,48100.00000000,573210.00000000,True,False
C01409,6,cycle,100000004070318100→100000008477350100→100000005910114100→100000006866783100→100000007639767100→100000004400305100→100000004070318100,10000.00000000,463697.00000000,True,False
C01410,6,cycle,100000004070318100→100000008477350100→100000005910114100→100000008603629100→100000007639767100→100000004400305100→100000004070318100,10000.00000000,455313.00000000,False,False
C01411,6,cycle,100000004070318100→100000008477350100→100000005910114100→100000008603629100→100000007639767100→100000006866783100→100000004070318100,10000.00000000,497038.00000000,True,False
C01412,6,cycle,100000004070318100→100000008477350100→100000005910114100→100000008603629100→100000008686313100→100000006866783100→100000004070318100,25000.00000000,587109.00000000,True,False
C01413,6,cycle,100000004070318100→100000008477350100→100000007593823100→100000008346837100→100000005910114100→100000006866783100→100000004070318100,5800.00000000,439246.00000000,True,False
C01414,6,cycle,100000004070318100→100000008477350100→100000007639767100→100000004400305100→100000004390333100→100000006866783100→100000004070318100,10000.00000000,194837.00000000,True,False
C01415,6,cycle,100000004070318100→100000008477350100→100000007639767100→100000004400305100→100000005910114100→100000006866783100→100000004070318100,10000.00000000,450910.00000000,True,False
C01416,6,cycle,100000004070318100→100000008477350100→100000007639767100→100000004400305100→100000008304139100→100000006866783100→100000004070318100,10000.00000000,306131.00000000,True,False
C01417,6,cycle,100000004070318100→100000008477350100→100000007639767100→100000004400305100→100000008587459100→100000006866783100→100000004070318100,10000.00000000,344037.00000000,True,False
C01418,6,cycle,100000004070318100→100000008477350100→100000007639767100→100000004400305100→100000008686313100→100000006866783100→100000004070318100,10000.00000000,246547.00000000,True,False
C01419,6,cycle,100000004070318100→100000008477350100→100000007639767100→100000008603629100→100000008686313100→100000006866783100→100000004070318100,16305.00000000,328073.00000000,True,False
C01420,6,cycle,100000004070318100→100000008477350100→100000008086440100→100000008603629100→100000007639767100→100000004400305100→100000004070318100,10000.00000000,345355.00000000,False,True
C01421,6,cycle,100000004070318100→100000008477350100→100000008086440100→100000008603629100→100000007639767100→100000006866783100→100000004070318100,10000.00000000,387080.00000000,True,True
C01422,6,cycle,100000004070318100→100000008477350100→100000008086440100→100000008603629100→100000008686313100→100000006866783100→100000004070318100,25000.00000000,477151.00000000,True,False
C01423,6,cycle,100000004070318100→100000008603629100→100000007639767100→100000004400305100→100000004390333100→100000006866783100→100000004070318100,10000.00000000,200380.00000000,True,False
C01424,6,cycle,100000004070318100→100000008603629100→100000007639767100→100000004400305100→100000005910114100→100000006866783100→100000004070318100,10000.00000000,456453.00000000,True,False
C01425,6,cycle,100000004070318100→100000008603629100→100000007639767100→100000004400305100→100000008304139100→100000006866783100→100000004070318100,10000.00000000,311674.00000000,True,False
C01426,6,cycle,100000004070318100→100000008603629100→100000007639767100→100000004400305100→100000008587459100→100000006866783100→100000004070318100,10000.00000000,349580.00000000,True,False
C01427,6,cycle,100000004070318100→100000008603629100→100000007639767100→100000004400305100→100000008686313100→100000006866783100→100000004070318100,10000.00000000,252090.00000000,True,False
C01428,6,cycle,100000004070318100→100000008603629100→100000008686313100→100000006866783100→100000007639767100→100000004400305100→100000004070318100,10000.00000000,202937.00000000,True,False
C01429,6,cycle,100000004070318100→100000008603629100→100000008686313100→100000008477350100→100000005910114100→100000006866783100→100000004070318100,23126.00000000,572023.00000000,True,True
C01430,6,cycle,100000004070318100→100000008603629100→100000008686313100→100000008477350100→100000007639767100→100000004400305100→100000004070318100,10000.00000000,173924.00000000,False,False
C01431,6,cycle,100000004070318100→100000008603629100→100000008686313100→100000008477350100→100000007639767100→100000006866783100→100000004070318100,10000.00000000,215649.00000000,True,False
C01432,6,cycle,100000004351795100→100000008603629100→100000007639767100→100000004400305100→100000004390333100→100000006866783100→100000004351795100,10000.00000000,255933.00000000,True,False
C01433,6,cycle,100000004351795100→100000008603629100→100000007639767100→100000004400305100→100000005048668100→100000008346837100→100000004351795100,7000.00000000,157401.00000000,False,False
C01434,6,cycle,100000004351795100→100000008603629100→100000007639767100→100000004400305100→100000005910114100→100000006866783100→100000004351795100,10000.00000000,512006.00000000,True,False
C01435,6,cycle,100000004351795100→100000008603629100→100000007639767100→100000004400305100→100000007593823100→100000008346837100→100000004351795100,5800.00000000,156033.00000000,False,False
C01436,6,cycle,100000004351795100→100000008603629100→100000007639767100→100000004400305100→100000008304139100→100000006866783100→100000004351795100,10000.00000000,367227.00000000,True,False
C01437,6,cycle,100000004351795100→100000008603629100→100000007639767100→100000004400305100→100000008587459100→100000006866783100→100000004351795100,10000.00000000,405133.00000000,True,False
C01438,6,cycle,100000004351795100→100000008603629100→100000007639767100→100000004400305100→100000008686313100→100000006866783100→100000004351795100,10000.00000000,307643.00000000,True,False
C01439,6,cycle,100000004351795100→100000008603629100→100000008686313100→100000008477350100→100000005910114100→100000006866783100→100000004351795100,25800.00000000,627576.00000000,True,False
C01440,6,cycle,100000004351795100→100000008603629100→100000008686313100→100000008477350100→100000007593823100→100000008346837100→100000004351795100,5800.00000000,223804.00000000,False,False
C01441,6,cycle,100000004351795100→100000008603629100→100000008686313100→100000008477350100→100000007639767100→100000006866783100→100000004351795100,10000.00000000,271202.00000000,True,False
C01442,6,cycle,100000004390333100→100000006866783100→100000004847758100→100000008603629100→100000007639767100→100000004400305100→100000004390333100,10000.00000000,173304.00000000,True,False
C01443,6,cycle,100000004390333100→100000006866783100→100000008304139100→100000008477350100→100000007639767100→100000004400305100→100000004390333100,10000.00000000,188679.00000000,True,False
C01444,6,cycle,100000004390333100→100000006866783100→100000008304139100→100000008603629100→100000007639767100→100000004400305100→100000004390333100,10000.00000000,295096.00000000,True,False
C01445,6,cycle,100000004390333100→100000006866783100→100000008443341100→100000008477350100→100000007639767100→100000004400305100→100000004390333100,10000.00000000,146612.00000000,True,False
C01446,6,cycle,100000004390333100→100000006866783100→100000008686313100→100000008477350100→100000007639767100→100000004400305100→100000004390333100,10000.00000000,356093.00000000,True,False
C01447,6,cycle,100000004390333100→100000006866783100→100000008686313100→100000008603629100→100000007639767100→100000004400305100→100000004390333100,10000.00000000,393210.00000000,True,False
C01448,6,cycle,100000004390333100→100000008477350100→100000005910114100→100000006866783100→100000007639767100→100000004400305100→100000004390333100,10000.00000000,474504.00000000,True,False
C01449,6,cycle,100000004390333100→100000008477350100→100000005910114100→100000008603629100→100000007639767100→100000004400305100→100000004390333100,10000.00000000,466120.00000000,False,False
C01450,6,cycle,100000004390333100→100000008477350100→100000005910114100→100000008603629100→100000007639767100→100000006866783100→100000004390333100,10000.00000000,493064.00000000,True,False
C01451,6,cycle,100000004390333100→100000008477350100→100000005910114100→100000008603629100→100000008686313100→100000006866783100→100000004390333100,40000.00000000,583135.00000000,True,False
C01452,6,cycle,100000004390333100→100000008477350100→100000007593823100→100000008346837100→100000005910114100→100000006866783100→100000004390333100,5800.00000000,435272.00000000,True,False
C01453,6,cycle,100000004390333100→100000008477350100→100000007639767100→100000004400305100→100000005910114100→100000006866783100→100000004390333100,10000.00000000,446936.00000000,True,False
C01454,6,cycle,100000004390333100→100000008477350100→100000007639767100→100000004400305100→100000008304139100→100000006866783100→100000004390333100,10000.00000000,302157.00000000,True,False
C01455,6,cycle,100000004390333100→100000008477350100→100000007639767100→100000004400305100→100000008587459100→100000006866783100→100000004390333100,10000.00000000,340063.00000000,True,False
C01456,6,cycle,100000004390333100→100000008477350100→100000007639767100→100000004400305100→100000008686313100→100000006866783100→100000004390333100,10000.00000000,242573.00000000,True,False
C01457,6,cycle,100000004390333100→100000008477350100→100000007639767100→100000008603629100→100000008686313100→100000006866783100→100000004390333100,16305.00000000,324099.00000000,True,False
C01458,6,cycle,100000004390333100→100000008477350100→100000008086440100→100000008603629100→100000007639767100→100000004400305100→100000004390333100,10000.00000000,356162.00000000,False,False
C01459,6,cycle,100000004390333100→100000008477350100→100000008086440100→100000008603629100→100000007639767100→100000006866783100→100000004390333100,10000.00000000,383106.00000000,True,False
C01460,6,cycle,100000004390333100→100000008477350100→100000008086440100→100000008603629100→100000008686313100→100000006866783100→100000004390333100,40000.00000000,473177.00000000,True,False
C01461,6,cycle,100000004390333100→100000008603629100→100000007639767100→100000004400305100→100000005910114100→100000006866783100→100000004390333100,10000.00000000,474353.00000000,True,False
C01462,6,cycle,100000004390333100→100000008603629100→100000007639767100→100000004400305100→100000008304139100→100000006866783100→100000004390333100,10000.00000000,329574.00000000,True,False
C01463,6,cycle,100000004390333100→100000008603629100→100000007639767100→100000004400305100→100000008587459100→100000006866783100→100000004390333100,10000.00000000,367480.00000000,True,False
C01464,6,cycle,100000004390333100→100000008603629100→100000007639767100→100000004400305100→100000008686313100→100000006866783100→100000004390333100,10000.00000000,269990.00000000,True,False
C01465,6,cycle,100000004390333100→100000008603629100→100000008686313100→100000006866783100→100000007639767100→100000004400305100→100000004390333100,10000.00000000,235618.00000000,True,False
C01466,6,cycle,100000004390333100→100000008603629100→100000008686313100→100000008477350100→100000005910114100→100000006866783100→100000004390333100,25800.00000000,589923.00000000,True,False
C01467,6,cycle,100000004390333100→100000008603629100→100000008686313100→100000008477350100→100000007639767100→100000004400305100→100000004390333100,10000.00000000,206605.00000000,False,False
C01468,6,cycle,100000004390333100→100000008603629100→100000008686313100→100000008477350100→100000007639767100→100000006866783100→100000004390333100,10000.00000000,233549.00000000,True,False
C01469,6,cycle,100000004400305100→100000004679953100→100000005782781100→100000004847758100→100000008603629100→100000007639767100→100000004400305100,10000.00000000,255207.00000000,False,True
C01470,6,cycle,100000004400305100→100000004847758100→100000008603629100→100000008686313100→100000006866783100→100000007639767100→100000004400305100,10000.00000000,245878.00000000,True,False
C01471,6,cycle,100000004400305100→100000004847758100→100000008603629100→100000008686313100→100000008477350100→100000007639767100→100000004400305100,10000.00000000,216865.00000000,False,False
C01472,6,cycle,100000004400305100→100000005048668100→100000008346837100→100000005910114100→100000006866783100→100000007639767100→100000004400305100,7000.00000000,383907.00000000,True,False
C01473,6,cycle,100000004400305100→100000005048668100→100000008346837100→100000005910114100→100000008603629100→100000007639767100→100000004400305100,7000.00000000,375523.00000000,False,False
C01474,6,cycle,100000004400305100→100000005048668100→100000008603629100→100000008686313100→100000006866783100→100000007639767100→100000004400305100,10000.00000000,231979.00000000,True,False
C01475,6,cycle,100000004400305100→100000005048668100→100000008603629100→100000008686313100→100000008477350100→100000007639767100→100000004400305100,10000.00000000,202966.00000000,False,False
C01476,6,cycle,100000004400305100→100000005052998100→100000008477350100→100000005910114100→100000006866783100→100000007639767100→100000004400305100,9500.00000000,453597.00000000,True,False
C01477,6,cycle,100000004400305100→100000005052998100→100000008477350100→100000005910114100→100000008603629100→100000007639767100→100000004400305100,9500.00000000,445213.00000000,False,False
C01478,6,cycle,100000004400305100→100000005052998100→100000008477350100→100000008086440100→100000008603629100→100000007639767100→100000004400305100,9500.00000000,335255.00000000,False,False
C01479,6,cycle,100000004400305100→100000005910114100→100000005782781100→100000004847758100→100000008603629100→100000007639767100→100000004400305100,10000.00000000,238295.00000000,False,False
C01480,6,cycle,100000004400305100→100000005910114100→100000006866783100→100000004847758100→100000008603629100→100000007639767100→100000004400305100,10000.00000000,429377.00000000,True,False
C01481,6,cycle,100000004400305100→100000005910114100→100000006866783100→100000008304139100→100000008477350100→100000007639767100→100000004400305100,10000.00000000,444752.00000000,True,False
C01482,6,cycle,100000004400305100→100000005910114100→100000006866783100→100000008304139100→100000008603629100→100000007639767100→100000004400305100,10000.00000000,551169.00000000,True,False
C01483,6,cycle,100000004400305100→100000005910114100→100000006866783100→100000008443341100→100000008477350100→100000007639767100→100000004400305100,10000.00000000,402685.00000000,True,True
C01484,6,cycle,100000004400305100→100000005910114100→100000006866783100→100000008686313100→100000008477350100→100000007639767100→100000004400305100,10000.00000000,612166.00000000,True,False
C01485,6,cycle,100000004400305100→100000005910114100→100000006866783100→100000008686313100→100000008603629100→100000007639767100→100000004400305100,10000.00000000,649283.00000000,True,False
C01486,6,cycle,100000004400305100→100000005910114100→100000008603629100→100000008686313100→100000006866783100→100000007639767100→100000004400305100,10000.00000000,482603.00000000,True,False
C01487,6,cycle,100000004400305100→100000005910114100→100000008603629100→100000008686313100→100000008477350100→100000007639767100→100000004400305100,10000.00000000,453590.00000000,False,False
C01488,6,cycle,100000004400305100→100000007593823100→100000008346837100→100000005048668100→100000008603629100→100000007639767100→100000004400305100,5800.00000000,121022.00000000,False,False
C01489,6,cycle,100000004400305100→100000007593823100→100000008346837100→100000005910114100→100000006866783100→100000007639767100→100000004400305100,5800.00000000,382539.00000000,True,False
C01490,6,cycle,100000004400305100→100000007593823100→100000008346837100→100000005910114100→100000008603629100→100000007639767100→100000004400305100,5800.00000000,374155.00000000,False,False
C01491,6,cycle,100000004400305100→100000008304139100→100000005782781100→100000004847758100→100000008603629100→100000007639767100→100000004400305100,10000.00000000,183540.00000000,False,False
C01492,6,cycle,100000004400305100→100000008304139100→100000006866783100→100000004847758100→100000008603629100→100000007639767100→100000004400305100,10000.00000000,284598.00000000,True,False
C01493,6,cycle,100000004400305100→100000008304139100→100000006866783100→100000008443341100→100000008477350100→100000007639767100→100000004400305100,10000.00000000,257906.00000000,True,False
C01494,6,cycle,100000004400305100→100000008304139100→100000006866783100→100000008686313100→100000008477350100→100000007639767100→100000004400305100,10000.00000000,467387.00000000,True,False
C01495,6,cycle,100000004400305100→100000008304139100→100000006866783100→100000008686313100→100000008603629100→100000007639767100→100000004400305100,10000.00000000,504504.00000000,True,False
C01496,6,cycle,100000004400305100→100000008304139100→100000008477350100→100000005910114100→100000006866783100→100000007639767100→100000004400305100,10000.00000000,521798.00000000,True,False
C01497,6,cycle,100000004400305100→100000008304139100→100000008477350100→100000005910114100→100000008603629100→100000007639767100→100000004400305100,10000.00000000,513414.00000000,False,False
C01498,6,cycle,100000004400305100→100000008304139100→100000008477350100→100000008086440100→100000008603629100→100000007639767100→100000004400305100,10000.00000000,403456.00000000,False,False
C01499,6,cycle,100000004400305100→100000008304139100→100000008603629100→100000008686313100→100000006866783100→100000007639767100→100000004400305100,10000.00000000,361912.00000000,True,False
C01500,6,cycle,100000004400305100→100000008304139100→100000008603629100→100000008686313100→100000008477350100→100000007639767100→100000004400305100,10000.00000000,332899.00000000,False,False
C01501,6,cycle,100000004400305100→100000008587459100→100000006866783100→100000004847758100→100000008603629100→100000007639767100→100000004400305100,10000.00000000,322504.00000000,True,False
C01502,6,cycle,100000004400305100→100000008587459100→100000006866783100→100000008304139100→100000008477350100→100000007639767100→100000004400305100,10000.00000000,337879.00000000,True,False
C01503,6,cycle,100000004400305100→100000008587459100→100000006866783100→100000008304139100→100000008603629100→100000007639767100→100000004400305100,10000.00000000,444296.00000000,True,False
C01504,6,cycle,100000004400305100→100000008587459100→100000006866783100→100000008443341100→100000008477350100→100000007639767100→100000004400305100,10000.00000000,295812.00000000,True,False
C01505,6,cycle,100000004400305100→100000008587459100→100000006866783100→100000008686313100→100000008477350100→100000007639767100→100000004400305100,10000.00000000,505293.00000000,True,False
C01506,6,cycle,100000004400305100→100000008587459100→100000006866783100→100000008686313100→100000008603629100→100000007639767100→100000004400305100,10000.00000000,542410.00000000,True,False
C01507,6,cycle,100000004400305100→100000008686313100→100000006866783100→100000004847758100→100000008603629100→100000007639767100→100000004400305100,10000.00000000,225014.00000000,True,False
C01508,6,cycle,100000004400305100→100000008686313100→100000006866783100→100000008304139100→100000008477350100→100000007639767100→100000004400305100,10000.00000000,240389.00000000,True,False
C01509,6,cycle,100000004400305100→100000008686313100→100000006866783100→100000008304139100→100000008603629100→100000007639767100→100000004400305100,10000.00000000,346806.00000000,True,False
C01510,6,cycle,100000004400305100→100000008686313100→100000006866783100→100000008443341100→100000008477350100→100000007639767100→100000004400305100,10000.00000000,198322.00000000,True,False
C01511,6,cycle,100000004400305100→100000008686313100→100000008477350100→100000005910114100→100000006866783100→100000007639767100→100000004400305100,10000.00000000,523914.00000000,True,False
C01512,6,cycle,100000004400305100→100000008686313100→100000008477350100→100000005910114100→100000008603629100→100000007639767100→100000004400305100,10000.00000000,515530.00000000,False,False
C01513,6,cycle,100000004400305100→100000008686313100→100000008477350100→100000008086440100→100000008603629100→100000007639767100→100000004400305100,10000.00000000,405572.00000000,False,False
C01514,6,cycle,100000004679953100→100000005782781100→100000004847758100→100000008603629100→100000007639767100→100000006866783100→100000004679953100,10000.00000000,155442.00000000,True,True
C01515,6,cycle,100000004679953100→100000005782781100→100000004847758100→100000008603629100→100000008686313100→100000006866783100→100000004679953100,16000.00000000,245513.00000000,True,False
C01516,6,cycle,100000004847758100→100000008603629100→100000007639767100→100000006866783100→100000008304139100→100000005782781100→100000004847758100,10000.00000000,161006.00000000,True,True
C01517,6,cycle,100000004847758100→100000008603629100→100000008686313100→100000006866783100→100000008304139100→100000005782781100→100000004847758100,23567.00000000,251077.00000000,True,False
C01518,6,cycle,100000004847758100→100000008603629100→100000008686313100→100000008477350100→100000005910114100→100000005782781100→100000004847758100,23717.00000000,353865.00000000,False,False
C01519,6,cycle,100000004847758100→100000008603629100→100000008686313100→100000008477350100→100000005910114100→100000006866783100→100000004847758100,18775.00000000,544947.00000000,True,False
C01520,6,cycle,100000004847758100→100000008603629100→100000008686313100→100000008477350100→100000007639767100→100000006866783100→100000004847758100,10000.00000000,188573.00000000,True,False
C01521,6,cycle,100000005048668100→100000008603629100→100000008686313100→100000008477350100→100000007593823100→100000008346837100→100000005048668100,5800.00000000,188793.00000000,False,False
C01522,6,cycle,100000005910114100→100000006866783100→100000007639767100→100000008603629100→100000008686313100→100000008477350100→100000005910114100,23018.00000000,605440.00000000,True,True
C01523,6,cycle,100000005910114100→100000006866783100→100000008304139100→100000008477350100→100000007593823100→100000008346837100→100000005910114100,5800.00000000,433088.00000000,True,False
C01524,6,cycle,100000005910114100→100000006866783100→100000008304139100→100000008603629100→100000008686313100→100000008477350100→100000005910114100,23567.00000000,666739.00000000,True,False
C01525,6,cycle,100000005910114100→100000006866783100→100000008443341100→100000008477350100→100000007593823100→100000008346837100→100000005910114100,5800.00000000,391021.00000000,True,False
C01526,6,cycle,100000005910114100→100000006866783100→100000008686313100→100000008477350100→100000007593823100→100000008346837100→100000005910114100,5800.00000000,600502.00000000,True,False
C01527,6,cycle,100000005910114100→100000008603629100→100000007639767100→100000006866783100→100000008304139100→100000008477350100→100000005910114100,10000.00000000,490880.00000000,True,False
C01528,6,cycle,100000005910114100→100000008603629100→100000007639767100→100000006866783100→100000008443341100→100000008477350100→100000005910114100,10000.00000000,448813.00000000,True,False
C01529,6,cycle,100000005910114100→100000008603629100→100000007639767100→100000006866783100→100000008686313100→100000008477350100→100000005910114100,10000.00000000,658294.00000000,True,False
C01530,6,cycle,100000005910114100→100000008603629100→100000008686313100→100000006866783100→100000008304139100→100000008477350100→100000005910114100,23567.00000000,580951.00000000,True,False
C01531,6,cycle,100000005910114100→100000008603629100→100000008686313100→100000006866783100→100000008443341100→100000008477350100→100000005910114100,17000.00000000,538884.00000000,True,False
C01532,6,cycle,100000005910114100→100000008603629100→100000008686313100→100000008477350100→100000007593823100→100000008346837100→100000005910114100,5800.00000000,441926.00000000,False,False
C01533,6,cycle,100000006866783100→100000008304139100→100000008477350100→100000007639767100→100000008603629100→100000008686313100→100000006866783100,16305.00000000,321915.00000000,True,False
C01534,6,cycle,100000006866783100→100000008304139100→100000008477350100→100000008086440100→100000008603629100→100000007639767100→100000006866783100,10000.00000000,380922.00000000,True,True
C01535,6,cycle,100000006866783100→100000008304139100→100000008477350100→100000008086440100→100000008603629100→100000008686313100→100000006866783100,23567.00000000,470993.00000000,True,False
C01536,6,cycle,100000006866783100→100000008304139100→100000008603629100→100000008686313100→100000008477350100→100000007639767100→100000006866783100,10000.00000000,310365.00000000,True,False
C01537,6,cycle,100000006866783100→100000008443341100→100000008477350100→100000007639767100→100000008603629100→100000008686313100→100000006866783100,16305.00000000,279848.00000000,True,True
C01538,6,cycle,100000006866783100→100000008443341100→100000008477350100→100000008086440100→100000008603629100→100000007639767100→100000006866783100,10000.00000000,338855.00000000,True,False
C01539,6,cycle,100000006866783100→100000008443341100→100000008477350100→100000008086440100→100000008603629100→100000008686313100→100000006866783100,17000.00000000,428926.00000000,True,False
C01540,6,cycle,100000006866783100→100000008686313100→100000008477350100→100000008086440100→100000008603629100→100000007639767100→100000006866783100,10000.00000000,548336.00000000,True,False
C01541,6,cycle,100000008465789100→100000008466579100→100000008547948100→100000008489922100→100000008710843100→100000008547844100→100000008465789100,18200.00000000,269299.00000000,False,False
