event_id,event_type,gid,date,n_counterparties,sum_kzt,counterparties,description
T00001,sync_out,100000002527114100,2026-07-01,5,180965.00000000,100000001307612100;100000005877725100;100000007631637100;100000008661585100;100000008663007100,Синхронные переводы в один день; порядок внутри дня неизвестен.
T00002,sync_out,100000002578405100,2026-07-01,6,220000.00000000,100000004292885100;100000006491272100;100000008661550100;100000008662216100;100000008662805100;100000008663723100,Синхронные переводы в один день; порядок внутри дня неизвестен.
T00003,fast_transit,100000002957787100,2026-07-01,0,7600.00000000,,"FIFO-сопоставление сумм, не доказательство движения одних и тех же денег."
T00004,sync_out,100000002957787100,2026-07-01,6,167058.96000000,100000002380341100;100000002645609100;100000005008589100;100000005172860100;100000007267915100;100000008636603100,Синхронные переводы в один день; порядок внутри дня неизвестен.
T00005,burst,100000004420041100,2026-07-01,5,511025.00000000,,Всплеск относительно среднего по активным дням.
T00006,sync_out,100000004420041100,2026-07-01,5,511025.00000000,100000001899164100;100000002679516100;100000004798515100;100000004800648100;100000005904580100,Синхронные переводы в один день; порядок внутри дня неизвестен.
T00007,sync_in,100000004486525100,2026-07-01,3,103965.00000000,100000004070318100;100000005910114100;100000008632060100,Синхронные переводы в один день; порядок внутри дня неизвестен.
T00008,sync_out,100000002578405100,2026-07-02,6,186600.00000000,100000001632325100;100000008489604100;100000008664774100;100000008667795100;100000008667799100;100000008668099100,Синхронные переводы в один день; порядок внутри дня неизвестен.
T00009,fast_transit,100000002957787100,2026-07-02,0,22500.00000000,,"FIFO-сопоставление сумм, не доказательство движения одних и тех же денег."
T00010,sync_out,100000002957787100,2026-07-02,9,125735.25000000,100000001229743100;100000002611334100;100000002934441100;100000003004487100;100000003582677100;100000004770073100;100000005268319100;100000005620225100;100000006111439100,Синхронные переводы в один день; порядок внутри дня неизвестен.
T00011,fast_transit,100000004070318100,2026-07-02,0,23000.00000000,,"FIFO-сопоставление сумм, не доказательство движения одних и тех же денег."
T00012,sync_in,100000004486525100,2026-07-02,4,67947.00000000,100000002681449100;100000004070318100;100000005910114100;100000007593823100,Синхронные переводы в один день; порядок внутри дня неизвестен.
T00013,sync_out,100000006866783100,2026-07-02,8,378803.00000000,100000002681449100;100000002845605100;100000002934441100;100000003004487100;100000003449074100;100000004390333100;100000007648946100;100000008094734100,Синхронные переводы в один день; порядок внутри дня неизвестен.
T00014,fast_transit,100000008304139100,2026-07-02,0,15000.00000000,,"FIFO-сопоставление сумм, не доказательство движения одних и тех же денег."
T00015,fast_transit,100000008389800100,2026-07-02,0,49000.00000000,,"FIFO-сопоставление сумм, не доказательство движения одних и тех же денег."
T00016,fast_transit,100000008512552100,2026-07-02,0,49000.00000000,,"FIFO-сопоставление сумм, не доказательство движения одних и тех же денег."
T00017,burst,100000000331309100,2026-07-03,15,1482003.00000000,,Всплеск относительно среднего по активным дням.
T00018,sync_out,100000000331309100,2026-07-03,15,1482003.00000000,100000000878006100;100000001072022100;100000001236706100;100000002356167100;100000002433697100;100000002459240100;100000002653948100;100000003647799100;100000004278574100;100000004315838100;100000005182219100;100000005527892100;100000007863304100;100000008324800100;100000008438656100,Синхронные переводы в один день; порядок внутри дня неизвестен.
T00019,fast_transit,100000000661912100,2026-07-03,0,25000.00000000,,"FIFO-сопоставление сумм, не доказательство движения одних и тех же денег."
T00020,sync_out,100000001530983100,2026-07-03,5,233248.00000000,100000000629812100;100000001578517100;100000002173070100;100000004400361100;100000004756901100,Синхронные переводы в один день; порядок внутри дня неизвестен.
T00021,fast_transit,100000002433697100,2026-07-03,0,110000.00000000,,"FIFO-сопоставление сумм, не доказательство движения одних и тех же денег."
T00022,sync_out,100000002527114100,2026-07-03,6,94579.00000000,100000001716579100;100000008667058100;100000008670667100;100000008671026100;100000008672162100;100000008672200100,Синхронные переводы в один день; порядок внутри дня неизвестен.
T00023,sync_out,100000002578405100,2026-07-03,5,132900.00000000,100000006701983100;100000008507703100;100000008671081100;100000008671129100;100000008672493100,Синхронные переводы в один день; порядок внутри дня неизвестен.
T00024,fast_transit,100000002957787100,2026-07-03,0,17086.00000000,,"FIFO-сопоставление сумм, не доказательство движения одних и тех же денег."
T00025,sync_out,100000002957787100,2026-07-03,8,242139.75000000,100000001160401100;100000001689968100;100000002603371100;100000002645609100;100000004071070100;100000004071080100;100000006530134100;100000007442518100,Синхронные переводы в один день; порядок внутри дня неизвестен.
T00026,sync_out,100000003016635100,2026-07-03,7,252722.00000000,100000000667713100;100000003001564100;100000003042994100;100000004188160100;100000004707703100;100000005958064100;100000008188026100,Синхронные переводы в один день; порядок внутри дня неизвестен.
T00027,fast_transit,100000004070318100,2026-07-03,0,6521.55000000,,"FIFO-сопоставление сумм, не доказательство движения одних и тех же денег."
T00028,fast_transit,100000004351795100,2026-07-03,0,90000.00000000,,"FIFO-сопоставление сумм, не доказательство движения одних и тех же денег."
T00029,fast_transit,100000004390333100,2026-07-03,0,64558.00000000,,"FIFO-сопоставление сумм, не доказательство движения одних и тех же денег."
T00030,sync_out,100000004400305100,2026-07-03,9,518199.00000000,100000001329153100;100000004390333100;100000004611571100;100000004737477100;100000004847758100;100000005830339100;100000006734214100;100000008422226100;100000008669310100,Синхронные переводы в один день; порядок внутри дня неизвестен.
T00031,sync_in,100000004486525100,2026-07-03,5,95312.00000000,100000004070318100;100000005910114100;100000007267915100;100000007593823100;100000007864477100,Синхронные переводы в один день; порядок внутри дня неизвестен.
T00032,fast_transit,100000004670388100,2026-07-03,0,160354.00000000,,"FIFO-сопоставление сумм, не доказательство движения одних и тех же денег."
T00033,fast_transit,100000004707703100,2026-07-03,0,88000.00000000,,"FIFO-сопоставление сумм, не доказательство движения одних и тех же денег."
T00034,sync_out,100000005933757100,2026-07-03,5,223253.00000000,100000001052945100;100000002862113100;100000002891765100;100000004569484100;100000008259451100,Синхронные переводы в один день; порядок внутри дня неизвестен.
T00035,sync_out,100000006866783100,2026-07-03,7,190957.00000000,100000000011452100;100000000661912100;100000001126374100;100000004325327100;100000004622227100;100000005620225100;100000008066326100,Синхронные переводы в один день; порядок внутри дня неизвестен.
T00036,fast_transit,100000007629096100,2026-07-03,0,48785.00000000,,"FIFO-сопоставление сумм, не доказательство движения одних и тех же денег."
T00037,fast_transit,100000007864477100,2026-07-03,0,35500.00000000,,"FIFO-сопоставление сумм, не доказательство движения одних и тех же денег."
T00038,fast_transit,100000008213966100,2026-07-03,0,23000.00000000,,"FIFO-сопоставление сумм, не доказательство движения одних и тех же денег."
T00039,fast_transit,100000008324800100,2026-07-03,0,80000.00000000,,"FIFO-сопоставление сумм, не доказательство движения одних и тех же денег."
T00040,sync_out,100000008477350100,2026-07-03,5,193685.00000000,100000003635660100;100000003968044100;100000004071080100;100000007864477100;100000008459449100,Синхронные переводы в один день; порядок внутри дня неизвестен.
T00041,fast_transit,100000000201868100,2026-07-04,0,190000.00000000,,"FIFO-сопоставление сумм, не доказательство движения одних и тех же денег."
T00042,fast_transit,100000000661912100,2026-07-04,0,31311.00000000,,"FIFO-сопоставление сумм, не доказательство движения одних и тех же денег."
T00043,fast_transit,100000001697501100,2026-07-04,0,25000.00000000,,"FIFO-сопоставление сумм, не доказательство движения одних и тех же денег."
T00044,fast_transit,100000002957787100,2026-07-04,0,37770.00000000,,"FIFO-сопоставление сумм, не доказательство движения одних и тех же денег."
T00045,sync_out,100000003016635100,2026-07-04,5,286278.00000000,100000002778085100;100000002793851100;100000002952631100;100000004790991100;100000004948177100,Синхронные переводы в один день; порядок внутри дня неизвестен.
T00046,fast_transit,100000003242289100,2026-07-04,0,46970.00000000,,"FIFO-сопоставление сумм, не доказательство движения одних и тех же денег."
T00047,sync_in,100000004486525100,2026-07-04,3,87700.00000000,100000004070318100;100000005910114100;100000007864477100,Синхронные переводы в один день; порядок внутри дня неизвестен.
T00048,fast_transit,100000004707703100,2026-07-04,0,32000.00000000,,"FIFO-сопоставление сумм, не доказательство движения одних и тех же денег."
T00049,fast_transit,100000005171642100,2026-07-04,0,6000.00000000,,"FIFO-сопоставление сумм, не доказательство движения одних и тех же денег."
T00050,fast_transit,100000007864477100,2026-07-04,0,34500.00000000,,"FIFO-сопоставление сумм, не доказательство движения одних и тех же денег."
T00051,fast_transit,100000008304139100,2026-07-04,0,11091.75000000,,"FIFO-сопоставление сумм, не доказательство движения одних и тех же денег."
T00052,fast_transit,100000008324800100,2026-07-04,0,95000.00000000,,"FIFO-сопоставление сумм, не доказательство движения одних и тех же денег."
T00053,fast_transit,100000008603629100,2026-07-04,0,60000.00000000,,"FIFO-сопоставление сумм, не доказательство движения одних и тех же денег."
T00054,sync_out,100000000331309100,2026-07-05,7,835482.00000000,100000002807334100;100000003105929100;100000003293377100;100000004906181100;100000006274203100;100000006734214100;100000008324800100,Синхронные переводы в один день; порядок внутри дня неизвестен.
T00055,sync_out,100000003016635100,2026-07-05,6,142338.00000000,100000000440392100;100000000667713100;100000002592567100;100000004206046100;100000004948177100;100000007511163100,Синхронные переводы в один день; порядок внутри дня неизвестен.
T00056,fast_transit,100000004351795100,2026-07-05,0,5915.00000000,,"FIFO-сопоставление сумм, не доказательство движения одних и тех же денег."
T00057,fast_transit,100000004400305100,2026-07-05,0,30000.00000000,,"FIFO-сопоставление сумм, не доказательство движения одних и тех же денег."
T00058,fast_transit,100000004906181100,2026-07-05,0,100000.00000000,,"FIFO-сопоставление сумм, не доказательство движения одних и тех же денег."
T00059,fast_transit,100000005782781100,2026-07-05,0,62688.00000000,,"FIFO-сопоставление сумм, не доказательство движения одних и тех же денег."
T00060,sync_out,100000006866783100,2026-07-05,10,387059.00000000,100000000011452100;100000001524952100;100000002182176100;100000002809568100;100000004071080100;100000004403675100;100000004737477100;100000008137435100;100000008304139100;100000008560717100,Синхронные переводы в один день; порядок внутри дня неизвестен.
T00061,fast_transit,100000008137435100,2026-07-05,0,93906.00000000,,"FIFO-сопоставление сумм, не доказательство движения одних и тех же денег."
T00062,fast_transit,100000002217161100,2026-07-06,0,39000.00000000,,"FIFO-сопоставление сумм, не доказательство движения одних и тех же денег."
T00063,sync_out,100000002527114100,2026-07-06,5,168549.00000000,100000002858835100;100000003567087100;100000007938486100;100000008679986100;100000008680451100,Синхронные переводы в один день; порядок внутри дня неизвестен.
T00064,sync_out,100000003016635100,2026-07-06,6,251914.00000000,100000001049200100;100000001805543100;100000004790991100;100000006518161100;100000007281639100;100000007641183100,Синхронные переводы в один день; порядок внутри дня неизвестен.
T00065,sync_out,100000004400305100,2026-07-06,6,436630.00000000,100000000749118100;100000003254277100;100000003943247100;100000004071080100;100000006492770100;100000008665380100,Синхронные переводы в один день; порядок внутри дня неизвестен.
T00066,fast_transit,100000004662806100,2026-07-06,0,9005.00000000,,"FIFO-сопоставление сумм, не доказательство движения одних и тех же денег."
T00067,burst,100000004877085100,2026-07-06,4,92600.00000000,,Всплеск относительно среднего по активным дням.
T00068,burst,100000005578559100,2026-07-06,8,287395.00000000,,Всплеск относительно среднего по активным дням.
T00069,fast_transit,100000005578559100,2026-07-06,0,51000.00000000,,"FIFO-сопоставление сумм, не доказательство движения одних и тех же денег."
T00070,sync_out,100000005578559100,2026-07-06,7,236395.00000000,100000001280798100;100000001298099100;100000001484381100;100000001818442100;100000002983426100;100000003095610100;100000003241965100,Синхронные переводы в один день; порядок внутри дня неизвестен.
T00071,fast_transit,100000005933757100,2026-07-06,0,69000.00000000,,"FIFO-сопоставление сумм, не доказательство движения одних и тех же денег."
T00072,sync_in,100000002398779100,2026-07-07,3,104218.00000000,100000002645993100;100000004070318100;100000004847758100,Синхронные переводы в один день; порядок внутри дня неизвестен.
T00073,sync_out,100000002578405100,2026-07-07,6,110300.00000000,100000001632325100;100000002511581100;100000003192309100;100000007022818100;100000008684767100;100000008684951100,Синхронные переводы в один день; порядок внутри дня неизвестен.
T00074,sync_out,100000003016635100,2026-07-07,8,321088.00000000,100000000440392100;100000000667713100;100000003163256100;100000004588479100;100000004707703100;100000004948177100;100000006069103100;100000006518161100,Синхронные переводы в один день; порядок внутри дня неизвестен.
T00075,fast_transit,100000003054328100,2026-07-07,0,140000.00000000,,"FIFO-сопоставление сумм, не доказательство движения одних и тех же денег."
T00076,fast_transit,100000003154105100,2026-07-07,0,15000.00000000,,"FIFO-сопоставление сумм, не доказательство движения одних и тех же денег."
T00077,sync_out,100000004400305100,2026-07-07,7,291920.00000000,100000001609499100;100000002645993100;100000003581109100;100000003951827100;100000004071080100;100000005186131100;100000006734214100,Синхронные переводы в один день; порядок внутри дня неизвестен.
T00078,fast_transit,100000004707703100,2026-07-07,0,20000.00000000,,"FIFO-сопоставление сумм, не доказательство движения одних и тех же денег."
T00079,fast_transit,100000004847758100,2026-07-07,0,18775.00000000,,"FIFO-сопоставление сумм, не доказательство движения одних и тех же денег."
T00080,fast_transit,100000005578559100,2026-07-07,0,27000.00000000,,"FIFO-сопоставление сумм, не доказательство движения одних и тех же денег."
T00081,fast_transit,100000006240939100,2026-07-07,0,160000.00000000,,"FIFO-сопоставление сумм, не доказательство движения одних и тех же денег."
T00082,fast_transit,100000008304139100,2026-07-07,0,23567.00000000,,"FIFO-сопоставление сумм, не доказательство движения одних и тех же денег."
T00083,fast_transit,100000008324800100,2026-07-07,0,70000.00000000,,"FIFO-сопоставление сумм, не доказательство движения одних и тех же денег."
T00084,sync_out,100000008477350100,2026-07-07,6,531807.00000000,100000000942301100;100000003834495100;100000004097972100;100000004931931100;100000005367284100;100000005910114100,Синхронные переводы в один день; порядок внутри дня неизвестен.
T00085,fast_transit,100000008512552100,2026-07-07,0,20760.00000000,,"FIFO-сопоставление сумм, не доказательство движения одних и тех же денег."
T00086,fast_transit,100000008603629100,2026-07-07,0,66000.00000000,,"FIFO-сопоставление сумм, не доказательство движения одних и тех же денег."
T00087,fast_transit,100000000661912100,2026-07-08,0,70633.00000000,,"FIFO-сопоставление сумм, не доказательство движения одних и тех же денег."
T00088,sync_out,100000001697501100,2026-07-08,6,135211.00000000,100000002733905100;100000004825069100;100000008283183100;100000008687492100;100000008688476100;100000008688881100,Синхронные переводы в один день; порядок внутри дня неизвестен.
T00089,burst,100000002224132100,2026-07-08,5,4951825.00000000,,Всплеск относительно среднего по активным дням.
T00090,fast_transit,100000002578405100,2026-07-08,0,181250.00000000,,"FIFO-сопоставление сумм, не доказательство движения одних и тех же денег."
T00091,sync_out,100000002578405100,2026-07-08,9,181250.00000000,100000000661131100;100000005089460100;100000008684452100;100000008686494100;100000008687617100;100000008687733100;100000008687990100;100000008688109100;100000008688155100,Синхронные переводы в один день; порядок внутри дня неизвестен.
T00092,fast_transit,100000002733905100,2026-07-08,0,40000.00000000,,"FIFO-сопоставление сумм, не доказательство движения одних и тех же денег."
T00093,sync_out,100000003016635100,2026-07-08,7,174737.00000000,100000002600345100;100000002938501100;100000004330371100;100000004790991100;100000005505655100;100000008003034100;100000008188026100,Синхронные переводы в один день; порядок внутри дня неизвестен.
T00094,fast_transit,100000003154105100,2026-07-08,0,40000.00000000,,"FIFO-сопоставление сумм, не доказательство движения одних и тех же денег."
T00095,sync_in,100000004299488100,2026-07-08,3,629000.00000000,100000002957787100;100000007055802100;100000008477350100,Синхронные переводы в один день; порядок внутри дня неизвестен.
T00096,sync_in,100000004962193100,2026-07-08,5,478378.00000000,100000002723538100;100000005910114100;100000007864477100;100000008304139100;100000008587459100,Синхронные переводы в один день; порядок внутри дня неизвестен.
T00097,fast_transit,100000005578559100,2026-07-08,0,53000.00000000,,"FIFO-сопоставление сумм, не доказательство движения одних и тех же денег."
T00098,fast_transit,100000005910114100,2026-07-08,0,80983.00000000,,"FIFO-сопоставление сумм, не доказательство движения одних и тех же денег."
T00099,fast_transit,100000005933757100,2026-07-08,0,323555.00000000,,"FIFO-сопоставление сумм, не доказательство движения одних и тех же денег."
T00100,sync_out,100000005933757100,2026-07-08,6,323555.00000000,100000001549194100;100000002633108100;100000002748532100;100000002951898100;100000003111305100;100000004500444100,Синхронные переводы в один день; порядок внутри дня неизвестен.
T00101,fast_transit,100000006518161100,2026-07-08,0,9999.00000000,,"FIFO-сопоставление сумм, не доказательство движения одних и тех же денег."
T00102,sync_in,100000006866783100,2026-07-08,3,56685.00000000,100000001660397100;100000005910114100;100000008304139100,Синхронные переводы в один день; порядок внутри дня неизвестен.
T00103,burst,100000008413748100,2026-07-08,14,458384.92000000,,Всплеск относительно среднего по активным дням.
T00104,sync_out,100000008413748100,2026-07-08,14,458384.92000000,100000001689968100;100000002570206100;100000002975287100;100000003072676100;100000003986141100;100000004071080100;100000005233755100;100000005830339100;100000006734214100;100000006967370100;100000007618425100;100000008011573100;100000008560717100;100000008612257100,Синхронные переводы в один день; порядок внутри дня неизвестен.
T00105,fast_transit,100000008477350100,2026-07-08,0,30000.00000000,,"FIFO-сопоставление сумм, не доказательство движения одних и тех же денег."
T00106,sync_out,100000008477350100,2026-07-08,5,592289.00000000,100000000661912100;100000000942301100;100000002603769100;100000004299488100;100000008560717100,Синхронные переводы в один день; порядок внутри дня неизвестен.
T00107,fast_transit,100000000331309100,2026-07-09,0,59435.00000000,,"FIFO-сопоставление сумм, не доказательство движения одних и тех же денег."
T00108,fast_transit,100000002267998100,2026-07-09,0,200000.00000000,,"FIFO-сопоставление сумм, не доказательство движения одних и тех же денег."
T00109,sync_in,100000002398779100,2026-07-09,7,537607.00000000,100000000089154100;100000001609499100;100000004070318100;100000004077081100;100000004351795100;100000005634552100;100000008223661100,Синхронные переводы в один день; порядок внутри дня неизвестен.
T00110,sync_out,100000002527114100,2026-07-09,7,176474.00000000,100000003942602100;100000008687671100;100000008690932100;100000008691027100;100000008691330100;100000008691495100;100000008693069100,Синхронные переводы в один день; порядок внутри дня неизвестен.
T00111,fast_transit,100000002578405100,2026-07-09,0,105125.00000000,,"FIFO-сопоставление сумм, не доказательство движения одних и тех же денег."
T00112,sync_out,100000002578405100,2026-07-09,6,105125.00000000,100000000572276100;100000002614095100;100000005198498100;100000008309514100;100000008548853100;100000008690762100,Синхронные переводы в один день; порядок внутри дня неизвестен.
T00113,fast_transit,100000002738256100,2026-07-09,0,150200.00000000,,"FIFO-сопоставление сумм, не доказательство движения одних и тех же денег."
T00114,sync_out,100000003016635100,2026-07-09,10,397797.00000000,100000003713616100;100000004186824100;100000004188160100;100000004408683100;100000004559194100;100000004741837100;100000004948177100;100000005539201100;100000006579678100;100000008116374100,Синхронные переводы в один день; порядок внутри дня неизвестен.
T00115,fast_transit,100000003242289100,2026-07-09,0,65760.00000000,,"FIFO-сопоставление сумм, не доказательство движения одних и тех же денег."
T00116,fast_transit,100000003718221100,2026-07-09,0,185000.00000000,,"FIFO-сопоставление сумм, не доказательство движения одних и тех же денег."
T00117,fast_transit,100000004070318100,2026-07-09,0,64725.00000000,,"FIFO-сопоставление сумм, не доказательство движения одних и тех же денег."
T00118,fast_transit,100000004135268100,2026-07-09,0,150000.00000000,,"FIFO-сопоставление сумм, не доказательство движения одних и тех же денег."
T00119,fast_transit,100000004221668100,2026-07-09,0,17000.00000000,,"FIFO-сопоставление сумм, не доказательство движения одних и тех же денег."
T00120,fast_transit,100000005782781100,2026-07-09,0,31500.00000000,,"FIFO-сопоставление сумм, не доказательство движения одних и тех же денег."
T00121,fast_transit,100000005933757100,2026-07-09,0,123445.00000000,,"FIFO-сопоставление сумм, не доказательство движения одних и тех же денег."
T00122,sync_out,100000006866783100,2026-07-09,13,651102.00000000,100000000011452100;100000000961900100;100000001126374100;100000002606567100;100000003066385100;100000004070318100;100000004071080100;100000004076740100;100000004299488100;100000004664515100;100000005844459100;100000008665380100;100000008686313100,Синхронные переводы в один день; порядок внутри дня неизвестен.
T00123,fast_transit,100000008647905100,2026-07-09,0,50000.00000000,,"FIFO-сопоставление сумм, не доказательство движения одних и тех же денег."
T00124,sync_out,100000000331309100,2026-07-10,6,807480.00000000,100000001330685100;100000001611488100;100000003044431100;100000003814002100;100000005893892100;100000007597382100,Синхронные переводы в один день; порядок внутри дня неизвестен.
T00125,sync_out,100000000437046100,2026-07-10,6,313653.00000000,100000004070318100;100000004759121100;100000005610717100;100000007639767100;100000008343874100;100000008603629100,Синхронные переводы в один день; порядок внутри дня неизвестен.
T00126,fast_transit,100000001530983100,2026-07-10,0,200000.00000000,,"FIFO-сопоставление сумм, не доказательство движения одних и тех же денег."
T00127,fast_transit,100000001857829100,2026-07-10,0,128535.00000000,,"FIFO-сопоставление сумм, не доказательство движения одних и тех же денег."
T00128,sync_in,100000001857829100,2026-07-10,3,128535.00000000,100000003178549100;100000005910114100;100000008632060100,Синхронные переводы в один день; порядок внутри дня неизвестен.
T00129,sync_out,100000001857829100,2026-07-10,5,362153.00000000,100000000640800100;100000002481974100;100000002550141100;100000003899325100;100000008121806100,Синхронные переводы в один день; порядок внутри дня неизвестен.
T00130,fast_transit,100000002217161100,2026-07-10,0,15000.00000000,,"FIFO-сопоставление сумм, не доказательство движения одних и тех же денег."
T00131,sync_in,100000002398779100,2026-07-10,3,172910.00000000,100000004077081100;100000004351795100;100000005910114100,Синхронные переводы в один день; порядок внутри дня неизвестен.
T00132,fast_transit,100000002578405100,2026-07-10,0,33697.00000000,,"FIFO-сопоставление сумм, не доказательство движения одних и тех же денег."
T00133,sync_out,100000002578405100,2026-07-10,7,214680.00000000,100000002646745100;100000004257714100;100000008055972100;100000008695133100;100000008695566100;100000008695689100;100000008697670100,Синхронные переводы в один день; порядок внутри дня неизвестен.
T00134,fast_transit,100000002733905100,2026-07-10,0,20000.00000000,,"FIFO-сопоставление сумм, не доказательство движения одних и тех же денег."
T00135,sync_out,100000003016635100,2026-07-10,9,1071188.00000000,100000000440392100;100000000706545100;100000001530983100;100000001567366100;100000002890167100;100000003042994100;100000003701161100;100000004559194100;100000004948177100,Синхронные переводы в один день; порядок внутри дня неизвестен.
T00136,fast_transit,100000004070318100,2026-07-10,0,73000.00000000,,"FIFO-сопоставление сумм, не доказательство движения одних и тех же денег."
T00137,fast_transit,100000004135268100,2026-07-10,0,200000.00000000,,"FIFO-сопоставление сумм, не доказательство движения одних и тех же денег."
T00138,fast_transit,100000004221668100,2026-07-10,0,3000.00000000,,"FIFO-сопоставление сумм, не доказательство движения одних и тех же денег."
T00139,sync_out,100000004400305100,2026-07-10,5,269177.00000000,100000003235780100;100000004070318100;100000006788200100;100000007484343100;100000008587459100,Синхронные переводы в один день; порядок внутри дня неизвестен.
T00140,fast_transit,100000005782781100,2026-07-10,0,51500.00000000,,"FIFO-сопоставление сумм, не доказательство движения одних и тех же денег."
T00141,sync_in,100000005782781100,2026-07-10,3,51500.00000000,100000000089154100;100000003213473100;100000008304139100,Синхронные переводы в один день; порядок внутри дня неизвестен.
T00142,fast_transit,100000005910114100,2026-07-10,0,92009.00000000,,"FIFO-сопоставление сумм, не доказательство движения одних и тех же денег."
T00143,sync_out,100000005910114100,2026-07-10,5,190133.00000000,100000001857829100;100000002398779100;100000003747133100;100000008525136100;100000008603629100,Синхронные переводы в один день; порядок внутри дня неизвестен.
T00144,fast_transit,100000008121806100,2026-07-10,0,35000.00000000,,"FIFO-сопоставление сумм, не доказательство движения одних и тех же денег."
T00145,fast_transit,100000008165763100,2026-07-10,0,28200.00000000,,"FIFO-сопоставление сумм, не доказательство движения одних и тех же денег."
T00146,fast_transit,100000008346837100,2026-07-10,0,40000.00000000,,"FIFO-сопоставление сумм, не доказательство движения одних и тех же денег."
T00147,fast_transit,100000008389800100,2026-07-10,0,118400.00000000,,"FIFO-сопоставление сумм, не доказательство движения одних и тех же денег."
T00148,fast_transit,100000008477350100,2026-07-10,0,28400.00000000,,"FIFO-сопоставление сумм, не доказательство движения одних и тех же денег."
T00149,fast_transit,100000008603629100,2026-07-10,0,64028.00000000,,"FIFO-сопоставление сумм, не доказательство движения одних и тех же денег."
T00150,sync_in,100000008603629100,2026-07-10,4,64028.00000000,100000000437046100;100000002723538100;100000004070318100;100000005910114100,Синхронные переводы в один день; порядок внутри дня неизвестен.
T00151,sync_out,100000000331309100,2026-07-11,5,806160.00000000,100000003486970100;100000004299488100;100000005409156100;100000006734214100;100000008560717100,Синхронные переводы в один день; порядок внутри дня неизвестен.
T00152,fast_transit,100000002481974100,2026-07-11,0,59000.00000000,,"FIFO-сопоставление сумм, не доказательство движения одних и тех же денег."
T00153,fast_transit,100000003265158100,2026-07-11,0,80700.00000000,,"FIFO-сопоставление сумм, не доказательство движения одних и тех же денег."
T00154,fast_transit,100000004070318100,2026-07-11,0,40000.00000000,,"FIFO-сопоставление сумм, не доказательство движения одних и тех же денег."
T00155,fast_transit,100000004135268100,2026-07-11,0,500000.00000000,,"FIFO-сопоставление сумм, не доказательство движения одних и тех же денег."
T00156,burst,100000004150593100,2026-07-11,8,574855.00000000,,Всплеск относительно среднего по активным дням.
T00157,fast_transit,100000004150593100,2026-07-11,0,57000.00000000,,"FIFO-сопоставление сумм, не доказательство движения одних и тех же денег."
T00158,sync_out,100000004150593100,2026-07-11,7,517855.00000000,100000001530983100;100000002956898100;100000003896956100;100000003899899100;100000004394765100;100000005022552100;100000008595687100,Синхронные переводы в один день; порядок внутри дня неизвестен.
T00159,sync_in,100000004299488100,2026-07-11,3,510000.00000000,100000000331309100;100000000437046100;100000006866783100,Синхронные переводы в один день; порядок внутри дня неизвестен.
T00160,fast_transit,100000005287097100,2026-07-11,0,54223.00000000,,"FIFO-сопоставление сумм, не доказательство движения одних и тех же денег."
T00161,sync_in,100000006866783100,2026-07-11,4,143980.00000000,100000001609499100;100000004070318100;100000005910114100;100000008686313100,Синхронные переводы в один день; порядок внутри дня неизвестен.
T00162,fast_transit,100000007594394100,2026-07-11,0,40000.00000000,,"FIFO-сопоставление сумм, не доказательство движения одних и тех же денег."
T00163,fast_transit,100000008121806100,2026-07-11,0,32000.00000000,,"FIFO-сопоставление сумм, не доказательство движения одних и тех же денег."
T00164,fast_transit,100000008343874100,2026-07-11,0,100000.00000000,,"FIFO-сопоставление сумм, не доказательство движения одних и тех же денег."
T00165,fast_transit,100000008477350100,2026-07-11,0,18900.00000000,,"FIFO-сопоставление сумм, не доказательство движения одних и тех же денег."
T00166,fast_transit,100000000331309100,2026-07-12,0,107200.00000000,,"FIFO-сопоставление сумм, не доказательство движения одних и тех же денег."
T00167,fast_transit,100000000661912100,2026-07-12,0,70000.00000000,,"FIFO-сопоставление сумм, не доказательство движения одних и тех же денег."
T00168,fast_transit,100000001530983100,2026-07-12,0,13000.00000000,,"FIFO-сопоставление сумм, не доказательство движения одних и тех же денег."
T00169,sync_in,100000002731501100,2026-07-12,3,28800.00000000,100000004005964100;100000004007116100;100000004160650100,Синхронные переводы в один день; порядок внутри дня неизвестен.
T00170,sync_in,100000003016635100,2026-07-12,3,35381.00000000,100000004330371100;100000005287097100;100000008595687100,Синхронные переводы в один день; порядок внутри дня неизвестен.
T00171,fast_transit,100000003589877100,2026-07-12,0,150000.00000000,,"FIFO-сопоставление сумм, не доказательство движения одних и тех же денег."
T00172,fast_transit,100000003635170100,2026-07-12,0,20000.00000000,,"FIFO-сопоставление сумм, не доказательство движения одних и тех же денег."
T00173,sync_out,100000003796063100,2026-07-12,5,287700.00000000,100000000331309100;100000004400305100;100000006866783100;100000008165763100;100000008346837100,Синхронные переводы в один день; порядок внутри дня неизвестен.
T00174,sync_in,100000004299488100,2026-07-12,3,132000.00000000,100000000331309100;100000006866783100;100000007055802100,Синхронные переводы в один день; порядок внутри дня неизвестен.
T00175,fast_transit,100000004400305100,2026-07-12,0,9000.00000000,,"FIFO-сопоставление сумм, не доказательство движения одних и тех же денег."
T00176,sync_out,100000004400305100,2026-07-12,5,481870.00000000,100000000254336100;100000000661912100;100000002435265100;100000004679953100;100000005910114100,Синхронные переводы в один день; порядок внутри дня неизвестен.
T00177,fast_transit,100000005704413100,2026-07-12,0,27067.67000000,,"FIFO-сопоставление сумм, не доказательство движения одних и тех же денег."
T00178,sync_out,100000005704413100,2026-07-12,5,170960.00000000,100000002506987100;100000002838861100;100000003083865100;100000003096787100;100000008251939100,Синхронные переводы в один день; порядок внутри дня неизвестен.
T00179,fast_transit,100000005910114100,2026-07-12,0,92977.00000000,,"FIFO-сопоставление сумм, не доказательство движения одних и тех же денег."
T00180,sync_in,100000006866783100,2026-07-12,4,102500.00000000,100000000089154100;100000001660397100;100000003796063100;100000008304139100,Синхронные переводы в один день; порядок внутри дня неизвестен.
T00181,sync_out,100000006866783100,2026-07-12,6,160427.00000000,100000001363952100;100000001660397100;100000003235780100;100000004299488100;100000007639767100;100000008686313100,Синхронные переводы в один день; порядок внутри дня неизвестен.
T00182,sync_in,100000007055802100,2026-07-12,3,410000.00000000,100000000331309100;100000000437046100;100000004299488100,Синхронные переводы в один день; порядок внутри дня неизвестен.
T00183,fast_transit,100000007594394100,2026-07-12,0,5385.00000000,,"FIFO-сопоставление сумм, не доказательство движения одних и тех же денег."
T00184,fast_transit,100000008165763100,2026-07-12,0,54050.00000000,,"FIFO-сопоставление сумм, не доказательство движения одних и тех же денег."
T00185,sync_in,100000008165763100,2026-07-12,4,97930.00000000,100000000089154100;100000003582677100;100000003796063100;100000005910114100,Синхронные переводы в один день; порядок внутри дня неизвестен.
T00186,fast_transit,100000008343874100,2026-07-12,0,43400.00000000,,"FIFO-сопоставление сумм, не доказательство движения одних и тех же денег."
T00187,fast_transit,100000008603629100,2026-07-12,0,83690.00000000,,"FIFO-сопоставление сумм, не доказательство движения одних и тех же денег."
T00188,sync_out,100000008680731100,2026-07-12,5,408080.00000000,100000002692044100;100000003239379100;100000004662806100;100000006008169100;100000008304115100,Синхронные переводы в один день; порядок внутри дня неизвестен.
T00189,fast_transit,100000000254336100,2026-07-13,0,60000.00000000,,"FIFO-сопоставление сумм, не доказательство движения одних и тех же денег."
T00190,fast_transit,100000000437046100,2026-07-13,0,41500.00000000,,"FIFO-сопоставление сумм, не доказательство движения одних и тех же денег."
T00191,sync_out,100000000437046100,2026-07-13,10,1136779.00000000,100000000254336100;100000001726614100;100000001745217100;100000001837130100;100000002373144100;100000002663511100;100000005124479100;100000005830339100;100000007055802100;100000008560717100,Синхронные переводы в один день; порядок внутри дня неизвестен.
T00192,fast_transit,100000001530983100,2026-07-13,0,33290.00000000,,"FIFO-сопоставление сумм, не доказательство движения одних и тех же денег."
T00193,fast_transit,100000001677929100,2026-07-13,0,76777.00000000,,"FIFO-сопоставление сумм, не доказательство движения одних и тех же денег."
T00194,fast_transit,100000002371751100,2026-07-13,0,170000.00000000,,"FIFO-сопоставление сумм, не доказательство движения одних и тех же денег."
T00195,fast_transit,100000002578405100,2026-07-13,0,198256.00000000,,"FIFO-сопоставление сумм, не доказательство движения одних и тех же денег."
T00196,sync_out,100000002578405100,2026-07-13,9,208200.00000000,100000002103448100;100000002305007100;100000005674387100;100000008706846100;100000008706947100;100000008707810100;100000008708061100;100000008708595100;100000008708743100,Синхронные переводы в один день; порядок внутри дня неизвестен.
T00197,sync_out,100000003016635100,2026-07-13,8,750815.00000000,100000000706545100;100000001987030100;100000004360785100;100000004394765100;100000004559194100;100000004588479100;100000006518161100;100000008188026100,Синхронные переводы в один день; порядок внутри дня неизвестен.
T00198,sync_in,100000003404627100,2026-07-13,3,739700.00000000,100000001732159100;100000002681449100;100000008223661100,Синхронные переводы в один день; порядок внутри дня неизвестен.
T00199,sync_in,100000003684369100,2026-07-13,4,113674.00000000,100000003796063100;100000004450649100;100000005910114100;100000007864477100,Синхронные переводы в один день; порядок внутри дня неизвестен.
T00200,fast_transit,100000005704413100,2026-07-13,0,29767.00000000,,"FIFO-сопоставление сумм, не доказательство движения одних и тех же денег."
T00201,fast_transit,100000005910114100,2026-07-13,0,191.00000000,,"FIFO-сопоставление сумм, не доказательство движения одних и тех же денег."
T00202,fast_transit,100000006518161100,2026-07-13,0,15000.00000000,,"FIFO-сопоставление сумм, не доказательство движения одних и тех же денег."
T00203,sync_in,100000007055802100,2026-07-13,3,400000.00000000,100000000437046100;100000004299488100;100000006866783100,Синхронные переводы в один день; порядок внутри дня неизвестен.
T00204,fast_transit,100000007170072100,2026-07-13,0,99500.00000000,,"FIFO-сопоставление сумм, не доказательство движения одних и тех же денег."
T00205,fast_transit,100000008346837100,2026-07-13,0,88250.00000000,,"FIFO-сопоставление сумм, не доказательство движения одних и тех же денег."
T00206,fast_transit,100000008477350100,2026-07-13,0,16000.00000000,,"FIFO-сопоставление сумм, не доказательство движения одних и тех же денег."
T00207,sync_out,100000008680731100,2026-07-13,5,240217.00000000,100000002679516100;100000002762076100;100000002864680100;100000002881669100;100000003970394100,Синхронные переводы в один день; порядок внутри дня неизвестен.
T00208,fast_transit,100000000331309100,2026-07-14,0,576000.00000000,,"FIFO-сопоставление сумм, не доказательство движения одних и тех же денег."
T00209,sync_in,100000000331309100,2026-07-14,3,576000.00000000,100000001279272100;100000003796063100;100000003880331100,Синхронные переводы в один день; порядок внутри дня неизвестен.
T00210,fast_transit,100000001279272100,2026-07-14,0,130000.00000000,,"FIFO-сопоставление сумм, не доказательство движения одних и тех же денег."
T00211,fast_transit,100000001937767100,2026-07-14,0,53000.00000000,,"FIFO-сопоставление сумм, не доказательство движения одних и тех же денег."
T00212,fast_transit,100000002032323100,2026-07-14,0,300000.00000000,,"FIFO-сопоставление сумм, не доказательство движения одних и тех же денег."
T00213,sync_out,100000002578405100,2026-07-14,6,248000.00000000,100000005995391100;100000008712036100;100000008712184100;100000008712827100;100000008712991100;100000008713685100,Синхронные переводы в один день; порядок внутри дня неизвестен.
T00214,fast_transit,100000002723538100,2026-07-14,0,15000.00000000,,"FIFO-сопоставление сумм, не доказательство движения одних и тех же денег."
T00215,sync_in,100000002894076100,2026-07-14,3,694782.00000000,100000000343175100;100000007747786100;100000008466579100,Синхронные переводы в один день; порядок внутри дня неизвестен.
T00216,sync_out,100000003016635100,2026-07-14,8,372241.00000000,100000001684867100;100000002580377100;100000004186824100;100000004330371100;100000004408683100;100000004559194100;100000005287097100;100000006518161100,Синхронные переводы в один день; порядок внутри дня неизвестен.
T00217,fast_transit,100000003923946100,2026-07-14,0,54000.00000000,,"FIFO-сопоставление сумм, не доказательство движения одних и тех же денег."
T00218,fast_transit,100000004400305100,2026-07-14,0,19800.00000000,,"FIFO-сопоставление сумм, не доказательство движения одних и тех же денег."
T00219,fast_transit,100000004662806100,2026-07-14,0,49900.00000000,,"FIFO-сопоставление сумм, не доказательство движения одних и тех же денег."
T00220,fast_transit,100000004722765100,2026-07-14,0,165000.00000000,,"FIFO-сопоставление сумм, не доказательство движения одних и тех же денег."
T00221,fast_transit,100000005287097100,2026-07-14,0,21800.00000000,,"FIFO-сопоставление сумм, не доказательство движения одних и тех же денег."
T00222,sync_out,100000005704413100,2026-07-14,6,246745.00000000,100000001276409100;100000001484381100;100000002748040100;100000002870463100;100000004890713100;100000008379273100,Синхронные переводы в один день; порядок внутри дня неизвестен.
T00223,fast_transit,100000006518161100,2026-07-14,0,100000.00000000,,"FIFO-сопоставление сумм, не доказательство движения одних и тех же денег."
T00224,fast_transit,100000006534886100,2026-07-14,0,12800.00000000,,"FIFO-сопоставление сумм, не доказательство движения одних и тех же денег."
T00225,sync_in,100000006866783100,2026-07-14,5,117496.00000000,100000003796063100;100000005910114100;100000008304139100;100000008632060100;100000008686313100,Синхронные переводы в один день; порядок внутри дня неизвестен.
T00226,sync_out,100000006866783100,2026-07-14,5,145439.00000000,100000000961900100;100000003873332100;100000004679953100;100000008071620100;100000008221543100,Синхронные переводы в один день; порядок внутри дня неизвестен.
T00227,fast_transit,100000007594394100,2026-07-14,0,40000.00000000,,"FIFO-сопоставление сумм, не доказательство движения одних и тех же денег."
T00228,fast_transit,100000007629096100,2026-07-14,0,166385.00000000,,"FIFO-сопоставление сумм, не доказательство движения одних и тех же денег."
T00229,fast_transit,100000008165763100,2026-07-14,0,40000.00000000,,"FIFO-сопоставление сумм, не доказательство движения одних и тех же денег."
T00230,fast_transit,100000008477350100,2026-07-14,0,145000.00000000,,"FIFO-сопоставление сумм, не доказательство движения одних и тех же денег."
T00231,sync_out,100000008680731100,2026-07-14,9,385301.00000000,100000001074553100;100000002748180100;100000002757797100;100000002973903100;100000003123296100;100000003239859100;100000004286573100;100000008002020100;100000008229700100,Синхронные переводы в один день; порядок внутри дня неизвестен.
T00232,fast_transit,100000001530983100,2026-07-15,0,40000.00000000,,"FIFO-сопоставление сумм, не доказательство движения одних и тех же денег."
T00233,sync_out,100000002527114100,2026-07-15,10,193365.00000000,100000002243354100;100000002830055100;100000004213658100;100000004497606100;100000008716222100;100000008716439100;100000008716773100;100000008717340100;100000008717341100;100000008718089100,Синхронные переводы в один день; порядок внутри дня неизвестен.
T00234,sync_out,100000002578405100,2026-07-15,6,174350.00000000,100000004140994100;100000008687617100;100000008715887100;100000008716072100;100000008717802100;100000008718811100,Синхронные переводы в один день; порядок внутри дня неизвестен.
T00235,fast_transit,100000003242289100,2026-07-15,0,116868.00000000,,"FIFO-сопоставление сумм, не доказательство движения одних и тех же денег."
T00236,fast_transit,100000003457710100,2026-07-15,0,326555.00000000,,"FIFO-сопоставление сумм, не доказательство движения одних и тех же денег."
T00237,fast_transit,100000003635170100,2026-07-15,0,15000.00000000,,"FIFO-сопоставление сумм, не доказательство движения одних и тех же денег."
T00238,fast_transit,100000004722765100,2026-07-15,0,10000.00000000,,"FIFO-сопоставление сумм, не доказательство движения одних и тех же денег."
T00239,fast_transit,100000005242320100,2026-07-15,0,180000.00000000,,"FIFO-сопоставление сумм, не доказательство движения одних и тех же денег."
T00240,fast_transit,100000005782781100,2026-07-15,0,16000.00000000,,"FIFO-сопоставление сумм, не доказательство движения одних и тех же денег."
T00241,sync_out,100000005782781100,2026-07-15,5,852972.00000000,100000002681544100;100000003920950100;100000004847758100;100000005778283100;100000007594394100,Синхронные переводы в один день; порядок внутри дня неизвестен.
T00242,fast_transit,100000006518161100,2026-07-15,0,10000.00000000,,"FIFO-сопоставление сумм, не доказательство движения одних и тех же денег."
T00243,sync_out,100000006866783100,2026-07-15,5,311059.00000000,100000000945428100;100000001530983100;100000004759121100;100000006687202100;100000008686313100,Синхронные переводы в один день; порядок внутри дня неизвестен.
T00244,fast_transit,100000007442518100,2026-07-15,0,6000.00000000,,"FIFO-сопоставление сумм, не доказательство движения одних и тех же денег."
T00245,fast_transit,100000007594394100,2026-07-15,0,180000.00000000,,"FIFO-сопоставление сумм, не доказательство движения одних и тех же денег."
T00246,fast_transit,100000008165763100,2026-07-15,0,73385.00000000,,"FIFO-сопоставление сумм, не доказательство движения одних и тех же денег."
T00247,fast_transit,100000008512552100,2026-07-15,0,115600.00000000,,"FIFO-сопоставление сумм, не доказательство движения одних и тех же денег."
T00248,fast_transit,100000008603629100,2026-07-15,0,115107.00000000,,"FIFO-сопоставление сумм, не доказательство движения одних и тех же денег."
T00249,sync_out,100000008680731100,2026-07-15,5,303346.00000000,100000000922570100;100000001253557100;100000002603478100;100000002671806100;100000004692798100,Синхронные переводы в один день; порядок внутри дня неизвестен.
T00250,sync_out,100000000331309100,2026-07-16,12,1781285.00000000,100000000413678100;100000001530983100;100000001835625100;100000002556775100;100000002567887100;100000002755292100;100000002983879100;100000003242795100;100000004657034100;100000006530134100;100000006734214100;100000008722417100,Синхронные переводы в один день; порядок внутри дня неизвестен.
T00251,fast_transit,100000000437046100,2026-07-16,0,22194.00000000,,"FIFO-сопоставление сумм, не доказательство движения одних и тех же денег."
T00252,sync_in,100000000437046100,2026-07-16,3,282000.00000000,100000000089154100;100000004390333100;100000008293431100,Синхронные переводы в один день; порядок внутри дня неизвестен.
T00253,fast_transit,100000002217161100,2026-07-16,0,76000.00000000,,"FIFO-сопоставление сумм, не доказательство движения одних и тех же денег."
T00254,sync_in,100000002547110100,2026-07-16,5,1026000.00000000,100000008465789100;100000008466579100;100000008489922100;100000008547844100;100000008547948100,Синхронные переводы в один день; порядок внутри дня неизвестен.
T00255,sync_out,100000003016635100,2026-07-16,9,836775.00000000,100000000667713100;100000000706545100;100000003900547100;100000004186824100;100000004394765100;100000005339662100;100000006177176100;100000006952718100;100000008723830100,Синхронные переводы в один день; порядок внутри дня неизвестен.
T00256,fast_transit,100000003242289100,2026-07-16,0,24000.00000000,,"FIFO-сопоставление сумм, не доказательство движения одних и тех же денег."
T00257,fast_transit,100000003589877100,2026-07-16,0,26000.00000000,,"FIFO-сопоставление сумм, не доказательство движения одних и тех же денег."
T00258,fast_transit,100000003635170100,2026-07-16,0,20500.00000000,,"FIFO-сопоставление сумм, не доказательство движения одних и тех же денег."
T00259,sync_in,100000003684369100,2026-07-16,3,196730.00000000,100000000089154100;100000003880331100;100000005910114100,Синхронные переводы в один день; порядок внутри дня неизвестен.
T00260,sync_out,100000003880331100,2026-07-16,6,1150527.00000000,100000000413678100;100000002596039100;100000003447411100;100000003448713100;100000003684369100;100000003819173100,Синхронные переводы в один день; порядок внутри дня неизвестен.
T00261,fast_transit,100000003923946100,2026-07-16,0,66000.00000000,,"FIFO-сопоставление сумм, не доказательство движения одних и тех же денег."
T00262,sync_in,100000004336312100,2026-07-16,3,50500.00000000,100000003934614100;100000004017410100;100000004076740100,Синхронные переводы в один день; порядок внутри дня неизвестен.
T00263,sync_out,100000004400305100,2026-07-16,6,236945.00000000,100000001530709100;100000004759121100;100000005357034100;100000008432942100;100000008560717100;100000008652094100,Синхронные переводы в один день; порядок внутри дня неизвестен.
T00264,fast_transit,100000004820260100,2026-07-16,0,5000.00000000,,"FIFO-сопоставление сумм, не доказательство движения одних и тех же денег."
T00265,fast_transit,100000005339662100,2026-07-16,0,31925.00000000,,"FIFO-сопоставление сумм, не доказательство движения одних и тех же денег."
T00266,fast_transit,100000005933757100,2026-07-16,0,155605.00000000,,"FIFO-сопоставление сумм, не доказательство движения одних и тех же денег."
T00267,sync_out,100000006866783100,2026-07-16,6,250717.00000000,100000000089154100;100000000555721100;100000005584222100;100000007055802100;100000008443341100;100000008560717100,Синхронные переводы в один день; порядок внутри дня неизвестен.
T00268,fast_transit,100000008324800100,2026-07-16,0,70000.00000000,,"FIFO-сопоставление сумм, не доказательство движения одних и тех же денег."
T00269,fast_transit,100000008461532100,2026-07-16,0,5300.00000000,,"FIFO-сопоставление сумм, не доказательство движения одних и тех же денег."
T00270,sync_out,100000008461532100,2026-07-16,6,1398460.00000000,100000000408846100;100000001819396100;100000002691583100;100000003069463100;100000003122817100;100000006704530100,Синхронные переводы в один день; порядок внутри дня неизвестен.
T00271,fast_transit,100000008477350100,2026-07-16,0,49000.00000000,,"FIFO-сопоставление сумм, не доказательство движения одних и тех же денег."
T00272,fast_transit,100000008489922100,2026-07-16,0,48000.00000000,,"FIFO-сопоставление сумм, не доказательство движения одних и тех же денег."
T00273,sync_out,100000008489922100,2026-07-16,7,425700.00000000,100000002547110100;100000002835874100;100000003111305100;100000008517538100;100000008547948100;100000008710791100;100000008710843100,Синхронные переводы в один день; порядок внутри дня неизвестен.
T00274,fast_transit,100000008512552100,2026-07-16,0,161500.00000000,,"FIFO-сопоставление сумм, не доказательство движения одних и тех же денег."
T00275,fast_transit,100000008517538100,2026-07-16,0,14000.00000000,,"FIFO-сопоставление сумм, не доказательство движения одних и тех же денег."
T00276,fast_transit,100000008547844100,2026-07-16,0,8600.00000000,,"FIFO-сопоставление сумм, не доказательство движения одних и тех же денег."
T00277,fast_transit,100000008547948100,2026-07-16,0,121000.00000000,,"FIFO-сопоставление сумм, не доказательство движения одних и тех же денег."
T00278,sync_in,100000008547948100,2026-07-16,4,121000.00000000,100000008465789100;100000008466579100;100000008489922100;100000008547844100,Синхронные переводы в один день; порядок внутри дня неизвестен.
T00279,fast_transit,100000008722417100,2026-07-16,0,260000.00000000,,"FIFO-сопоставление сумм, не доказательство движения одних и тех же денег."
T00280,fast_transit,100000003016438100,2026-07-17,0,200000.00000000,,"FIFO-сопоставление сумм, не доказательство движения одних и тех же денег."
T00281,sync_out,100000003016635100,2026-07-17,5,358430.00000000,100000001164648100;100000003057225100;100000004664905100;100000005287097100;100000006518161100,Синхронные переводы в один день; порядок внутри дня неизвестен.
T00282,sync_in,100000003684369100,2026-07-17,6,266219.00000000,100000003213473100;100000003528285100;100000004390333100;100000004847758100;100000005910114100;100000008223661100,Синхронные переводы в один день; порядок внутри дня неизвестен.
T00283,sync_out,100000003684369100,2026-07-17,5,321493.00000000,100000000941942100;100000001746925100;100000002847207100;100000005133757100;100000008438656100,Синхронные переводы в один день; порядок внутри дня неизвестен.
T00284,fast_transit,100000003923946100,2026-07-17,0,82000.00000000,,"FIFO-сопоставление сумм, не доказательство движения одних и тех же денег."
T00285,fast_transit,100000004847758100,2026-07-17,0,15000.00000000,,"FIFO-сопоставление сумм, не доказательство движения одних и тех же денег."
T00286,sync_out,100000005498992100,2026-07-17,5,295226.00000000,100000001074553100;100000002615479100;100000002750332100;100000004403675100;100000006443391100,Синхронные переводы в один день; порядок внутри дня неизвестен.
T00287,fast_transit,100000005933757100,2026-07-17,0,22740.00000000,,"FIFO-сопоставление сумм, не доказательство движения одних и тех же денег."
T00288,fast_transit,100000006518161100,2026-07-17,0,36500.00000000,,"FIFO-сопоставление сумм, не доказательство движения одних и тех же денег."
T00289,fast_transit,100000007594394100,2026-07-17,0,130000.00000000,,"FIFO-сопоставление сумм, не доказательство движения одних и тех же денег."
T00290,fast_transit,100000008346837100,2026-07-17,0,7000.00000000,,"FIFO-сопоставление сумм, не доказательство движения одних и тех же денег."
T00291,fast_transit,100000008517538100,2026-07-17,0,55500.00000000,,"FIFO-сопоставление сумм, не доказательство движения одних и тех же денег."
T00292,fast_transit,100000008603629100,2026-07-17,0,69358.00000000,,"FIFO-сопоставление сумм, не доказательство движения одних и тех же денег."
T00293,fast_transit,100000008723830100,2026-07-17,0,454000.00000000,,"FIFO-сопоставление сумм, не доказательство движения одних и тех же денег."
T00294,fast_transit,100000000437046100,2026-07-18,0,347306.00000000,,"FIFO-сопоставление сумм, не доказательство движения одних и тех же денег."
T00295,fast_transit,100000002217161100,2026-07-18,0,20000.00000000,,"FIFO-сопоставление сумм, не доказательство движения одних и тех же денег."
T00296,sync_out,100000002527114100,2026-07-18,5,92611.00000000,100000001103905100;100000001389255100;100000006326645100;100000008729801100;100000008732098100,Синхронные переводы в один день; порядок внутри дня неизвестен.
T00297,sync_out,100000003016635100,2026-07-18,7,741930.00000000,100000000667713100;100000000706545100;100000001567366100;100000001851289100;100000006518161100;100000007544358100;100000008486520100,Синхронные переводы в один день; порядок внутри дня неизвестен.
T00298,fast_transit,100000003242289100,2026-07-18,0,6046.00000000,,"FIFO-сопоставление сумм, не доказательство движения одних и тех же денег."
T00299,fast_transit,100000003366154100,2026-07-18,0,125000.00000000,,"FIFO-сопоставление сумм, не доказательство движения одних и тех же денег."
T00300,fast_transit,100000003635170100,2026-07-18,0,18000.00000000,,"FIFO-сопоставление сумм, не доказательство движения одних и тех же денег."
T00301,fast_transit,100000004221668100,2026-07-18,0,15000.00000000,,"FIFO-сопоставление сумм, не доказательство движения одних и тех же денег."
T00302,fast_transit,100000004847758100,2026-07-18,0,20000.00000000,,"FIFO-сопоставление сумм, не доказательство движения одних и тех же денег."
T00303,fast_transit,100000005287097100,2026-07-18,0,9500.00000000,,"FIFO-сопоставление сумм, не доказательство движения одних и тех же денег."
T00304,fast_transit,100000005933757100,2026-07-18,0,551655.00000000,,"FIFO-сопоставление сумм, не доказательство движения одних и тех же денег."
T00305,sync_out,100000005933757100,2026-07-18,8,992230.00000000,100000001073568100;100000001541418100;100000002546921100;100000002838519100;100000002963189100;100000004500444100;100000008104567100;100000008682426100,Синхронные переводы в один день; порядок внутри дня неизвестен.
T00306,fast_transit,100000006518161100,2026-07-18,0,10000.00000000,,"FIFO-сопоставление сумм, не доказательство движения одних и тех же денег."
T00307,sync_in,100000007055802100,2026-07-18,4,138999.00000000,100000000437046100;100000004299488100;100000004400305100;100000006866783100,Синхронные переводы в один день; порядок внутри дня неизвестен.
T00308,fast_transit,100000008172352100,2026-07-18,0,24000.00000000,,"FIFO-сопоставление сумм, не доказательство движения одних и тех же денег."
T00309,sync_out,100000008466579100,2026-07-18,5,520000.00000000,100000001253557100;100000002677201100;100000002718366100;100000005473151100;100000008692291100,Синхронные переводы в один день; порядок внутри дня неизвестен.
T00310,fast_transit,100000008547948100,2026-07-18,0,85197.00000000,,"FIFO-сопоставление сумм, не доказательство движения одних и тех же денег."
T00311,fast_transit,100000008603629100,2026-07-18,0,103497.00000000,,"FIFO-сопоставление сумм, не доказательство движения одних и тех же денег."
T00312,sync_in,100000008603629100,2026-07-18,3,103497.00000000,100000001138283100;100000005910114100;100000007639767100,Синхронные переводы в один день; порядок внутри дня неизвестен.
T00313,sync_out,100000008603629100,2026-07-18,7,456151.00000000,100000001138283100;100000002704875100;100000003271151100;100000004488265100;100000005830339100;100000008686313100;100000008729597100,Синхронные переводы в один день; порядок внутри дня неизвестен.
T00314,sync_out,100000000331309100,2026-07-19,5,811836.00000000,100000002704875100;100000002990675100;100000003115284100;100000004004621100;100000008579978100,Синхронные переводы в один день; порядок внутри дня неизвестен.
T00315,sync_out,100000000343175100,2026-07-19,6,786460.00000000,100000001924185100;100000002941114100;100000002957306100;100000003115284100;100000004105288100;100000004388353100,Синхронные переводы в один день; порядок внутри дня неизвестен.
T00316,fast_transit,100000000437046100,2026-07-19,0,75500.00000000,,"FIFO-сопоставление сумм, не доказательство движения одних и тех же денег."
T00317,sync_out,100000003016635100,2026-07-19,5,658584.00000000,100000000440392100;100000002173161100;100000002609774100;100000006658598100;100000008169544100,Синхронные переводы в один день; порядок внутри дня неизвестен.
T00318,burst,100000003115284100,2026-07-19,9,2385000.00000000,,Всплеск относительно среднего по активным дням.
T00319,sync_in,100000003115284100,2026-07-19,7,1885000.00000000,100000000331309100;100000000343175100;100000000437046100;100000001857829100;100000003684369100;100000008165763100;100000008730846100,Синхронные переводы в один день; порядок внутри дня неизвестен.
T00320,fast_transit,100000003242289100,2026-07-19,0,136921.00000000,,"FIFO-сопоставление сумм, не доказательство движения одних и тех же денег."
T00321,fast_transit,100000003635170100,2026-07-19,0,5000.00000000,,"FIFO-сопоставление сумм, не доказательство движения одних и тех же денег."
T00322,sync_in,100000003684369100,2026-07-19,4,115000.00000000,100000002723538100;100000004358004100;100000004847758100;100000008304139100,Синхронные переводы в один день; порядок внутри дня неизвестен.
T00323,sync_out,100000003684369100,2026-07-19,6,579843.00000000,100000001362940100;100000003115284100;100000004004621100;100000008555918100;100000008556318100;100000008671929100,Синхронные переводы в один день; порядок внутри дня неизвестен.
T00324,fast_transit,100000003718221100,2026-07-19,0,50000.00000000,,"FIFO-сопоставление сумм, не доказательство движения одних и тех же денег."
T00325,fast_transit,100000003854444100,2026-07-19,0,70000.00000000,,"FIFO-сопоставление сумм, не доказательство движения одних и тех же денег."
T00326,fast_transit,100000004847758100,2026-07-19,0,5612.00000000,,"FIFO-сопоставление сумм, не доказательство движения одних и тех же денег."
T00327,fast_transit,100000006518161100,2026-07-19,0,23000.00000000,,"FIFO-сопоставление сумм, не доказательство движения одних и тех же денег."
T00328,fast_transit,100000008346837100,2026-07-19,0,5000.00000000,,"FIFO-сопоставление сумм, не доказательство движения одних и тех же денег."
T00329,fast_transit,100000008512552100,2026-07-19,0,47500.00000000,,"FIFO-сопоставление сумм, не доказательство движения одних и тех же денег."
T00330,fast_transit,100000008603629100,2026-07-19,0,75341.00000000,,"FIFO-сопоставление сумм, не доказательство движения одних и тех же денег."
T00331,fast_transit,100000008730846100,2026-07-19,0,56000.00000000,,"FIFO-сопоставление сумм, не доказательство движения одних и тех же денег."
T00332,sync_in,100000008730846100,2026-07-19,3,56000.00000000,100000004140487100;100000007593823100;100000008632060100,Синхронные переводы в один день; порядок внутри дня неизвестен.
T00333,sync_out,100000000331309100,2026-07-20,7,1680532.00000000,100000001046626100;100000001689968100;100000008192264100;100000008238112100;100000008295429100;100000008472324100;100000008490127100,Синхронные переводы в один день; порядок внутри дня неизвестен.
T00334,sync_out,100000000343175100,2026-07-20,7,863520.00000000,100000001463701100;100000002605548100;100000003014659100;100000003635170100;100000003809101100;100000007129492100;100000008728457100,Синхронные переводы в один день; порядок внутри дня неизвестен.
T00335,fast_transit,100000000437046100,2026-07-20,0,29200.00000000,,"FIFO-сопоставление сумм, не доказательство движения одних и тех же денег."
T00336,fast_transit,100000000661912100,2026-07-20,0,71224.00000000,,"FIFO-сопоставление сумм, не доказательство движения одних и тех же денег."
T00337,sync_out,100000001697501100,2026-07-20,5,130980.00000000,100000001166289100;100000002863356100;100000007982908100;100000008734364100;100000008736394100,Синхронные переводы в один день; порядок внутри дня неизвестен.
T00338,fast_transit,100000001857829100,2026-07-20,0,52000.00000000,,"FIFO-сопоставление сумм, не доказательство движения одних и тех же денег."
T00339,fast_transit,100000002152857100,2026-07-20,0,105000.00000000,,"FIFO-сопоставление сумм, не доказательство движения одних и тех же денег."
T00340,sync_out,100000002527114100,2026-07-20,9,307580.00000000,100000000968253100;100000001953577100;100000005961971100;100000006656003100;100000008720798100;100000008736173100;100000008736760100;100000008737422100;100000008737958100,Синхронные переводы в один день; порядок внутри дня неизвестен.
T00341,sync_out,100000003016635100,2026-07-20,5,660261.00000000,100000000667713100;100000001567366100;100000002580377100;100000004186824100;100000008724279100,Синхронные переводы в один день; порядок внутри дня неизвестен.
T00342,fast_transit,100000003204491100,2026-07-20,0,100000.00000000,,"FIFO-сопоставление сумм, не доказательство движения одних и тех же денег."
T00343,sync_out,100000003684369100,2026-07-20,6,429038.00000000,100000002666248100;100000004509286100;100000005093521100;100000005124479100;100000006889963100;100000008566737100,Синхронные переводы в один день; порядок внутри дня неизвестен.
T00344,fast_transit,100000004221668100,2026-07-20,0,5000.00000000,,"FIFO-сопоставление сумм, не доказательство движения одних и тех же денег."
T00345,fast_transit,100000004400305100,2026-07-20,0,20000.00000000,,"FIFO-сопоставление сумм, не доказательство движения одних и тех же денег."
T00346,sync_out,100000004400305100,2026-07-20,5,693953.00000000,100000001126374100;100000002521039100;100000002597623100;100000003218308100;100000007442518100,Синхронные переводы в один день; порядок внутри дня неизвестен.
T00347,sync_in,100000004652395100,2026-07-20,3,101528.00000000,100000004140487100;100000005910114100;100000007593823100,Синхронные переводы в один день; порядок внутри дня неизвестен.
T00348,fast_transit,100000004820260100,2026-07-20,0,15000.00000000,,"FIFO-сопоставление сумм, не доказательство движения одних и тех же денег."
T00349,fast_transit,100000005242320100,2026-07-20,0,185700.00000000,,"FIFO-сопоставление сумм, не доказательство движения одних и тех же денег."
T00350,sync_out,100000006707582100,2026-07-20,5,404838.00000000,100000001273783100;100000001954903100;100000004732589100;100000005328215100;100000007998965100,Синхронные переводы в один день; порядок внутри дня неизвестен.
T00351,fast_transit,100000008172352100,2026-07-20,0,54500.00000000,,"FIFO-сопоставление сумм, не доказательство движения одних и тех же денег."
T00352,fast_transit,100000008192264100,2026-07-20,0,162810.00000000,,"FIFO-сопоставление сумм, не доказательство движения одних и тех же денег."
T00353,fast_transit,100000008346837100,2026-07-20,0,64300.00000000,,"FIFO-сопоставление сумм, не доказательство движения одних и тех же денег."
T00354,sync_in,100000008346837100,2026-07-20,4,64300.00000000,100000004569484100;100000007593823100;100000008003034100;100000008379273100,Синхронные переводы в один день; порядок внутри дня неизвестен.
T00355,fast_transit,100000008489922100,2026-07-20,0,110000.00000000,,"FIFO-сопоставление сумм, не доказательство движения одних и тех же денег."
T00356,fast_transit,100000008547844100,2026-07-20,0,148300.00000000,,"FIFO-сопоставление сумм, не доказательство движения одних и тех же денег."
T00357,fast_transit,100000008730846100,2026-07-20,0,59242.00000000,,"FIFO-сопоставление сумм, не доказательство движения одних и тех же денег."
T00358,sync_in,100000008730846100,2026-07-20,3,59242.00000000,100000007593823100;100000008223661100;100000008632060100,Синхронные переводы в один день; порядок внутри дня неизвестен.
T00359,fast_transit,100000000437046100,2026-07-21,0,37500.00000000,,"FIFO-сопоставление сумм, не доказательство движения одних и тех же денег."
T00360,fast_transit,100000001857829100,2026-07-21,0,100000.00000000,,"FIFO-сопоставление сумм, не доказательство движения одних и тех же денег."
T00361,fast_transit,100000002217161100,2026-07-21,0,5000.00000000,,"FIFO-сопоставление сумм, не доказательство движения одних и тех же денег."
T00362,fast_transit,100000002578405100,2026-07-21,0,129120.00000000,,"FIFO-сопоставление сумм, не доказательство движения одних и тех же денег."
T00363,sync_out,100000002578405100,2026-07-21,6,129120.00000000,100000002913340100;100000006746688100;100000008488166100;100000008537380100;100000008738658100;100000008740793100,Синхронные переводы в один день; порядок внутри дня неизвестен.
T00364,fast_transit,100000002989353100,2026-07-21,0,300000.00000000,,"FIFO-сопоставление сумм, не доказательство движения одних и тех же денег."
T00365,sync_out,100000003016635100,2026-07-21,9,794856.00000000,100000001567366100;100000002173161100;100000002704875100;100000003134937100;100000004188160100;100000004330371100;100000004664905100;100000005634552100;100000006518161100,Синхронные переводы в один день; порядок внутри дня неизвестен.
T00366,fast_transit,100000003242289100,2026-07-21,0,47500.00000000,,"FIFO-сопоставление сумм, не доказательство движения одних и тех же денег."
T00367,sync_out,100000003684369100,2026-07-21,7,793393.00000000,100000001924185100;100000002480800100;100000003739818100;100000006889963100;100000007129492100;100000007908818100;100000008671929100,Синхронные переводы в один день; порядок внутри дня неизвестен.
T00368,fast_transit,100000003718221100,2026-07-21,0,35000.00000000,,"FIFO-сопоставление сумм, не доказательство движения одних и тех же денег."
T00369,fast_transit,100000003880331100,2026-07-21,0,100000.00000000,,"FIFO-сопоставление сумм, не доказательство движения одних и тех же денег."
T00370,sync_out,100000003880331100,2026-07-21,5,748380.00000000,100000001363952100;100000001857829100;100000003062895100;100000008603629100;100000008733194100,Синхронные переводы в один день; порядок внутри дня неизвестен.
T00371,fast_transit,100000006534886100,2026-07-21,0,45300.00000000,,"FIFO-сопоставление сумм, не доказательство движения одних и тех же денег."
T00372,sync_out,100000006707582100,2026-07-21,5,460260.00000000,100000002170580100;100000002540623100;100000002566204100;100000002618492100;100000004159526100,Синхронные переводы в один день; порядок внутри дня неизвестен.
T00373,sync_in,100000006889963100,2026-07-21,4,1280000.00000000,100000000331309100;100000000343175100;100000000437046100;100000003684369100,Синхронные переводы в один день; порядок внутри дня неизвестен.
T00374,fast_transit,100000007442518100,2026-07-21,0,329000.00000000,,"FIFO-сопоставление сумм, не доказательство движения одних и тех же денег."
T00375,fast_transit,100000008165763100,2026-07-21,0,37000.00000000,,"FIFO-сопоставление сумм, не доказательство движения одних и тех же денег."
T00376,fast_transit,100000008346837100,2026-07-21,0,6000.00000000,,"FIFO-сопоставление сумм, не доказательство движения одних и тех же денег."
T00377,fast_transit,100000008603629100,2026-07-21,0,91351.00000000,,"FIFO-сопоставление сумм, не доказательство движения одних и тех же денег."
T00378,sync_in,100000008603629100,2026-07-21,3,149729.00000000,100000003880331100;100000004847758100;100000005910114100,Синхронные переводы в один день; порядок внутри дня неизвестен.
T00379,fast_transit,100000008724461100,2026-07-21,0,100111.00000000,,"FIFO-сопоставление сумм, не доказательство движения одних и тех же денег."
T00380,sync_in,100000008730846100,2026-07-21,4,39800.00000000,100000000089154100;100000004679953100;100000005048668100;100000007593823100,Синхронные переводы в один день; порядок внутри дня неизвестен.
T00381,fast_transit,100000000437046100,2026-07-22,0,135000.00000000,,"FIFO-сопоставление сумм, не доказательство движения одних и тех же денег."
T00382,fast_transit,100000001697501100,2026-07-22,0,25000.00000000,,"FIFO-сопоставление сумм, не доказательство движения одних и тех же денег."
T00383,fast_transit,100000001857829100,2026-07-22,0,200000.00000000,,"FIFO-сопоставление сумм, не доказательство движения одних и тех же денег."
T00384,sync_in,100000001875239100,2026-07-22,3,712000.00000000,100000008547844100;100000008547948100;100000008710791100,Синхронные переводы в один день; порядок внутри дня неизвестен.
T00385,sync_out,100000002527114100,2026-07-22,11,411200.00000000,100000000703902100;100000000978041100;100000003187359100;100000008735384100;100000008744849100;100000008745474100;100000008745489100;100000008745643100;100000008745725100;100000008746025100;100000008746673100,Синхронные переводы в один день; порядок внутри дня неизвестен.
T00386,fast_transit,100000002578405100,2026-07-22,0,133350.00000000,,"FIFO-сопоставление сумм, не доказательство движения одних и тех же денег."
T00387,sync_out,100000002578405100,2026-07-22,6,133350.00000000,100000004634420100;100000008653041100;100000008744364100;100000008744799100;100000008745863100;100000008745884100,Синхронные переводы в один день; порядок внутри дня неизвестен.
T00388,fast_transit,100000002723538100,2026-07-22,0,70647.00000000,,"FIFO-сопоставление сумм, не доказательство движения одних и тех же денег."
T00389,sync_out,100000003016635100,2026-07-22,5,86008.00000000,100000000507799100;100000002861485100;100000003886323100;100000004188160100;100000006518161100,Синхронные переводы в один день; порядок внутри дня неизвестен.
T00390,sync_in,100000003684369100,2026-07-22,4,366348.00000000,100000003528285100;100000003880331100;100000004070318100;100000004358004100,Синхронные переводы в один день; порядок внутри дня неизвестен.
T00391,sync_out,100000003684369100,2026-07-22,7,994246.00000000,100000000041368100;100000000810551100;100000002864256100;100000004480280100;100000005432267100;100000007181706100;100000007311010100,Синхронные переводы в один день; порядок внутри дня неизвестен.
T00392,fast_transit,100000004221668100,2026-07-22,0,652000.00000000,,"FIFO-сопоставление сумм, не доказательство движения одних и тех же денег."
T00393,sync_out,100000004400305100,2026-07-22,6,141499.00000000,100000002194329100;100000002970466100;100000003068941100;100000003093299100;100000007181706100;100000008223756100,Синхронные переводы в один день; порядок внутри дня неизвестен.
T00394,fast_transit,100000004820260100,2026-07-22,0,31000.00000000,,"FIFO-сопоставление сумм, не доказательство движения одних и тех же денег."
T00395,fast_transit,100000005171642100,2026-07-22,0,652000.00000000,,"FIFO-сопоставление сумм, не доказательство движения одних и тех же денег."
T00396,fast_transit,100000005339662100,2026-07-22,0,22000.00000000,,"FIFO-сопоставление сумм, не доказательство движения одних и тех же денег."
T00397,fast_transit,100000006518161100,2026-07-22,0,25900.00000000,,"FIFO-сопоставление сумм, не доказательство движения одних и тех же денег."
T00398,fast_transit,100000008165763100,2026-07-22,0,125000.00000000,,"FIFO-сопоставление сумм, не доказательство движения одних и тех же денег."
T00399,sync_in,100000008165763100,2026-07-22,3,334000.00000000,100000002306369100;100000003880331100;100000003968044100,Синхронные переводы в один день; порядок внутри дня неизвестен.
T00400,fast_transit,100000008489922100,2026-07-22,0,75000.00000000,,"FIFO-сопоставление сумм, не доказательство движения одних и тех же денег."
T00401,fast_transit,100000008517538100,2026-07-22,0,50000.00000000,,"FIFO-сопоставление сумм, не доказательство движения одних и тех же денег."
T00402,fast_transit,100000008547844100,2026-07-22,0,20700.00000000,,"FIFO-сопоставление сумм, не доказательство движения одних и тех же денег."
T00403,fast_transit,100000008547948100,2026-07-22,0,6468.00000000,,"FIFO-сопоставление сумм, не доказательство движения одних и тех же денег."
T00404,fast_transit,100000008603629100,2026-07-22,0,58378.00000000,,"FIFO-сопоставление сумм, не доказательство движения одних и тех же денег."
T00405,sync_out,100000008603629100,2026-07-22,5,306719.00000000,100000002723538100;100000003215448100;100000007639767100;100000008721637100;100000008739887100,Синхронные переводы в один день; порядок внутри дня неизвестен.
T00406,fast_transit,100000008730846100,2026-07-22,0,39800.00000000,,"FIFO-сопоставление сумм, не доказательство движения одних и тех же денег."
T00407,fast_transit,100000000331309100,2026-07-23,0,242000.00000000,,"FIFO-сопоставление сумм, не доказательство движения одних и тех же денег."
T00408,sync_out,100000000331309100,2026-07-23,6,1063820.00000000,100000001227106100;100000003035737100;100000004077081100;100000004450649100;100000004917367100;100000006225798100,Синхронные переводы в один день; порядок внутри дня неизвестен.
T00409,fast_transit,100000000437046100,2026-07-23,0,67000.00000000,,"FIFO-сопоставление сумм, не доказательство движения одних и тех же денег."
T00410,fast_transit,100000001857829100,2026-07-23,0,399000.00000000,,"FIFO-сопоставление сумм, не доказательство движения одних и тех же денег."
T00411,sync_out,100000002527114100,2026-07-23,6,162807.00000000,100000002158488100;100000004739664100;100000005901606100;100000008749063100;100000008749406100;100000008749618100,Синхронные переводы в один день; порядок внутри дня неизвестен.
T00412,fast_transit,100000002578405100,2026-07-23,0,85100.00000000,,"FIFO-сопоставление сумм, не доказательство движения одних и тех же денег."
T00413,sync_out,100000002578405100,2026-07-23,5,85100.00000000,100000002346166100;100000005847078100;100000008749405100;100000008749900100;100000008750464100,Синхронные переводы в один день; порядок внутри дня неизвестен.
T00414,fast_transit,100000002723538100,2026-07-23,0,20000.00000000,,"FIFO-сопоставление сумм, не доказательство движения одних и тех же денег."
T00415,sync_out,100000003016635100,2026-07-23,5,433631.00000000,100000002991079100;100000003042994100;100000004394765100;100000007281639100;100000008173359100,Синхронные переводы в один день; порядок внутри дня неизвестен.
T00416,sync_in,100000003684369100,2026-07-23,6,751000.00000000,100000003528285100;100000003880331100;100000004077081100;100000004140487100;100000008304139100;100000008748914100,Синхронные переводы в один день; порядок внутри дня неизвестен.
T00417,sync_out,100000003684369100,2026-07-23,5,459121.00000000,100000002988894100;100000003037660100;100000004315838100;100000008628231100;100000008664469100,Синхронные переводы в один день; порядок внутри дня неизвестен.
T00418,fast_transit,100000003854444100,2026-07-23,0,60000.00000000,,"FIFO-сопоставление сумм, не доказательство движения одних и тех же денег."
T00419,fast_transit,100000004077081100,2026-07-23,0,140000.00000000,,"FIFO-сопоставление сумм, не доказательство движения одних и тех же денег."
T00420,sync_out,100000004140487100,2026-07-23,6,129800.00000000,100000000332284100;100000003684369100;100000004400305100;100000006918814100;100000008165763100;100000008603629100,Синхронные переводы в один день; порядок внутри дня неизвестен.
T00421,fast_transit,100000004160650100,2026-07-23,0,7100.00000000,,"FIFO-сопоставление сумм, не доказательство движения одних и тех же денег."
T00422,fast_transit,100000004400305100,2026-07-23,0,135000.00000000,,"FIFO-сопоставление сумм, не доказательство движения одних и тех же денег."
T00423,sync_out,100000004400305100,2026-07-23,8,360368.00000000,100000000656682100;100000001066017100;100000003221510100;100000004325327100;100000004779204100;100000005048668100;100000008686313100;100000008748795100,Синхронные переводы в один день; порядок внутри дня неизвестен.
T00424,fast_transit,100000004820260100,2026-07-23,0,400.00000000,,"FIFO-сопоставление сумм, не доказательство движения одних и тех же денег."
T00425,fast_transit,100000005339662100,2026-07-23,0,5000.00000000,,"FIFO-сопоставление сумм, не доказательство движения одних и тех же денег."
T00426,fast_transit,100000008165763100,2026-07-23,0,243235.00000000,,"FIFO-сопоставление сумм, не доказательство движения одних и тех же денег."
T00427,sync_in,100000008165763100,2026-07-23,4,486000.00000000,100000004077081100;100000004140487100;100000004358004100;100000008748914100,Синхронные переводы в один день; порядок внутри дня неизвестен.
T00428,fast_transit,100000008304139100,2026-07-23,0,93570.00000000,,"FIFO-сопоставление сумм, не доказательство движения одних и тех же денег."
T00429,fast_transit,100000008603629100,2026-07-23,0,385900.00000000,,"FIFO-сопоставление сумм, не доказательство движения одних и тех же денег."
T00430,sync_in,100000008603629100,2026-07-23,4,385900.00000000,100000002306369100;100000003880331100;100000004140487100;100000008304139100,Синхронные переводы в один день; порядок внутри дня неизвестен.
T00431,fast_transit,100000008731444100,2026-07-23,0,50000.00000000,,"FIFO-сопоставление сумм, не доказательство движения одних и тех же денег."
T00432,sync_out,100000008748914100,2026-07-23,6,1395147.00000000,100000000331309100;100000002570206100;100000003684369100;100000004400305100;100000006977207100;100000008165763100,Синхронные переводы в один день; порядок внутри дня неизвестен.
T00433,fast_transit,100000002217161100,2026-07-24,0,25000.00000000,,"FIFO-сопоставление сумм, не доказательство движения одних и тех же денег."
T00434,fast_transit,100000002267998100,2026-07-24,0,50000.00000000,,"FIFO-сопоставление сумм, не доказательство движения одних и тех же денег."
T00435,fast_transit,100000002578405100,2026-07-24,0,92944.00000000,,"FIFO-сопоставление сумм, не доказательство движения одних и тех же денег."
T00436,sync_out,100000002578405100,2026-07-24,8,173450.00000000,100000002116705100;100000006710485100;100000008753061100;100000008753897100;100000008754747100;100000008754997100;100000008755168100;100000008755580100,Синхронные переводы в один день; порядок внутри дня неизвестен.
T00437,sync_in,100000003684369100,2026-07-24,4,720000.00000000,100000004077081100;100000004358004100;100000008304139100;100000008748914100,Синхронные переводы в один день; порядок внутри дня неизвестен.
T00438,sync_out,100000003684369100,2026-07-24,8,1820255.00000000,100000001194266100;100000001527186100;100000001554432100;100000002621949100;100000002957306100;100000003131693100;100000003205210100;100000005074393100,Синхронные переводы в один день; порядок внутри дня неизвестен.
T00439,sync_out,100000004400305100,2026-07-24,6,491274.00000000,100000001126374100;100000002645609100;100000003528285100;100000004291560100;100000004713684100;100000008686313100,Синхронные переводы в один день; порядок внутри дня неизвестен.
T00440,fast_transit,100000005612411100,2026-07-24,0,25000.00000000,,"FIFO-сопоставление сумм, не доказательство движения одних и тех же денег."
T00441,fast_transit,100000005704413100,2026-07-24,0,30000.00000000,,"FIFO-сопоставление сумм, не доказательство движения одних и тех же денег."
T00442,sync_out,100000008460102100,2026-07-24,8,88050.00000000,100000001299443100;100000001991973100;100000002474570100;100000002878483100;100000004268036100;100000004780327100;100000007998965100;100000008554390100,Синхронные переводы в один день; порядок внутри дня неизвестен.
T00443,fast_transit,100000008603629100,2026-07-24,0,85900.00000000,,"FIFO-сопоставление сумм, не доказательство движения одних и тех же денег."
T00444,sync_in,100000003684369100,2026-07-25,4,262500.00000000,100000004351795100;100000004358004100;100000008304139100;100000008748914100,Синхронные переводы в один день; порядок внутри дня неизвестен.
T00445,fast_transit,100000005339662100,2026-07-25,0,750.00000000,,"FIFO-сопоставление сумм, не доказательство движения одних и тех же денег."
T00446,fast_transit,100000005612411100,2026-07-25,0,65000.00000000,,"FIFO-сопоставление сумм, не доказательство движения одних и тех же денег."
T00447,fast_transit,100000005704413100,2026-07-25,0,11000.00000000,,"FIFO-сопоставление сумм, не доказательство движения одних и тех же денег."
T00448,fast_transit,100000008165763100,2026-07-25,0,30000.00000000,,"FIFO-сопоставление сумм, не доказательство движения одних и тех же денег."
T00449,fast_transit,100000008213966100,2026-07-25,0,100000.00000000,,"FIFO-сопоставление сумм, не доказательство движения одних и тех же денег."
T00450,sync_out,100000008489922100,2026-07-25,5,703000.00000000,100000003037476100;100000003171006100;100000007034089100;100000008758106100;100000008758168100,Синхронные переводы в один день; порядок внутри дня неизвестен.
T00451,fast_transit,100000008517538100,2026-07-25,0,35000.00000000,,"FIFO-сопоставление сумм, не доказательство движения одних и тех же денег."
T00452,fast_transit,100000008561016100,2026-07-25,0,55000.00000000,,"FIFO-сопоставление сумм, не доказательство движения одних и тех же денег."
T00453,fast_transit,100000008603629100,2026-07-25,0,89500.00000000,,"FIFO-сопоставление сумм, не доказательство движения одних и тех же денег."
T00454,sync_in,100000008603629100,2026-07-25,3,89500.00000000,100000001857829100;100000005048668100;100000008686313100,Синхронные переводы в один день; порядок внутри дня неизвестен.
T00455,sync_out,100000008603629100,2026-07-25,5,363050.00000000,100000000011452100;100000000534581100;100000003073635100;100000003152964100;100000005830339100,Синхронные переводы в один день; порядок внутри дня неизвестен.
T00456,fast_transit,100000008710791100,2026-07-25,0,115000.00000000,,"FIFO-сопоставление сумм, не доказательство движения одних и тех же денег."
T00457,fast_transit,100000008731444100,2026-07-25,0,31000.00000000,,"FIFO-сопоставление сумм, не доказательство движения одних и тех же денег."
T00458,fast_transit,100000008748914100,2026-07-25,0,50000.00000000,,"FIFO-сопоставление сумм, не доказательство движения одних и тех же денег."
T00459,fast_transit,100000000437046100,2026-07-26,0,30000.00000000,,"FIFO-сопоставление сумм, не доказательство движения одних и тех же денег."
T00460,fast_transit,100000001102676100,2026-07-26,0,50000.00000000,,"FIFO-сопоставление сумм, не доказательство движения одних и тех же денег."
T00461,fast_transit,100000001162560100,2026-07-26,0,172000.00000000,,"FIFO-сопоставление сумм, не доказательство движения одних и тех же денег."
T00462,sync_in,100000002443664100,2026-07-26,3,556880.00000000,100000001162560100;100000008742053100;100000008743913100,Синхронные переводы в один день; порядок внутри дня неизвестен.
T00463,fast_transit,100000003299365100,2026-07-26,0,200000.00000000,,"FIFO-сопоставление сумм, не доказательство движения одних и тех же денег."
T00464,fast_transit,100000003635170100,2026-07-26,0,5000.00000000,,"FIFO-сопоставление сумм, не доказательство движения одних и тех же денег."
T00465,sync_in,100000003684369100,2026-07-26,3,266465.00000000,100000001102676100;100000003299365100;100000004070318100,Синхронные переводы в один день; порядок внутри дня неизвестен.
T00466,sync_out,100000003684369100,2026-07-26,6,870591.00000000,100000000998559100;100000002188829100;100000003299365100;100000003877908100;100000007274584100;100000008747113100,Синхронные переводы в один день; порядок внутри дня неизвестен.
T00467,sync_out,100000003854444100,2026-07-26,5,517735.00000000,100000001688676100;100000002906470100;100000003497735100;100000004451012100;100000005661829100,Синхронные переводы в один день; порядок внутри дня неизвестен.
T00468,fast_transit,100000005357705100,2026-07-26,0,52595.00000000,,"FIFO-сопоставление сумм, не доказательство движения одних и тех же денег."
T00469,fast_transit,100000005612411100,2026-07-26,0,25500.00000000,,"FIFO-сопоставление сумм, не доказательство движения одних и тех же денег."
T00470,fast_transit,100000006518161100,2026-07-26,0,11000.00000000,,"FIFO-сопоставление сумм, не доказательство движения одних и тех же денег."
T00471,fast_transit,100000008477350100,2026-07-26,0,60800.00000000,,"FIFO-сопоставление сумм, не доказательство движения одних и тех же денег."
T00472,fast_transit,100000008561016100,2026-07-26,0,125000.00000000,,"FIFO-сопоставление сумм, не доказательство движения одних и тех же денег."
T00473,fast_transit,100000008748408100,2026-07-26,0,90000.00000000,,"FIFO-сопоставление сумм, не доказательство движения одних и тех же денег."
T00474,fast_transit,100000000437046100,2026-07-27,0,35168.00000000,,"FIFO-сопоставление сумм, не доказательство движения одних и тех же денег."
T00475,fast_transit,100000002217161100,2026-07-27,0,10000.00000000,,"FIFO-сопоставление сумм, не доказательство движения одних и тех же денег."
T00476,fast_transit,100000003509750100,2026-07-27,0,20000.00000000,,"FIFO-сопоставление сумм, не доказательство движения одних и тех же денег."
T00477,fast_transit,100000004156082100,2026-07-27,0,5000.00000000,,"FIFO-сопоставление сумм, не доказательство движения одних и тех же денег."
T00478,sync_out,100000004156082100,2026-07-27,5,179476.00000000,100000000790311100;100000001987030100;100000004394765100;100000005326681100;100000007281639100,Синхронные переводы в один день; порядок внутри дня неизвестен.
T00479,fast_transit,100000004160650100,2026-07-27,0,28000.00000000,,"FIFO-сопоставление сумм, не доказательство движения одних и тех же денег."
T00480,sync_out,100000004160650100,2026-07-27,5,145565.00000000,100000002731501100;100000003338583100;100000003616818100;100000004007116100;100000004144536100,Синхронные переводы в один день; порядок внутри дня неизвестен.
T00481,fast_transit,100000004221668100,2026-07-27,0,5600.00000000,,"FIFO-сопоставление сумм, не доказательство движения одних и тех же денег."
T00482,fast_transit,100000004398811100,2026-07-27,0,411000.00000000,,"FIFO-сопоставление сумм, не доказательство движения одних и тех же денег."
T00483,fast_transit,100000004400305100,2026-07-27,0,9000.00000000,,"FIFO-сопоставление сумм, не доказательство движения одних и тех же денег."
T00484,sync_out,100000004400305100,2026-07-27,6,251228.00000000,100000001934935100;100000005610717100;100000007392365100;100000008304139100;100000008432942100;100000008669310100,Синхронные переводы в один день; порядок внутри дня неизвестен.
T00485,fast_transit,100000006518161100,2026-07-27,0,7000.00000000,,"FIFO-сопоставление сумм, не доказательство движения одних и тех же денег."
T00486,sync_in,100000008546855100,2026-07-27,5,46290.00000000,100000004847758100;100000005661829100;100000007689942100;100000008582730100;100000008686313100,Синхронные переводы в один день; порядок внутри дня неизвестен.
T00487,fast_transit,100000008603629100,2026-07-27,0,200000.00000000,,"FIFO-сопоставление сумм, не доказательство движения одних и тех же денег."
T00488,sync_out,100000008603629100,2026-07-27,5,266675.00000000,100000003528285100;100000004336228100;100000005830339100;100000006641671100;100000008732488100,Синхронные переводы в один день; порядок внутри дня неизвестен.
T00489,burst,100000008746449100,2026-07-27,7,423000.00000000,,Всплеск относительно среднего по активным дням.
T00490,sync_out,100000008746449100,2026-07-27,7,423000.00000000,100000002659265100;100000003072205100;100000008336318100;100000008468762100;100000008762005100;100000008762843100;100000008762885100,Синхронные переводы в один день; порядок внутри дня неизвестен.
T00491,fast_transit,100000008748408100,2026-07-27,0,153590.00000000,,"FIFO-сопоставление сумм, не доказательство движения одних и тех же денег."
T00492,fast_transit,100000008748914100,2026-07-27,0,30000.00000000,,"FIFO-сопоставление сумм, не доказательство движения одних и тех же денег."
T00493,sync_out,100000001697501100,2026-07-28,5,98900.00000000,100000001166289100;100000001418900100;100000004825069100;100000008656043100;100000008737958100,Синхронные переводы в один день; порядок внутри дня неизвестен.
T00494,fast_transit,100000002578405100,2026-07-28,0,140550.00000000,,"FIFO-сопоставление сумм, не доказательство движения одних и тех же денег."
T00495,sync_out,100000002578405100,2026-07-28,5,140550.00000000,100000007303047100;100000008493007100;100000008753061100;100000008767950100;100000008769097100,Синхронные переводы в один день; порядок внутри дня неизвестен.
T00496,sync_in,100000002718366100,2026-07-28,3,1259000.00000000,100000008517538100;100000008547948100;100000008710791100,Синхронные переводы в один день; порядок внутри дня неизвестен.
T00497,fast_transit,100000003509750100,2026-07-28,0,31000.00000000,,"FIFO-сопоставление сумм, не доказательство движения одних и тех же денег."
T00498,fast_transit,100000004156082100,2026-07-28,0,6000.00000000,,"FIFO-сопоставление сумм, не доказательство движения одних и тех же денег."
T00499,fast_transit,100000004160650100,2026-07-28,0,20000.00000000,,"FIFO-сопоставление сумм, не доказательство движения одних и тех же денег."
T00500,fast_transit,100000004351795100,2026-07-28,0,22418.00000000,,"FIFO-сопоставление сумм, не доказательство движения одних и тех же денег."
T00501,sync_in,100000007229557100,2026-07-28,3,878000.00000000,100000008710791100;100000008710843100;100000008743913100,Синхронные переводы в один день; порядок внутри дня неизвестен.
T00502,sync_out,100000008460102100,2026-07-28,5,44550.00000000,100000002645046100;100000004449824100;100000008104567100;100000008631800100;100000008648783100,Синхронные переводы в один день; порядок внутри дня неизвестен.
T00503,sync_out,100000008489922100,2026-07-28,6,408500.00000000,100000001299323100;100000003286537100;100000004997515100;100000005783452100;100000008758607100;100000008766764100,Синхронные переводы в один день; порядок внутри дня неизвестен.
T00504,fast_transit,100000008512827100,2026-07-28,0,54510.00000000,,"FIFO-сопоставление сумм, не доказательство движения одних и тех же денег."
T00505,fast_transit,100000008603629100,2026-07-28,0,80000.00000000,,"FIFO-сопоставление сумм, не доказательство движения одних и тех же денег."
T00506,fast_transit,100000008710791100,2026-07-28,0,54510.00000000,,"FIFO-сопоставление сумм, не доказательство движения одних и тех же денег."
T00507,fast_transit,100000008731444100,2026-07-28,0,82000.00000000,,"FIFO-сопоставление сумм, не доказательство движения одних и тех же денег."
T00508,fast_transit,100000008743913100,2026-07-28,0,140300.00000000,,"FIFO-сопоставление сумм, не доказательство движения одних и тех же денег."
T00509,fast_transit,100000008748408100,2026-07-28,0,116410.00000000,,"FIFO-сопоставление сумм, не доказательство движения одних и тех же денег."
T00510,sync_out,100000008748408100,2026-07-28,6,522540.00000000,100000000861294100;100000001848426100;100000002692750100;100000004698193100;100000008008463100;100000008765627100,Синхронные переводы в один день; порядок внутри дня неизвестен.
T00511,fast_transit,100000008748914100,2026-07-28,0,15000.00000000,,"FIFO-сопоставление сумм, не доказательство движения одних и тех же денег."
T00512,fast_transit,100000000661912100,2026-07-29,0,5000.00000000,,"FIFO-сопоставление сумм, не доказательство движения одних и тех же денег."
T00513,sync_in,100000001282143100,2026-07-29,4,1100000.00000000,100000008512827100;100000008710791100;100000008710843100;100000008742053100,Синхронные переводы в один день; порядок внутри дня неизвестен.
T00514,fast_transit,100000001637376100,2026-07-29,0,116000.00000000,,"FIFO-сопоставление сумм, не доказательство движения одних и тех же денег."
T00515,fast_transit,100000001697501100,2026-07-29,0,73700.00000000,,"FIFO-сопоставление сумм, не доказательство движения одних и тех же денег."
T00516,sync_in,100000002369874100,2026-07-29,4,600000.00000000,100000008512827100;100000008517538100;100000008547948100;100000008710791100,Синхронные переводы в один день; порядок внутри дня неизвестен.
T00517,fast_transit,100000002578405100,2026-07-29,0,100959.00000000,,"FIFO-сопоставление сумм, не доказательство движения одних и тех же денег."
T00518,fast_transit,100000003509750100,2026-07-29,0,7400.00000000,,"FIFO-сопоставление сумм, не доказательство движения одних и тех же денег."
T00519,fast_transit,100000004156082100,2026-07-29,0,273866.11000000,,"FIFO-сопоставление сумм, не доказательство движения одних и тех же денег."
T00520,sync_out,100000004156082100,2026-07-29,6,606256.00000000,100000002956898100;100000003159641100;100000004816564100;100000005339662100;100000005481280100;100000008289539100,Синхронные переводы в один день; порядок внутри дня неизвестен.
T00521,sync_out,100000004400305100,2026-07-29,5,562452.00000000,100000003213473100;100000003528285100;100000004325327100;100000006734214100;100000007138613100,Синхронные переводы в один день; порядок внутри дня неизвестен.
T00522,fast_transit,100000004527381100,2026-07-29,0,119333.17000000,,"FIFO-сопоставление сумм, не доказательство движения одних и тех же денег."
T00523,fast_transit,100000004820260100,2026-07-29,0,73800.00000000,,"FIFO-сопоставление сумм, не доказательство движения одних и тех же денег."
T00524,fast_transit,100000005339662100,2026-07-29,0,44000.00000000,,"FIFO-сопоставление сумм, не доказательство движения одних и тех же денег."
T00525,fast_transit,100000008304139100,2026-07-29,0,28000.00000000,,"FIFO-сопоставление сумм, не доказательство движения одних и тех же денег."
T00526,sync_out,100000008710791100,2026-07-29,5,1268400.00000000,100000001282143100;100000002369874100;100000002945626100;100000002954780100;100000003147719100,Синхронные переводы в один день; порядок внутри дня неизвестен.
T00527,fast_transit,100000008731444100,2026-07-29,0,68967.80000000,,"FIFO-сопоставление сумм, не доказательство движения одних и тех же денег."
T00528,sync_out,100000008748408100,2026-07-29,5,337790.00000000,100000001648936100;100000002488629100;100000002870463100;100000004221668100;100000008713270100,Синхронные переводы в один день; порядок внутри дня неизвестен.
T00529,fast_transit,100000008752616100,2026-07-29,0,54510.00000000,,"FIFO-сопоставление сумм, не доказательство движения одних и тех же денег."
T00530,fast_transit,100000000437046100,2026-07-30,0,170414.00000000,,"FIFO-сопоставление сумм, не доказательство движения одних и тех же денег."
T00531,fast_transit,100000000791285100,2026-07-30,0,620000.00000000,,"FIFO-сопоставление сумм, не доказательство движения одних и тех же денег."
T00532,sync_in,100000001303311100,2026-07-30,4,1189000.00000000,100000008710791100;100000008742053100;100000008758168100;100000008759857100,Синхронные переводы в один день; порядок внутри дня неизвестен.
T00533,fast_transit,100000002217161100,2026-07-30,0,34000.00000000,,"FIFO-сопоставление сумм, не доказательство движения одних и тех же денег."
T00534,sync_out,100000002527114100,2026-07-30,5,118765.00000000,100000004388209100;100000008776298100;100000008776576100;100000008777088100;100000008779584100,Синхронные переводы в один день; порядок внутри дня неизвестен.
T00535,sync_out,100000002578405100,2026-07-30,6,145100.00000000,100000002214664100;100000008463968100;100000008754608100;100000008776310100;100000008776420100;100000008776720100,Синхронные переводы в один день; порядок внутри дня неизвестен.
T00536,fast_transit,100000003265158100,2026-07-30,0,46700.00000000,,"FIFO-сопоставление сумм, не доказательство движения одних и тех же денег."
T00537,fast_transit,100000003528285100,2026-07-30,0,81000.00000000,,"FIFO-сопоставление сумм, не доказательство движения одних и тех же денег."
T00538,fast_transit,100000003635170100,2026-07-30,0,60000.00000000,,"FIFO-сопоставление сумм, не доказательство движения одних и тех же денег."
T00539,fast_transit,100000003854444100,2026-07-30,0,30000.00000000,,"FIFO-сопоставление сумм, не доказательство движения одних и тех же денег."
T00540,fast_transit,100000004156082100,2026-07-30,0,20500.00000000,,"FIFO-сопоставление сумм, не доказательство движения одних и тех же денег."
T00541,fast_transit,100000004160650100,2026-07-30,0,20000.00000000,,"FIFO-сопоставление сумм, не доказательство движения одних и тех же денег."
T00542,sync_out,100000004351795100,2026-07-30,5,240760.00000000,100000002217161100;100000003971049100;100000007382152100;100000008603629100;100000008731444100,Синхронные переводы в один день; порядок внутри дня неизвестен.
T00543,fast_transit,100000008172352100,2026-07-30,0,11765.00000000,,"FIFO-сопоставление сумм, не доказательство движения одних и тех же денег."
T00544,fast_transit,100000008213966100,2026-07-30,0,19004.00000000,,"FIFO-сопоставление сумм, не доказательство движения одних и тех же денег."
T00545,sync_out,100000008460102100,2026-07-30,5,44300.00000000,100000002635746100;100000004263867100;100000006412162100;100000006491963100;100000008692291100,Синхронные переводы в один день; порядок внутри дня неизвестен.
T00546,fast_transit,100000008461532100,2026-07-30,0,560000.00000000,,"FIFO-сопоставление сумм, не доказательство движения одних и тех же денег."
T00547,fast_transit,100000008477350100,2026-07-30,0,93400.00000000,,"FIFO-сопоставление сумм, не доказательство движения одних и тех же денег."
T00548,fast_transit,100000008603629100,2026-07-30,0,189250.00000000,,"FIFO-сопоставление сумм, не доказательство движения одних и тех же денег."
T00549,fast_transit,100000008731444100,2026-07-30,0,60000.00000000,,"FIFO-сопоставление сумм, не доказательство движения одних и тех же денег."
T00550,sync_out,100000008742053100,2026-07-30,5,691000.00000000,100000001303311100;100000001537524100;100000003037476100;100000004403641100;100000008699083100,Синхронные переводы в один день; порядок внутри дня неизвестен.
T00551,fast_transit,100000008748914100,2026-07-30,0,85000.00000000,,"FIFO-сопоставление сумм, не доказательство движения одних и тех же денег."
T00552,burst,100000000332284100,2026-07-31,5,65726.00000000,,Всплеск относительно среднего по активным дням.
T00553,sync_in,100000000332284100,2026-07-31,3,49226.00000000,100000004475818100;100000005048668100;100000008304139100,Синхронные переводы в один день; порядок внутри дня неизвестен.
T00554,fast_transit,100000000437046100,2026-07-31,0,1586.00000000,,"FIFO-сопоставление сумм, не доказательство движения одних и тех же денег."
T00555,fast_transit,100000001887715100,2026-07-31,0,750000.00000000,,"FIFO-сопоставление сумм, не доказательство движения одних и тех же денег."
T00556,sync_in,100000001887715100,2026-07-31,3,1331500.00000000,100000008710843100;100000008759857100;100000008760098100,Синхронные переводы в один день; порядок внутри дня неизвестен.
T00557,fast_transit,100000002217161100,2026-07-31,0,8000.00000000,,"FIFO-сопоставление сумм, не доказательство движения одних и тех же денег."
T00558,fast_transit,100000002628576100,2026-07-31,0,539000.00000000,,"FIFO-сопоставление сумм, не доказательство движения одних и тех же денег."
T00559,sync_in,100000002793881100,2026-07-31,3,785600.00000000,100000008547948100;100000008710791100;100000008752616100,Синхронные переводы в один день; порядок внутри дня неизвестен.
T00560,fast_transit,100000002849158100,2026-07-31,0,723000.00000000,,"FIFO-сопоставление сумм, не доказательство движения одних и тех же денег."
T00561,sync_in,100000002849158100,2026-07-31,3,723000.00000000,100000008512827100;100000008547948100;100000008710791100,Синхронные переводы в один день; порядок внутри дня неизвестен.
T00562,sync_in,100000002956769100,2026-07-31,3,840000.00000000,100000008512827100;100000008517538100;100000008742053100,Синхронные переводы в один день; порядок внутри дня неизвестен.
T00563,fast_transit,100000004156082100,2026-07-31,0,72000.00000000,,"FIFO-сопоставление сумм, не доказательство движения одних и тех же денег."
T00564,sync_out,100000004156082100,2026-07-31,7,617787.00000000,100000000795129100;100000001138376100;100000003927792100;100000004993576100;100000005287097100;100000006518161100;100000007281639100,Синхронные переводы в один день; порядок внутри дня неизвестен.
T00565,fast_transit,100000004820260100,2026-07-31,0,25000.00000000,,"FIFO-сопоставление сумм, не доказательство движения одних и тех же денег."
T00566,fast_transit,100000005287097100,2026-07-31,0,16450.00000000,,"FIFO-сопоставление сумм, не доказательство движения одних и тех же денег."
T00567,fast_transit,100000005339662100,2026-07-31,0,25000.00000000,,"FIFO-сопоставление сумм, не доказательство движения одних и тех же денег."
T00568,fast_transit,100000006518161100,2026-07-31,0,50000.00000000,,"FIFO-сопоставление сумм, не доказательство движения одних и тех же денег."
T00569,fast_transit,100000007629096100,2026-07-31,0,500000.00000000,,"FIFO-сопоставление сумм, не доказательство движения одних и тех же денег."
T00570,fast_transit,100000008512827100,2026-07-31,0,43439.00000000,,"FIFO-сопоставление сумм, не доказательство движения одних и тех же денег."
T00571,fast_transit,100000008731444100,2026-07-31,0,84032.20000000,,"FIFO-сопоставление сумм, не доказательство движения одних и тех же денег."
T00572,fast_transit,100000008758168100,2026-07-31,0,65410.00000000,,"FIFO-сопоставление сумм, не доказательство движения одних и тех же денег."
