gid,role,role_score,cluster_id,priority_score,evidence
100000008603629100,coordinator,1.0000,6,1.000000,"Связующий узел: посредничество ≥ p99, 9 других кластеров, 13 хабов; вход 1,8 млн ₸, выход 5,0 млн ₸; отдаёт больше наблюдаемого входа — вероятны внешние поступления"
100000000331309100,coordinator,1.0000,5,0.995512,"Связующий узел: посредничество ≥ p99, 13 других кластеров, 8 хабов; вход 984,6 тыс ₸, выход 23,0 млн ₸; отдаёт больше наблюдаемого входа — вероятны внешние поступления"
100000005910114100,coordinator,1.0000,0,0.967913,"Связующий узел: посредничество ≥ p99, 6 других кластеров, 12 хабов; вход 326,1 тыс ₸, выход 1,5 млн ₸; отдаёт больше наблюдаемого входа — вероятны внешние поступления"
100000008165763100,consolidator,1.0000,3,0.961261,"Признаки консолидации: 15 отправителей (порог 5); вход 1,2 млн ₸, выход 1,3 млн ₸"
100000008346837100,coordinator,1.0000,13,0.959466,"Связующий узел: посредничество ≥ p99, 7 других кластеров, 4 хабов; вход 254,4 тыс ₸, выход 1,3 млн ₸; отдаёт больше наблюдаемого входа — вероятны внешние поступления"
100000000437046100,coordinator,0.8508,0,0.956589,"Связующий узел: посредничество ≥ p99, 8 других кластеров, 11 хабов; вход 1,1 млн ₸, выход 7,6 млн ₸; отдаёт больше наблюдаемого входа — вероятны внешние поступления"
100000008477350100,coordinator,0.8776,0,0.955098,"Связующий узел: посредничество ≥ p99, 4 других кластеров, 8 хабов; вход 610,1 тыс ₸, выход 3,4 млн ₸; отдаёт больше наблюдаемого входа — вероятны внешние поступления"
100000003115284100,consolidator,0.8000,11,0.925897,"Признаки консолидации: 8 отправителей (порог 5); вход 2,2 млн ₸, выход 517,0 тыс ₸"
100000004015047100,consolidator,0.9000,8,0.924475,"Признаки консолидации: 9 отправителей (порог 5); вход 919,1 тыс ₸, выход 69,2 тыс ₸"
100000004400305100,coordinator,0.8853,0,0.923070,"Связующий узел: посредничество ≥ p99, 9 других кластеров, 16 хабов; вход 222,8 тыс ₸, выход 5,8 млн ₸; отдаёт больше наблюдаемого входа — вероятны внешние поступления"
100000005933757100,distributor,1.0000,14,0.920267,"Веерное распределение: 34 получателей (порог 10); вход 1,2 млн ₸, выход 3,0 млн ₸; отдаёт больше наблюдаемого входа — вероятны внешние поступления"
100000002398779100,consolidator,1.0000,0,0.909034,"Признаки консолидации: 13 отправителей (порог 5); вход 1,1 млн ₸, выход 66,0 тыс ₸"
100000004070318100,coordinator,0.8404,0,0.907771,"Связующий узел: посредничество ≥ p99, 8 других кластеров, 12 хабов; вход 207,2 тыс ₸, выход 551,9 тыс ₸; отдаёт больше наблюдаемого входа — вероятны внешние поступления"
100000003242289100,distributor,1.0000,16,0.903971,"Веерное распределение: 23 получателей (порог 10); вход 550,8 тыс ₸, выход 2,4 млн ₸; отдаёт больше наблюдаемого входа — вероятны внешние поступления"
100000004403675100,coordinator,0.8169,19,0.893404,"Связующий узел: посредничество ≥ p99, 4 других кластеров, 3 хабов; вход 183,0 тыс ₸, выход 264,7 тыс ₸; отдаёт больше наблюдаемого входа — вероятны внешние поступления"
100000008489922100,distributor,1.0000,2,0.891495,"Веерное распределение: 36 получателей (порог 10); вход 262,0 тыс ₸, выход 3,8 млн ₸; отдаёт больше наблюдаемого входа — вероятны внешние поступления"
100000004156082100,distributor,1.0000,15,0.890966,"Веерное распределение: 26 получателей (порог 10); вход 377,4 тыс ₸, выход 2,3 млн ₸; отдаёт больше наблюдаемого входа — вероятны внешние поступления"
100000004351795100,coordinator,0.8701,0,0.887304,"Связующий узел: посредничество ≥ p99, 5 других кластеров, 5 хабов; вход 118,3 тыс ₸, выход 1,7 млн ₸; отдаёт больше наблюдаемого входа — вероятны внешние поступления"
100000008547948100,distributor,1.0000,2,0.883140,"Веерное распределение: 26 получателей (порог 10); вход 212,7 тыс ₸, выход 5,2 млн ₸; отдаёт больше наблюдаемого входа — вероятны внешние поступления"
100000002957787100,coordinator,0.9167,0,0.881291,"Связующий узел: посредничество ≥ p99, 8 других кластеров, 3 хабов; вход 85,0 тыс ₸, выход 1,3 млн ₸; отдаёт больше наблюдаемого входа — вероятны внешние поступления"
100000008710791100,distributor,1.0000,2,0.878766,"Веерное распределение: 23 получателей (порог 10); вход 181,5 тыс ₸, выход 5,5 млн ₸; отдаёт больше наблюдаемого входа — вероятны внешние поступления"
100000001857829100,distributor,0.8000,6,0.878384,"Веерное распределение: 16 получателей (порог 10); вход 888,5 тыс ₸, выход 2,4 млн ₸; отдаёт больше наблюдаемого входа — вероятны внешние поступления"
100000007639767100,coordinator,0.8771,0,0.872934,"Связующий узел: посредничество ≥ p99, 4 других кластеров, 6 хабов; вход 90,9 тыс ₸, выход 822,2 тыс ₸; отдаёт больше наблюдаемого входа — вероятны внешние поступления"
100000008304139100,distributor,1.0000,3,0.864656,"Веерное распределение: 24 получателей (порог 10); вход 189,3 тыс ₸, выход 1,7 млн ₸; отдаёт больше наблюдаемого входа — вероятны внешние поступления"
100000008547844100,distributor,0.9500,2,0.864187,"Веерное распределение: 19 получателей (порог 10); вход 177,6 тыс ₸, выход 2,0 млн ₸; отдаёт больше наблюдаемого входа — вероятны внешние поступления"
100000008686313100,consolidator,0.6000,0,0.862129,"Признаки консолидации: 6 отправителей (порог 5); вход 1,9 млн ₸, выход 333,8 тыс ₸"
100000005704413100,coordinator,0.7981,7,0.856707,"Связующий узел: посредничество ≥ p99, 4 других кластеров, 3 хабов; вход 97,8 тыс ₸, выход 1,4 млн ₸; отдаёт больше наблюдаемого входа — вероятны внешние поступления"
100000006518161100,transit,0.9929,4,0.854278,"Признаки транзита: дальше 100% входа (коридор 80–120%); вход 594,2 тыс ₸, выход 595,9 тыс ₸"
100000004071080100,consolidator,0.9000,0,0.854179,"Признаки консолидации: 9 отправителей (порог 5); вход 238,6 тыс ₸, выход 46,5 тыс ₸"
100000000332284100,consolidator,1.0000,5,0.851790,"Признаки консолидации: 10 отправителей (порог 5); вход 107,4 тыс ₸, выход 289,5 тыс ₸; отдаёт больше наблюдаемого входа — вероятны внешние поступления"
100000005578559100,distributor,1.0000,7,0.844171,"Веерное распределение: 21 получателей (порог 10); вход 131,0 тыс ₸, выход 893,2 тыс ₸; отдаёт больше наблюдаемого входа — вероятны внешние поступления"
100000004569484100,coordinator,0.7340,7,0.836786,"Связующий узел: посредничество ≥ p99, 2 других кластеров, 4 хабов; вход 98,3 тыс ₸, выход 156,0 тыс ₸; отдаёт больше наблюдаемого входа — вероятны внешние поступления"
100000007594394100,consolidator,0.6000,17,0.833748,"Признаки консолидации: 6 отправителей (порог 5); вход 395,4 тыс ₸, выход 3,4 млн ₸; отдаёт больше наблюдаемого входа — вероятны внешние поступления"
100000008517538100,distributor,0.8500,2,0.833440,"Веерное распределение: 17 получателей (порог 10); вход 155,5 тыс ₸, выход 1,4 млн ₸; отдаёт больше наблюдаемого входа — вероятны внешние поступления"
100000008560717100,consolidator,0.7000,5,0.832947,"Признаки консолидации: 7 отправителей (порог 5); вход 529,0 тыс ₸, выход 25,0 тыс ₸"
100000003741418100,consolidator,0.9000,5,0.831921,"Признаки консолидации: 9 отправителей (порог 5); вход 151,9 тыс ₸, выход 39,9 тыс ₸"
100000003635170100,transit,0.8603,33,0.830012,"Признаки транзита: дальше 94% входа (коридор 80–120%); вход 268,5 тыс ₸, выход 253,5 тыс ₸"
100000004759121100,consolidator,0.6000,0,0.829835,"Признаки консолидации: 6 отправителей (порог 5); вход 710,0 тыс ₸, выход 312,0 тыс ₸"
100000008324800100,transit,0.9264,71,0.829339,"Признаки транзита: дальше 97% входа (коридор 80–120%); вход 526,5 тыс ₸, выход 511,0 тыс ₸"
100000004486525100,consolidator,0.8000,0,0.829062,"Признаки консолидации: 8 отправителей (порог 5); вход 360,9 тыс ₸, выход 271,0 тыс ₸"
100000004299488100,consolidator,0.6000,0,0.823920,"Признаки консолидации: 6 отправителей (порог 5); вход 1,7 млн ₸, выход 345,0 тыс ₸"
100000008730846100,consolidator,0.7000,11,0.823441,"Признаки консолидации: 7 отправителей (порог 5); вход 155,0 тыс ₸, выход 363,4 тыс ₸; отдаёт больше наблюдаемого входа — вероятны внешние поступления"
100000000661912100,transit,0.7604,6,0.821110,"Признаки транзита: дальше 110% входа (коридор 80–120%); вход 393,0 тыс ₸, выход 430,7 тыс ₸"
100000007442518100,consolidator,0.5000,30,0.820025,"Признаки консолидации: 5 отправителей (порог 5); вход 510,0 тыс ₸, выход 4,4 млн ₸; отдаёт больше наблюдаемого входа — вероятны внешние поступления"
100000001530983100,distributor,0.5500,4,0.818538,"Веерное распределение: 11 получателей (порог 10); вход 564,2 тыс ₸, выход 1,8 млн ₸; отдаёт больше наблюдаемого входа — вероятны внешние поступления"
100000004707703100,transit,0.9201,4,0.816760,"Признаки транзита: дальше 97% входа (коридор 80–120%); вход 239,3 тыс ₸, выход 231,7 тыс ₸"
100000002741024100,consolidator,0.5000,0,0.815491,"Признаки консолидации: 5 отправителей (порог 5); вход 818,0 тыс ₸, выход 435,0 тыс ₸"
100000007055802100,consolidator,0.6000,0,0.815403,"Признаки консолидации: 6 отправителей (порог 5); вход 2,0 млн ₸, выход 605,0 тыс ₸"
100000003747133100,transit,0.8636,47,0.814136,"Признаки транзита: дальше 105% входа (коридор 80–120%); вход 237,1 тыс ₸, выход 250,0 тыс ₸"
100000003265158100,transit,0.8614,12,0.814001,"Признаки транзита: дальше 106% входа (коридор 80–120%); вход 146,1 тыс ₸, выход 154,2 тыс ₸"
100000006734214100,consolidator,0.5000,5,0.812821,"Признаки консолидации: 5 отправителей (порог 5); вход 610,0 тыс ₸, выход 36,0 тыс ₸"
100000003854444100,distributor,0.7000,17,0.810096,"Веерное распределение: 14 получателей (порог 10); вход 210,0 тыс ₸, выход 2,3 млн ₸; отдаёт больше наблюдаемого входа — вероятны внешние поступления"
100000008692291100,transit,0.9375,2,0.809426,"Признаки транзита: дальше 98% входа (коридор 80–120%); вход 160,0 тыс ₸, выход 156,0 тыс ₸"
100000008111003100,consolidator,0.6000,0,0.809235,"Признаки консолидации: 6 отправителей (порог 5); вход 222,7 тыс ₸, выход 35,0 тыс ₸"
100000008743913100,distributor,0.6500,21,0.805207,"Веерное распределение: 13 получателей (порог 10); вход 149,3 тыс ₸, выход 1,9 млн ₸; отдаёт больше наблюдаемого входа — вероятны внешние поступления"
100000002838861100,consolidator,0.5000,2,0.804488,"Признаки консолидации: 5 отправителей (порог 5); вход 554,5 тыс ₸, выход 10,0 тыс ₸"
100000005782781100,consolidator,0.6000,10,0.800396,"Признаки консолидации: 6 отправителей (порог 5); вход 171,9 тыс ₸, выход 1,3 млн ₸; отдаёт больше наблюдаемого входа — вероятны внешние поступления"
100000003880331100,distributor,0.8000,6,0.796833,"Веерное распределение: 16 получателей (порог 10); вход 100,0 тыс ₸, выход 3,9 млн ₸; отдаёт больше наблюдаемого входа — вероятны внешние поступления"
100000004847758100,distributor,0.7500,3,0.795788,"Веерное распределение: 15 получателей (порог 10); вход 115,2 тыс ₸, выход 488,8 тыс ₸; отдаёт больше наблюдаемого входа — вероятны внешние поступления"
100000008636603100,coordinator,0.7911,4,0.795534,"Связующий узел: посредничество ≥ p99, 4 других кластеров, 2 хабов; вход 35,5 тыс ₸, выход 159,4 тыс ₸; отдаёт больше наблюдаемого входа — вероятны внешние поступления"
100000007998965100,consolidator,0.5000,11,0.785522,"Признаки консолидации: 5 отправителей (порог 5); вход 278,0 тыс ₸, выход 26,0 тыс ₸"
100000005242320100,distributor,1.0000,9,0.779560,"Веерное распределение: 21 получателей (порог 10); вход 365,7 тыс ₸, выход 8,9 млн ₸; отдаёт больше наблюдаемого входа — вероятны внешние поступления"
100000004188160100,coordinator,0.5395,4,0.779238,"Связующий узел: посредничество ≥ p99, 2 других кластеров, 2 хабов; вход 87,9 тыс ₸, выход 133,8 тыс ₸; отдаёт больше наблюдаемого входа — вероятны внешние поступления"
100000005830339100,consolidator,0.5000,3,0.777328,"Признаки консолидации: 5 отправителей (порог 5); вход 476,3 тыс ₸, выход 339,3 тыс ₸"
100000000291906100,transit,0.5628,50,0.777202,"Признаки транзита: дальше 117% входа (коридор 80–120%); вход 388,0 тыс ₸, выход 455,9 тыс ₸"
100000003249054100,consolidator,0.7000,3,0.772687,"Признаки консолидации: 7 отправителей (порог 5); вход 99,7 тыс ₸, выход 15,0 тыс ₸"
100000008104567100,coordinator,0.5864,7,0.768837,"Связующий узел: посредничество ≥ p99, 3 других кластеров, 2 хабов; вход 53,5 тыс ₸, выход 40,0 тыс ₸"
100000008512827100,distributor,0.5000,9,0.760801,"Веерное распределение: 10 получателей (порог 10); вход 107,9 тыс ₸, выход 1,9 млн ₸; отдаёт больше наблюдаемого входа — вероятны внешние поступления"
100000002723538100,distributor,0.6000,6,0.760382,"Веерное распределение: 12 получателей (порог 10); вход 105,6 тыс ₸, выход 560,5 тыс ₸; отдаёт больше наблюдаемого входа — вероятны внешние поступления"
100000008748408100,distributor,1.0000,8,0.759052,"Веерное распределение: 21 получателей (порог 10); вход 360,0 тыс ₸, выход 1,5 млн ₸; отдаёт больше наблюдаемого входа — вероятны внешние поступления"
100000008466579100,distributor,0.8500,2,0.753753,"Веерное распределение: 17 получателей (порог 10); вход 37,0 тыс ₸, выход 1,9 млн ₸; отдаёт больше наблюдаемого входа — вероятны внешние поступления"
100000001660397100,transit,0.9794,0,0.752862,"Признаки транзита: дальше 101% входа (коридор 80–120%); вход 48,6 тыс ₸, выход 49,0 тыс ₸"
100000006069103100,transit,0.5501,54,0.751108,"Признаки транзита: дальше 118% входа (коридор 80–120%); вход 228,8 тыс ₸, выход 270,0 тыс ₸"
100000008086440100,transit,0.5189,0,0.750131,"Признаки транзита: дальше 81% входа (коридор 80–120%); вход 199,7 тыс ₸, выход 161,3 тыс ₸"
100000007908818100,peripheral,0.6000,3,0.749361,"Признаков ролей нет: 4 отправителей, 6 получателей; вход 727,5 тыс ₸, выход 302,0 тыс ₸"
100000005473151100,peripheral,0.7000,7,0.747152,"Признаков ролей нет: 3 отправителей, 4 получателей; вход 1,2 млн ₸, выход 225,0 тыс ₸"
100000006889963100,peripheral,0.6000,5,0.741420,"Признаков ролей нет: 4 отправителей, 1 получателей; вход 1,4 млн ₸, выход 443,5 тыс ₸"
100000006977207100,distributor,0.7500,20,0.741006,"Веерное распределение: 15 получателей (порог 10); вход 414,0 тыс ₸, выход 4,2 млн ₸; отдаёт больше наблюдаемого входа — вероятны внешние поступления"
100000003684369100,coordinator,0.8596,3,0.740055,"Связующий узел: посредничество ≥ p99, 9 других кластеров, 16 хабов; вход 3,8 млн ₸, выход 8,6 млн ₸; seed: входящие неполные"
100000005074393100,peripheral,0.5438,13,0.738750,"Признаков ролей нет: 4 отправителей, 6 получателей; вход 563,0 тыс ₸, выход 685,5 тыс ₸; отдаёт больше наблюдаемого входа — вероятны внешние поступления"
100000008546855100,consolidator,0.6000,17,0.737167,"Признаки консолидации: 6 отправителей (порог 5); вход 71,8 тыс ₸, выход 10,0 тыс ₸"
100000008413748100,distributor,0.9000,16,0.730583,"Веерное распределение: 18 получателей (порог 10); вход 26,5 тыс ₸, выход 1,4 млн ₸; отдаёт больше наблюдаемого входа — вероятны внешние поступления"
100000006274203100,peripheral,0.8000,17,0.728991,"Признаков ролей нет: 2 отправителей, 3 получателей; вход 3,4 млн ₸, выход 72,0 тыс ₸"
100000008465789100,distributor,0.8000,2,0.728747,"Веерное распределение: 16 получателей (порог 10); вход 30,1 тыс ₸, выход 1,9 млн ₸; отдаёт больше наблюдаемого входа — вероятны внешние поступления"
100000003796063100,distributor,0.7500,5,0.725216,"Веерное распределение: 15 получателей (порог 10); вход 35,0 тыс ₸, выход 959,1 тыс ₸; отдаёт больше наблюдаемого входа — вероятны внешние поступления"
100000008379273100,transit,0.8611,7,0.722275,"Признаки транзита: дальше 106% входа (коридор 80–120%); вход 36,0 тыс ₸, выход 38,0 тыс ₸"
100000003701161100,peripheral,0.6000,23,0.721372,"Признаков ролей нет: 4 отправителей, 3 получателей; вход 1,5 млн ₸, выход 349,0 тыс ₸"
100000008710843100,distributor,0.6500,21,0.716313,"Веерное распределение: 13 получателей (порог 10); вход 33,9 тыс ₸, выход 2,0 млн ₸; отдаёт больше наблюдаемого входа — вероятны внешние поступления"
100000002849158100,peripheral,0.7000,2,0.716032,"Признаков ролей нет: 3 отправителей, 1 получателей; вход 723,0 тыс ₸, выход 1,3 млн ₸; отдаёт больше наблюдаемого входа — вероятны внешние поступления"
100000004479404100,peripheral,0.8000,45,0.715525,"Признаков ролей нет: 2 отправителей, 1 получателей; вход 1,5 млн ₸, выход 300,0 тыс ₸"
100000008748914100,distributor,0.6500,3,0.713758,"Веерное распределение: 13 получателей (порог 10); вход 180,0 тыс ₸, выход 4,5 млн ₸; отдаёт больше наблюдаемого входа — вероятны внешние поступления"
100000004997515100,peripheral,0.6000,2,0.713155,"Признаков ролей нет: 4 отправителей, 4 получателей; вход 395,0 тыс ₸, выход 54,5 тыс ₸"
100000005514161100,peripheral,0.6000,9,0.711727,"Признаков ролей нет: 4 отправителей, 1 получателей; вход 401,5 тыс ₸, выход 50,0 тыс ₸"
100000004150593100,distributor,0.5500,4,0.711138,"Веерное распределение: 11 получателей (порог 10); вход 57,0 тыс ₸, выход 871,2 тыс ₸; отдаёт больше наблюдаемого входа — вероятны внешние поступления"
100000008461532100,peripheral,0.6000,27,0.710415,"Признаков ролей нет: 2 отправителей, 8 получателей; вход 565,3 тыс ₸, выход 2,5 млн ₸; отдаёт больше наблюдаемого входа — вероятны внешние поступления"
100000003213473100,distributor,0.5500,0,0.709021,"Веерное распределение: 11 получателей (порог 10); вход 57,5 тыс ₸, выход 240,0 тыс ₸; отдаёт больше наблюдаемого входа — вероятны внешние поступления"
100000008512552100,peripheral,0.6000,16,0.705213,"Признаков ролей нет: 4 отправителей, 6 получателей; вход 394,4 тыс ₸, выход 1,3 млн ₸; отдаёт больше наблюдаемого входа — вероятны внешние поступления"
100000000489417100,transit,0.7791,13,0.704966,"Признаки транзита: дальше 109% входа (коридор 80–120%); вход 73,5 тыс ₸, выход 80,0 тыс ₸"
100000008731444100,peripheral,0.5500,0,0.704730,"Признаков ролей нет: 3 отправителей, 9 получателей; вход 439,0 тыс ₸, выход 879,8 тыс ₸; отдаёт больше наблюдаемого входа — вероятны внешние поступления"
100000003071930100,peripheral,0.7000,2,0.704431,"Признаков ролей нет: 3 отправителей, 1 получателей; вход 477,6 тыс ₸, выход 5,0 тыс ₸"
100000004679953100,peripheral,0.7000,6,0.704063,"Признаков ролей нет: 3 отправителей, 3 получателей; вход 343,5 тыс ₸, выход 34,1 тыс ₸"
100000007138613100,peripheral,0.7000,0,0.703303,"Признаков ролей нет: 3 отправителей, 2 получателей; вход 1,0 млн ₸, выход 179,0 тыс ₸"
100000002748532100,peripheral,0.7000,21,0.703004,"Признаков ролей нет: 3 отправителей, 2 получателей; вход 355,6 тыс ₸, выход 646,7 тыс ₸; отдаёт больше наблюдаемого входа — вероятны внешние поступления"
100000006225798100,peripheral,0.7000,16,0.702935,"Признаков ролей нет: 3 отправителей, 2 получателей; вход 722,0 тыс ₸, выход 26,3 тыс ₸"
100000004394765100,peripheral,0.7000,4,0.702705,"Признаков ролей нет: 3 отправителей, 2 получателей; вход 603,8 тыс ₸, выход 82,5 тыс ₸"
100000005527892100,peripheral,0.6000,20,0.701554,"Признаков ролей нет: 3 отправителей, 8 получателей; вход 220,0 тыс ₸, выход 552,4 тыс ₸; отдаёт больше наблюдаемого входа — вероятны внешние поступления"
100000007777377100,peripheral,0.9000,4,0.700058,"Признаков ролей нет: 1 отправителей, 2 получателей; вход 456,3 тыс ₸, выход 10,0 тыс ₸"
100000002628576100,peripheral,0.6487,5,0.698446,"Признаков ролей нет: 2 отправителей, 2 получателей; вход 727,9 тыс ₸, выход 539,0 тыс ₸"
100000008011159100,peripheral,0.7000,42,0.698423,"Признаков ролей нет: 3 отправителей, 5 получателей; вход 363,0 тыс ₸, выход 153,0 тыс ₸"
100000002963189100,peripheral,0.6500,14,0.698239,"Признаков ролей нет: 1 отправителей, 7 получателей; вход 490,0 тыс ₸, выход 5,2 млн ₸; отдаёт больше наблюдаемого входа — вероятны внешние поступления"
100000003171587100,peripheral,0.8000,5,0.698239,"Признаков ролей нет: 2 отправителей, 2 получателей; вход 700,0 тыс ₸, выход 431,3 тыс ₸"
100000004159526100,peripheral,0.6000,14,0.697526,"Признаков ролей нет: 4 отправителей, 4 получателей; вход 275,0 тыс ₸, выход 68,0 тыс ₸"
100000001899164100,peripheral,0.6000,12,0.697134,"Признаков ролей нет: 4 отправителей, 3 получателей; вход 291,7 тыс ₸, выход 76,5 тыс ₸"
100000002217161100,peripheral,0.6500,35,0.696927,"Признаков ролей нет: 2 отправителей, 7 получателей; вход 404,8 тыс ₸, выход 995,1 тыс ₸; отдаёт больше наблюдаемого входа — вероятны внешние поступления"
100000008223661100,peripheral,0.7498,2,0.696835,"Признаков ролей нет: 2 отправителей, 5 получателей; вход 202,0 тыс ₸, выход 262,6 тыс ₸; отдаёт больше наблюдаемого входа — вероятны внешние поступления"
100000001330685100,peripheral,0.7000,5,0.696352,"Признаков ролей нет: 3 отправителей, 1 получателей; вход 2,4 млн ₸, выход 100,5 тыс ₸"
100000002781227100,transit,0.7221,63,0.695427,"Признаки транзита: дальше 111% входа (коридор 80–120%); вход 191,2 тыс ₸, выход 212,4 тыс ₸"
100000005665181100,distributor,0.5500,5,0.695210,"Веерное распределение: 11 получателей (порог 10); вход 45,5 тыс ₸, выход 181,9 тыс ₸; отдаёт больше наблюдаемого входа — вероятны внешние поступления"
100000002921047100,peripheral,0.8000,10,0.692945,"Признаков ролей нет: 2 отправителей, 1 получателей; вход 338,0 тыс ₸, выход 163,0 тыс ₸"
100000003178549100,peripheral,0.8000,16,0.689677,"Признаков ролей нет: 2 отправителей, 4 получателей; вход 250,0 тыс ₸, выход 89,1 тыс ₸"
100000003035737100,peripheral,0.8000,5,0.688871,"Признаков ролей нет: 2 отправителей, 1 получателей; вход 809,2 тыс ₸, выход 6,5 тыс ₸"
100000008733194100,peripheral,0.6000,13,0.688618,"Признаков ролей нет: 4 отправителей, 8 получателей; вход 251,4 тыс ₸, выход 159,7 тыс ₸"
100000006866783100,coordinator,1.0000,0,0.687162,"Связующий узел: посредничество ≥ p99, 13 других кластеров, 13 хабов; вход 838,8 тыс ₸, выход 3,9 млн ₸; seed: входящие неполные"
100000001162560100,distributor,0.6000,2,0.686380,"Веерное распределение: 12 получателей (порог 10); вход 331,3 тыс ₸, выход 2,9 млн ₸; отдаёт больше наблюдаемого входа — вероятны внешние поступления"
100000008723830100,transit,0.9740,4,0.685272,"Признаки транзита: дальше 99% входа (коридор 80–120%); вход 459,8 тыс ₸, выход 455,0 тыс ₸"
100000002901457100,peripheral,0.8500,0,0.684429,"Признаков ролей нет: 1 отправителей, 3 получателей; вход 340,0 тыс ₸, выход 119,0 тыс ₸"
100000003589877100,peripheral,0.7000,2,0.683830,"Признаков ролей нет: 2 отправителей, 6 получателей; вход 176,0 тыс ₸, выход 416,1 тыс ₸; отдаёт больше наблюдаемого входа — вероятны внешние поступления"
100000006704530100,transit,0.8751,27,0.683823,"Признаки транзита: дальше 95% входа (коридор 80–120%); вход 450,5 тыс ₸, выход 428,0 тыс ₸"
100000007629096100,peripheral,0.6000,0,0.683784,"Признаков ролей нет: 4 отправителей, 1 получателей; вход 1,1 млн ₸, выход 765,2 тыс ₸"
100000006788200100,peripheral,0.6000,8,0.683508,"Признаков ролей нет: 4 отправителей, 3 получателей; вход 272,2 тыс ₸, выход 64,5 тыс ₸"
100000007593823100,distributor,0.6500,0,0.682799,"Веерное распределение: 13 получателей (порог 10); вход 25,0 тыс ₸, выход 162,9 тыс ₸; отдаёт больше наблюдаемого входа — вероятны внешние поступления"
100000001279272100,peripheral,0.9000,0,0.682794,"Признаков ролей нет: 1 отправителей, 2 получателей; вход 250,0 тыс ₸, выход 136,8 тыс ₸"
100000001609499100,peripheral,0.7000,0,0.681851,"Признаков ролей нет: 3 отправителей, 2 получателей; вход 263,1 тыс ₸, выход 21,0 тыс ₸"
100000002241986100,peripheral,0.7000,39,0.681229,"Признаков ролей нет: 1 отправителей, 6 получателей; вход 280,0 тыс ₸, выход 3,1 млн ₸; отдаёт больше наблюдаемого входа — вероятны внешние поступления"
100000000413678100,peripheral,0.8000,6,0.679227,"Признаков ролей нет: 2 отправителей, 3 получателей; вход 306,5 тыс ₸, выход 528,2 тыс ₸; отдаёт больше наблюдаемого входа — вероятны внешние поступления"
100000004746397100,peripheral,0.9000,5,0.678904,"Признаков ролей нет: 1 отправителей, 1 получателей; вход 219,5 тыс ₸, выход 7,5 тыс ₸"
100000005610717100,peripheral,0.6000,0,0.677247,"Признаков ролей нет: 4 отправителей, 1 получателей; вход 484,5 тыс ₸, выход 265,2 тыс ₸"
100000000913911100,peripheral,0.7120,3,0.677132,"Признаков ролей нет: 2 отправителей, 1 получателей; вход 467,0 тыс ₸, выход 600,0 тыс ₸; отдаёт больше наблюдаемого входа — вероятны внешние поступления"
100000005339662100,peripheral,0.6000,15,0.674968,"Признаков ролей нет: 4 отправителей, 4 получателей; вход 202,9 тыс ₸, выход 295,2 тыс ₸; отдаёт больше наблюдаемого входа — вероятны внешние поступления"
100000007382543100,peripheral,0.7000,28,0.674876,"Признаков ролей нет: 3 отправителей, 5 получателей; вход 218,0 тыс ₸, выход 427,0 тыс ₸; отдаёт больше наблюдаемого входа — вероятны внешние поступления"
100000002578405100,distributor,1.0000,1,0.674554,"Веерное распределение: 116 получателей (порог 10); вход 1,2 млн ₸, выход 3,1 млн ₸; отдаёт больше наблюдаемого входа — вероятны внешние поступления"
100000008343874100,peripheral,0.8000,20,0.671309,"Признаков ролей нет: 2 отправителей, 2 получателей; вход 283,5 тыс ₸, выход 176,4 тыс ₸"
100000003809101100,peripheral,0.8000,11,0.671170,"Признаков ролей нет: 2 отправителей, 2 получателей; вход 166,1 тыс ₸, выход 55,2 тыс ₸"
100000004450649100,peripheral,0.8000,5,0.670296,"Признаков ролей нет: 2 отправителей, 2 получателей; вход 192,5 тыс ₸, выход 46,5 тыс ₸"
100000008389800100,peripheral,0.6500,4,0.670250,"Признаков ролей нет: 3 отправителей, 7 получателей; вход 189,0 тыс ₸, выход 401,6 тыс ₸; отдаёт больше наблюдаемого входа — вероятны внешние поступления"
100000008003034100,coordinator,0.5837,13,0.669301,"Связующий узел: посредничество ≥ p99, 3 других кластеров, 2 хабов; вход 12,2 тыс ₸, выход 135,0 тыс ₸; отдаёт больше наблюдаемого входа — вероятны внешние поступления"
100000005124479100,peripheral,0.8000,0,0.668362,"Признаков ролей нет: 2 отправителей, 2 получателей; вход 137,8 тыс ₸, выход 22,0 тыс ₸"
100000005661829100,transit,0.8298,17,0.668044,"Признаки транзита: дальше 107% входа (коридор 80–120%); вход 37,8 тыс ₸, выход 40,4 тыс ₸"
100000004480280100,peripheral,0.9000,3,0.666705,"Признаков ролей нет: 1 отправителей, 2 получателей; вход 146,7 тыс ₸, выход 295,9 тыс ₸; отдаёт больше наблюдаемого входа — вероятны внешние поступления"
100000008561016100,transit,0.9306,2,0.666658,"Признаки транзита: дальше 103% входа (коридор 80–120%); вход 180,0 тыс ₸, выход 185,0 тыс ₸"
100000003004487100,peripheral,0.6000,31,0.665094,"Признаков ролей нет: 4 отправителей, 2 получателей; вход 183,7 тыс ₸, выход 265,0 тыс ₸; отдаёт больше наблюдаемого входа — вероятны внешние поступления"
100000003366471100,peripheral,0.8000,6,0.664127,"Признаков ролей нет: 2 отправителей, 1 получателей; вход 329,8 тыс ₸, выход 20,0 тыс ₸"
100000006020215100,transit,0.6833,13,0.662520,"Признаки транзита: дальше 113% входа (коридор 80–120%); вход 30,0 тыс ₸, выход 33,8 тыс ₸"
100000001282143100,terminal,1.0000,9,0.661296,"Гипотеза конечного получателя: вход 1,7 млн ₸, выход 0; колено 3; вход 1,7 млн ₸, выход 0,00 ₸"
100000002894076100,terminal,1.0000,10,0.661296,"Гипотеза конечного получателя: вход 1,1 млн ₸, выход 0; колено 1; вход 1,1 млн ₸, выход 0,00 ₸"
100000000810551100,peripheral,0.9000,3,0.660651,"Признаков ролей нет: 1 отправителей, 1 получателей; вход 100,0 тыс ₸, выход 7,1 тыс ₸"
100000008739887100,peripheral,0.8000,6,0.658165,"Признаков ролей нет: 2 отправителей, 2 получателей; вход 214,0 тыс ₸, выход 307,0 тыс ₸; отдаёт больше наблюдаемого входа — вероятны внешние поступления"
100000005287097100,peripheral,0.5500,4,0.657153,"Признаков ролей нет: 2 отправителей, 9 получателей; вход 127,2 тыс ₸, выход 697,3 тыс ₸; отдаёт больше наблюдаемого входа — вероятны внешние поступления"
100000001072022100,terminal,1.0000,3,0.656347,"Гипотеза конечного получателя: вход 1,7 млн ₸, выход 0; колено 1; вход 1,7 млн ₸, выход 0,00 ₸"
100000005612411100,peripheral,0.6000,3,0.656094,"Признаков ролей нет: 3 отправителей, 8 получателей; вход 115,5 тыс ₸, выход 507,0 тыс ₸; отдаёт больше наблюдаемого входа — вероятны внешние поступления"
100000003946524100,transit,0.7945,3,0.654646,"Признаки транзита: дальше 108% входа (коридор 80–120%); вход 133,8 тыс ₸, выход 144,8 тыс ₸"
100000005519998100,transit,0.9176,34,0.654052,"Признаки транзита: дальше 103% входа (коридор 80–120%); вход 182,0 тыс ₸, выход 188,0 тыс ₸"
100000008213966100,peripheral,0.7000,28,0.653723,"Признаков ролей нет: 3 отправителей, 1 получателей; вход 187,0 тыс ₸, выход 436,9 тыс ₸; отдаёт больше наблюдаемого входа — вероятны внешние поступления"
100000003404627100,terminal,1.0000,40,0.653355,"Гипотеза конечного получателя: вход 877,7 тыс ₸, выход 0; колено 1; вход 877,7 тыс ₸, выход 0,00 ₸"
100000004077081100,peripheral,0.8000,3,0.653240,"Признаков ролей нет: 1 отправителей, 4 получателей; вход 140,0 тыс ₸, выход 615,0 тыс ₸; отдаёт больше наблюдаемого входа — вероятны внешние поступления"
100000002173161100,terminal,1.0000,4,0.652964,"Гипотеза конечного получателя: вход 1,4 млн ₸, выход 0; колено 1; вход 1,4 млн ₸, выход 0,00 ₸"
100000001303311100,terminal,1.0000,21,0.652618,"Гипотеза конечного получателя: вход 1,3 млн ₸, выход 0; колено 3; вход 1,3 млн ₸, выход 0,00 ₸"
100000008169544100,peripheral,0.8000,4,0.651490,"Признаков ролей нет: 1 отправителей, 4 получателей; вход 137,1 тыс ₸, выход 42,8 тыс ₸"
100000001126374100,peripheral,0.6000,0,0.651030,"Признаков ролей нет: 4 отправителей, 2 получателей; вход 182,5 тыс ₸, выход 29,2 тыс ₸"
100000002718366100,terminal,1.0000,2,0.650777,"Гипотеза конечного получателя: вход 2,5 млн ₸, выход 0; колено 2; вход 2,5 млн ₸, выход 0,00 ₸"
100000003016635100,coordinator,0.8333,4,0.650569,"Связующий узел: посредничество ≥ p99, 13 других кластеров, 2 хабов; вход 587,0 тыс ₸, выход 9,4 млн ₸; seed: входящие неполные"
100000004140487100,distributor,0.5000,3,0.650086,"Веерное распределение: 10 получателей (порог 10); вход 24,5 тыс ₸, выход 262,6 тыс ₸; отдаёт больше наблюдаемого входа — вероятны внешние поступления"
100000000667713100,peripheral,0.7000,4,0.648475,"Признаков ролей нет: 2 отправителей, 6 получателей; вход 119,5 тыс ₸, выход 79,2 тыс ₸"
100000008172352100,peripheral,0.6500,32,0.647002,"Признаков ролей нет: 3 отправителей, 7 получателей; вход 90,3 тыс ₸, выход 289,5 тыс ₸; отдаёт больше наблюдаемого входа — вероятны внешние поступления"
100000002870463100,peripheral,0.7000,8,0.646749,"Признаков ролей нет: 3 отправителей, 1 получателей; вход 207,0 тыс ₸, выход 10,0 тыс ₸"
100000005382566100,consolidator,0.7000,19,0.646082,"Признаки консолидации: 7 отправителей (порог 5); вход 393,1 тыс ₸, выход 50,0 тыс ₸; seed: входящие неполные"
100000000343175100,distributor,1.0000,11,0.645817,"Веерное распределение: 31 получателей (порог 10); вход 178,7 тыс ₸, выход 4,0 млн ₸; seed: входящие неполные"
100000003528285100,peripheral,0.6000,3,0.645529,"Признаков ролей нет: 4 отправителей, 4 получателей; вход 118,9 тыс ₸, выход 548,0 тыс ₸; отдаёт больше наблюдаемого входа — вероятны внешние поступления"
100000007229557100,terminal,1.0000,21,0.643872,"Гипотеза конечного получателя: вход 878,0 тыс ₸, выход 0; колено 3; вход 878,0 тыс ₸, выход 0,00 ₸"
100000007544358100,transit,0.7868,4,0.643784,"Признаки транзита: дальше 109% входа (коридор 80–120%); вход 322,5 тыс ₸, выход 350,0 тыс ₸"
100000002956769100,terminal,1.0000,9,0.643526,"Гипотеза конечного получателя: вход 840,0 тыс ₸, выход 0; колено 3; вход 840,0 тыс ₸, выход 0,00 ₸"
100000001363952100,peripheral,0.8000,6,0.641685,"Признаков ролей нет: 2 отправителей, 1 получателей; вход 196,7 тыс ₸, выход 91,0 тыс ₸"
100000008620570100,peripheral,0.8000,6,0.641639,"Признаков ролей нет: 2 отправителей, 2 получателей; вход 145,0 тыс ₸, выход 31,8 тыс ₸"
100000004180097100,peripheral,0.7000,0,0.641616,"Признаков ролей нет: 3 отправителей, 3 получателей; вход 104,9 тыс ₸, выход 47,8 тыс ₸"
100000002559089100,terminal,1.0000,9,0.640649,"Гипотеза конечного получателя: вход 715,0 тыс ₸, выход 0; колено 3; вход 715,0 тыс ₸, выход 0,00 ₸"
100000000089154100,distributor,0.7500,0,0.640281,"Веерное распределение: 15 получателей (порог 10); вход 10,0 тыс ₸, выход 425,5 тыс ₸; отдаёт больше наблюдаемого входа — вероятны внешние поступления"
100000002939838100,terminal,0.9521,4,0.639536,"Гипотеза конечного получателя: вход 571,2 тыс ₸, выход 0; колено 1; вход 571,2 тыс ₸, выход 0,00 ₸"
100000001236706100,peripheral,0.7000,13,0.639521,"Признаков ролей нет: 3 отправителей, 2 получателей; вход 142,7 тыс ₸, выход 36,0 тыс ₸"
100000004662806100,peripheral,0.8000,12,0.639245,"Признаков ролей нет: 2 отправителей, 2 получателей; вход 106,6 тыс ₸, выход 59,9 тыс ₸"
100000004076740100,peripheral,0.7000,34,0.639015,"Признаков ролей нет: 3 отправителей, 6 получателей; вход 93,2 тыс ₸, выход 125,0 тыс ₸; отдаёт больше наблюдаемого входа — вероятны внешние поступления"
100000005778283100,terminal,1.0000,10,0.638923,"Гипотеза конечного получателя: вход 615,8 тыс ₸, выход 0; колено 1; вход 615,8 тыс ₸, выход 0,00 ₸"
100000001746925100,peripheral,0.9000,3,0.638693,"Признаков ролей нет: 1 отправителей, 1 получателей; вход 65,2 тыс ₸, выход 5,0 тыс ₸"
100000002369874100,terminal,1.0000,2,0.638347,"Гипотеза конечного получателя: вход 600,0 тыс ₸, выход 0; колено 3; вход 600,0 тыс ₸, выход 0,00 ₸"
100000008758168100,peripheral,0.7500,21,0.638094,"Признаков ролей нет: 2 отправителей, 5 получателей; вход 75,4 тыс ₸, выход 1,5 млн ₸; отдаёт больше наблюдаемого входа — вероятны внешние поступления"
100000008460102100,distributor,1.0000,18,0.637565,"Веерное распределение: 31 получателей (порог 10); вход 17,5 тыс ₸, выход 476,6 тыс ₸; отдаёт больше наблюдаемого входа — вероятны внешние поступления"
100000006707582100,distributor,0.7000,11,0.637118,"Веерное распределение: 14 получателей (порог 10); вход 39,5 тыс ₸, выход 961,1 тыс ₸; отдаёт больше наблюдаемого входа — вероятны внешние поступления"
100000008752616100,peripheral,0.6500,2,0.636414,"Признаков ролей нет: 2 отправителей, 7 получателей; вход 64,5 тыс ₸, выход 1,3 млн ₸; отдаёт больше наблюдаемого входа — вероятны внешние поступления"
100000004906181100,peripheral,0.6500,36,0.635401,"Признаков ролей нет: 1 отправителей, 7 получателей; вход 100,0 тыс ₸, выход 2,5 млн ₸; отдаёт больше наблюдаемого входа — вероятны внешние поступления"
100000002945626100,terminal,0.9733,2,0.634548,"Гипотеза конечного получателя: вход 584,0 тыс ₸, выход 0; колено 3; вход 584,0 тыс ₸, выход 0,00 ₸"
100000002443664100,terminal,0.9281,9,0.633669,"Гипотеза конечного получателя: вход 556,9 тыс ₸, выход 0; колено 2; вход 556,9 тыс ₸, выход 0,00 ₸"
100000008438656100,peripheral,0.8000,3,0.633214,"Признаков ролей нет: 2 отправителей, 1 получателей; вход 80,0 тыс ₸, выход 5,0 тыс ₸"
100000001584286100,terminal,1.0000,9,0.632777,"Гипотеза конечного получателя: вход 738,7 тыс ₸, выход 0; колено 2; вход 738,7 тыс ₸, выход 0,00 ₸"
100000004820260100,transit,0.7988,15,0.632641,"Признаки транзита: дальше 92% входа (коридор 80–120%); вход 234,2 тыс ₸, выход 215,3 тыс ₸"
100000008137435100,peripheral,0.7000,23,0.632639,"Признаков ролей нет: 2 отправителей, 6 получателей; вход 93,9 тыс ₸, выход 1,4 млн ₸; отдаёт больше наблюдаемого входа — вероятны внешние поступления"
100000007170072100,transit,0.9875,6,0.631711,"Признаки транзита: дальше 100% входа (коридор 80–120%); вход 100,0 тыс ₸, выход 99,5 тыс ₸"
100000001049200100,peripheral,0.8000,17,0.631695,"Признаков ролей нет: 2 отправителей, 4 получателей; вход 76,6 тыс ₸, выход 36,0 тыс ₸"
100000008587459100,peripheral,0.8000,0,0.630314,"Признаков ролей нет: 2 отправителей, 2 получателей; вход 181,5 тыс ₸, выход 686,5 тыс ₸; отдаёт больше наблюдаемого входа — вероятны внешние поступления"
100000008144528100,terminal,1.0000,4,0.628358,"Гипотеза конечного получателя: вход 1,1 млн ₸, выход 0; колено 2; вход 1,1 млн ₸, выход 0,00 ₸"
100000000288317100,peripheral,0.8000,0,0.628035,"Признаков ролей нет: 2 отправителей, 3 получателей; вход 100,0 тыс ₸, выход 53,5 тыс ₸"
100000004962193100,terminal,1.0000,0,0.627207,"Гипотеза конечного получателя: вход 900,5 тыс ₸, выход 0; колено 2; вход 900,5 тыс ₸, выход 0,00 ₸"
100000008599354100,peripheral,0.9000,0,0.627000,"Признаков ролей нет: 1 отправителей, 1 получателей; вход 177,0 тыс ₸, выход 38,2 тыс ₸"
100000008121806100,peripheral,0.8000,6,0.623455,"Признаков ролей нет: 1 отправителей, 4 получателей; вход 67,0 тыс ₸, выход 248,5 тыс ₸; отдаёт больше наблюдаемого входа — вероятны внешние поступления"
100000008742053100,distributor,0.6000,9,0.622898,"Веерное распределение: 12 получателей (порог 10); вход 10,0 тыс ₸, выход 2,8 млн ₸; отдаёт больше наблюдаемого входа — вероятны внешние поступления"
100000001937767100,peripheral,0.8000,14,0.622695,"Признаков ролей нет: 1 отправителей, 4 получателей; вход 53,0 тыс ₸, выход 1,9 млн ₸; отдаёт больше наблюдаемого входа — вероятны внешние поступления"
100000002459832100,terminal,1.0000,20,0.622028,"Гипотеза конечного получателя: вход 880,6 тыс ₸, выход 0; колено 3; вход 880,6 тыс ₸, выход 0,00 ₸"
100000000640800100,peripheral,0.8000,6,0.621130,"Признаков ролей нет: 1 отправителей, 4 получателей; вход 80,0 тыс ₸, выход 518,1 тыс ₸; отдаёт больше наблюдаемого входа — вероятны внешние поступления"
100000000910216100,peripheral,0.6687,3,0.620785,"Признаков ролей нет: 1 отправителей, 1 получателей; вход 71,0 тыс ₸, выход 52,0 тыс ₸"
100000002936322100,terminal,1.0000,20,0.620417,"Гипотеза конечного получателя: вход 787,1 тыс ₸, выход 0; колено 3; вход 787,1 тыс ₸, выход 0,00 ₸"
100000007864477100,peripheral,0.7000,0,0.620348,"Признаков ролей нет: 2 отправителей, 6 получателей; вход 76,0 тыс ₸, выход 203,5 тыс ₸; отдаёт больше наблюдаемого входа — вероятны внешние поступления"
100000008188026100,peripheral,0.8000,15,0.620140,"Признаков ролей нет: 2 отправителей, 4 получателей; вход 86,5 тыс ₸, выход 338,0 тыс ₸; отдаёт больше наблюдаемого входа — вероятны внешние поступления"
100000004217419100,peripheral,0.8000,6,0.619013,"Признаков ролей нет: 2 отправителей, 1 получателей; вход 118,2 тыс ₸, выход 7,7 тыс ₸"
100000008628231100,peripheral,0.9000,66,0.615997,"Признаков ролей нет: 1 отправителей, 2 получателей; вход 50,0 тыс ₸, выход 627,9 тыс ₸; отдаёт больше наблюдаемого входа — вероятны внешние поступления"
100000004390333100,peripheral,0.5500,0,0.615399,"Признаков ролей нет: 2 отправителей, 9 получателей; вход 64,6 тыс ₸, выход 506,5 тыс ₸; отдаёт больше наблюдаемого входа — вероятны внешние поступления"
100000001253557100,consolidator,0.5000,2,0.615261,"Признаки консолидации: 5 отправителей (порог 5); вход 210,2 тыс ₸, выход 0,00 ₸"
100000002306369100,peripheral,0.7000,3,0.615030,"Признаков ролей нет: 1 отправителей, 6 получателей; вход 73,2 тыс ₸, выход 260,9 тыс ₸; отдаёт больше наблюдаемого входа — вероятны внешние поступления"
100000003111305100,terminal,0.8489,8,0.614608,"Гипотеза конечного получателя: вход 509,3 тыс ₸, выход 0; колено 3; вход 509,3 тыс ₸, выход 0,00 ₸"
100000005530114100,peripheral,0.8000,16,0.614202,"Признаков ролей нет: 2 отправителей, 1 получателей; вход 137,0 тыс ₸, выход 25,0 тыс ₸"
100000002481974100,peripheral,0.8000,6,0.613304,"Признаков ролей нет: 2 отправителей, 2 получателей; вход 89,4 тыс ₸, выход 318,0 тыс ₸; отдаёт больше наблюдаемого входа — вероятны внешние поступления"
100000004420041100,peripheral,0.6500,12,0.613166,"Признаков ролей нет: 1 отправителей, 7 получателей; вход 69,6 тыс ₸, выход 651,8 тыс ₸; отдаёт больше наблюдаемого входа — вероятны внешние поступления"
100000003068941100,peripheral,0.7000,0,0.612936,"Признаков ролей нет: 3 отправителей, 1 получателей; вход 94,0 тыс ₸, выход 25,0 тыс ₸"
100000007129492100,peripheral,0.6859,11,0.612637,"Признаков ролей нет: 2 отправителей, 1 получателей; вход 51,0 тыс ₸, выход 37,0 тыс ₸"
100000008761219100,peripheral,0.8000,48,0.612291,"Признаков ролей нет: 2 отправителей, 2 получателей; вход 50,0 тыс ₸, выход 375,0 тыс ₸; отдаёт больше наблюдаемого входа — вероятны внешние поступления"
100000003159641100,peripheral,0.6000,58,0.610726,"Признаков ролей нет: 4 отправителей, 1 получателей; вход 64,0 тыс ₸, выход 197,8 тыс ₸; отдаёт больше наблюдаемого входа — вероятны внешние поступления"
100000006972210100,terminal,0.8146,2,0.608872,"Гипотеза конечного получателя: вход 488,8 тыс ₸, выход 0; колено 1; вход 488,8 тыс ₸, выход 0,00 ₸"
100000004315838100,peripheral,0.8000,3,0.608816,"Признаков ролей нет: 2 отправителей, 1 получателей; вход 50,0 тыс ₸, выход 18,0 тыс ₸"
100000007511163100,peripheral,0.7220,4,0.608540,"Признаков ролей нет: 2 отправителей, 3 получателей; вход 63,7 тыс ₸, выход 82,1 тыс ₸; отдаёт больше наблюдаемого входа — вероятны внешние поступления"
100000004325327100,transit,0.9712,0,0.608120,"Признаки транзита: дальше 99% входа (коридор 80–120%); вход 70,8 тыс ₸, выход 70,0 тыс ₸"
100000000011452100,peripheral,0.7000,0,0.605639,"Признаков ролей нет: 3 отправителей, 1 получателей; вход 110,0 тыс ₸, выход 16,7 тыс ₸"
100000002645609100,terminal,0.9114,0,0.604688,"Гипотеза конечного получателя: вход 546,8 тыс ₸, выход 0; колено 1; вход 546,8 тыс ₸, выход 0,00 ₸"
100000001102676100,transit,1.0000,3,0.604051,"Признаки транзита: дальше 100% входа (коридор 80–120%); вход 50,0 тыс ₸, выход 50,0 тыс ₸"
100000000490383100,peripheral,0.6000,4,0.603890,"Признаков ролей нет: 3 отправителей, 8 получателей; вход 62,6 тыс ₸, выход 461,4 тыс ₸; отдаёт больше наблюдаемого входа — вероятны внешние поступления"
100000008221543100,terminal,0.9033,16,0.603619,"Гипотеза конечного получателя: вход 542,0 тыс ₸, выход 0; колено 1; вход 542,0 тыс ₸, выход 0,00 ₸"
100000008746449100,distributor,0.5000,2,0.602348,"Веерное распределение: 10 получателей (порог 10); вход 10,0 тыс ₸, выход 1,0 млн ₸; отдаёт больше наблюдаемого входа — вероятны внешние поступления"
100000001697501100,distributor,1.0000,1,0.602256,"Веерное распределение: 38 получателей (порог 10); вход 123,7 тыс ₸, выход 1,5 млн ₸; отдаёт больше наблюдаемого входа — вероятны внешние поступления"
100000004587414100,terminal,0.8893,5,0.601940,"Гипотеза конечного получателя: вход 533,6 тыс ₸, выход 0; колено 3; вход 533,6 тыс ₸, выход 0,00 ₸"
100000002957306100,terminal,0.6642,11,0.599960,"Гипотеза конечного получателя: вход 398,5 тыс ₸, выход 0; колено 1; вход 398,5 тыс ₸, выход 0,00 ₸"
100000001616816100,consolidator,0.5000,8,0.598653,"Признаки консолидации: 5 отправителей (порог 5); вход 176,2 тыс ₸, выход 181,3 тыс ₸; seed: входящие неполные"
100000002593344100,terminal,0.7183,2,0.598492,"Гипотеза конечного получателя: вход 431,0 тыс ₸, выход 0; колено 3; вход 431,0 тыс ₸, выход 0,00 ₸"
100000006111439100,transit,0.5831,5,0.597846,"Признаки транзита: дальше 117% входа (коридор 80–120%); вход 20,6 тыс ₸, выход 24,0 тыс ₸"
100000002681449100,peripheral,0.8000,40,0.597422,"Признаков ролей нет: 2 отправителей, 2 получателей; вход 94,6 тыс ₸, выход 133,0 тыс ₸; отдаёт больше наблюдаемого входа — вероятны внешние поступления"
100000001052945100,peripheral,0.8500,57,0.595788,"Признаков ролей нет: 1 отправителей, 3 получателей; вход 56,5 тыс ₸, выход 1,6 млн ₸; отдаёт больше наблюдаемого входа — вероятны внешние поступления"
100000002645993100,peripheral,0.7500,0,0.592519,"Признаков ролей нет: 2 отправителей, 5 получателей; вход 49,6 тыс ₸, выход 87,0 тыс ₸; отдаёт больше наблюдаемого входа — вероятны внешние поступления"
100000003134934100,terminal,0.6323,0,0.592239,"Гипотеза конечного получателя: вход 379,4 тыс ₸, выход 0; колено 2; вход 379,4 тыс ₸, выход 0,00 ₸"
100000005171642100,transit,0.9526,8,0.591054,"Признаки транзита: дальше 98% входа (коридор 80–120%); вход 696,8 тыс ₸, выход 683,6 тыс ₸"
100000005432267100,terminal,0.5833,3,0.585143,"Гипотеза конечного получателя: вход 350,0 тыс ₸, выход 0; колено 1; вход 350,0 тыс ₸, выход 0,00 ₸"
100000005053653100,peripheral,0.8000,13,0.584026,"Признаков ролей нет: 2 отправителей, 1 получателей; вход 63,1 тыс ₸, выход 25,0 тыс ₸"
100000008192264100,transit,0.6146,5,0.583815,"Признаки транзита: дальше 115% входа (коридор 80–120%); вход 162,8 тыс ₸, выход 187,9 тыс ₸"
100000006424479100,peripheral,0.9000,13,0.583611,"Признаков ролей нет: 1 отправителей, 2 получателей; вход 500,0 тыс ₸, выход 220,0 тыс ₸"
100000003158727100,terminal,0.6132,10,0.582321,"Гипотеза конечного получателя: вход 367,9 тыс ₸, выход 0; колено 1; вход 367,9 тыс ₸, выход 0,00 ₸"
100000002531406100,transit,0.9038,20,0.580279,"Признаки транзита: дальше 96% входа (коридор 80–120%); вход 520,0 тыс ₸, выход 500,0 тыс ₸"
100000004398811100,peripheral,0.8500,3,0.579146,"Признаков ролей нет: 1 отправителей, 3 получателей; вход 426,0 тыс ₸, выход 1,0 млн ₸; отдаёт больше наблюдаемого входа — вероятны внешние поступления"
100000000534581100,peripheral,0.7130,6,0.579077,"Признаков ролей нет: 2 отправителей, 1 получателей; вход 56,0 тыс ₸, выход 40,0 тыс ₸"
100000001887715100,peripheral,0.7000,21,0.578663,"Признаков ролей нет: 3 отправителей, 1 получателей; вход 1,3 млн ₸, выход 750,0 тыс ₸"
100000008603331100,peripheral,0.7000,2,0.578502,"Признаков ролей нет: 2 отправителей, 6 получателей; вход 39,5 тыс ₸, выход 741,8 тыс ₸; отдаёт больше наблюдаемого входа — вероятны внешние поступления"
100000003968044100,peripheral,0.8500,6,0.577328,"Признаков ролей нет: 1 отправителей, 3 получателей; вход 40,0 тыс ₸, выход 311,0 тыс ₸; отдаёт больше наблюдаемого входа — вероятны внешние поступления"
100000005140601100,peripheral,0.7000,6,0.577097,"Признаков ролей нет: 3 отправителей, 2 получателей; вход 52,7 тыс ₸, выход 195,3 тыс ₸; отдаёт больше наблюдаемого входа — вероятны внешние поступления"
100000002883402100,terminal,0.5000,2,0.576867,"Гипотеза конечного получателя: вход 300,0 тыс ₸, выход 0; колено 3; вход 300,0 тыс ₸, выход 0,00 ₸"
100000008751380100,terminal,0.5763,2,0.576086,"Гипотеза конечного получателя: вход 345,8 тыс ₸, выход 0; колено 3; вход 345,8 тыс ₸, выход 0,00 ₸"
100000008443341100,peripheral,0.8000,12,0.574404,"Признаков ролей нет: 2 отправителей, 3 получателей; вход 34,5 тыс ₸, выход 50,0 тыс ₸; отдаёт больше наблюдаемого входа — вероятны внешние поступления"
100000002433697100,transit,0.6154,5,0.573236,"Признаки транзита: дальше 85% входа (коридор 80–120%); вход 130,0 тыс ₸, выход 110,0 тыс ₸"
100000008258083100,peripheral,0.8000,30,0.572862,"Признаков ролей нет: 2 отправителей, 2 получателей; вход 3,1 млн ₸, выход 2,0 млн ₸"
100000003062895100,terminal,0.5474,2,0.571254,"Гипотеза конечного получателя: вход 328,4 тыс ₸, выход 0; колено 2; вход 328,4 тыс ₸, выход 0,00 ₸"
100000005505655100,peripheral,0.8000,26,0.570722,"Признаков ролей нет: 2 отправителей, 1 получателей; вход 33,1 тыс ₸, выход 20,0 тыс ₸"
100000002224132100,consolidator,0.5000,24,0.569663,"Признаки консолидации: 5 отправителей (порог 5); вход 4,0 млн ₸, выход 12,1 млн ₸; отдаёт больше наблюдаемого входа — вероятны внешние поступления"
100000003582677100,peripheral,0.8000,3,0.567706,"Признаков ролей нет: 2 отправителей, 4 получателей; вход 29,8 тыс ₸, выход 56,0 тыс ₸; отдаёт больше наблюдаемого входа — вероятны внешние поступления"
100000002988894100,peripheral,0.8500,3,0.566601,"Признаков ролей нет: 1 отправителей, 3 получателей; вход 306,1 тыс ₸, выход 77,5 тыс ₸"
100000000673868100,peripheral,0.7500,30,0.565428,"Признаков ролей нет: 1 отправителей, 5 получателей; вход 2,0 млн ₸, выход 383,0 тыс ₸"
100000003831324100,terminal,0.5000,10,0.564507,"Гипотеза конечного получателя: вход 300,0 тыс ₸, выход 0; колено 1; вход 300,0 тыс ₸, выход 0,00 ₸"
100000000656682100,transit,0.6831,0,0.563858,"Признаки транзита: дальше 113% входа (коридор 80–120%); вход 71,0 тыс ₸, выход 80,0 тыс ₸"
100000003823811100,peripheral,0.8500,19,0.562343,"Признаков ролей нет: 1 отправителей, 3 получателей; вход 30,0 тыс ₸, выход 66,1 тыс ₸; отдаёт больше наблюдаемого входа — вероятны внешние поступления"
100000001141268100,peripheral,0.8000,21,0.561676,"Признаков ролей нет: 2 отправителей, 1 получателей; вход 480,0 тыс ₸, выход 10,0 тыс ₸"
100000002152857100,peripheral,0.7500,8,0.560732,"Признаков ролей нет: 1 отправителей, 5 получателей; вход 105,0 тыс ₸, выход 1,2 млн ₸; отдаёт больше наблюдаемого входа — вероятны внешние поступления"
100000001987030100,peripheral,0.8000,15,0.560364,"Признаков ролей нет: 2 отправителей, 1 получателей; вход 30,9 тыс ₸, выход 19,0 тыс ₸"
100000000791285100,peripheral,0.8500,27,0.560272,"Признаков ролей нет: 1 отправителей, 3 получателей; вход 1,1 млн ₸, выход 650,0 тыс ₸"
100000001689968100,terminal,0.5739,5,0.558597,"Гипотеза конечного получателя: вход 344,3 тыс ₸, выход 0; колено 3; вход 344,3 тыс ₸, выход 0,00 ₸"
100000003246024100,peripheral,0.9000,6,0.558016,"Признаков ролей нет: 1 отправителей, 1 получателей; вход 25,0 тыс ₸, выход 5,0 тыс ₸"
100000003390036100,peripheral,0.8000,11,0.557394,"Признаков ролей нет: 2 отправителей, 2 получателей; вход 231,3 тыс ₸, выход 62,0 тыс ₸"
100000005481280100,peripheral,0.8500,15,0.557026,"Признаков ролей нет: 1 отправителей, 3 получателей; вход 32,7 тыс ₸, выход 50,0 тыс ₸; отдаёт больше наблюдаемого входа — вероятны внешние поступления"
100000008490127100,peripheral,0.7000,5,0.552123,"Признаков ролей нет: 1 отправителей, 6 получателей; вход 431,8 тыс ₸, выход 923,0 тыс ₸; отдаёт больше наблюдаемого входа — вероятны внешние поступления"
100000008223756100,terminal,0.5528,6,0.550314,"Гипотеза конечного получателя: вход 331,7 тыс ₸, выход 0; колено 3; вход 331,7 тыс ₸, выход 0,00 ₸"
100000002343825100,peripheral,0.7000,2,0.550006,"Признаков ролей нет: 3 отправителей, 2 получателей; вход 350,0 тыс ₸, выход 89,8 тыс ₸"
100000000706545100,peripheral,0.7000,4,0.549614,"Признаков ролей нет: 3 отправителей, 1 получателей; вход 1,1 млн ₸, выход 75,8 тыс ₸"
100000003873332100,peripheral,0.8000,17,0.548072,"Признаков ролей нет: 1 отправителей, 4 получателей; вход 23,5 тыс ₸, выход 286,0 тыс ₸; отдаёт больше наблюдаемого входа — вероятны внешние поступления"
100000008106997100,peripheral,0.8000,0,0.547198,"Признаков ролей нет: 2 отправителей, 1 получателей; вход 35,6 тыс ₸, выход 20,6 тыс ₸"
100000004336312100,transit,0.5088,34,0.546837,"Признаки транзита: дальше 80% входа (коридор 80–120%); вход 90,4 тыс ₸, выход 72,7 тыс ₸"
100000002267998100,peripheral,0.8000,23,0.545678,"Признаков ролей нет: 2 отправителей, 3 получателей; вход 420,0 тыс ₸, выход 1,1 млн ₸; отдаёт больше наблюдаемого входа — вероятны внешние поступления"
100000008637537100,peripheral,0.7000,40,0.544740,"Признаков ролей нет: 3 отправителей, 3 получателей; вход 619,9 тыс ₸, выход 2,4 млн ₸; seed: входящие неполные"
100000003557488100,peripheral,0.9000,31,0.544597,"Признаков ролей нет: 1 отправителей, 2 получателей; вход 665,0 тыс ₸, выход 138,0 тыс ₸"
100000003254277100,transit,0.7864,0,0.544424,"Признаки транзита: дальше 91% входа (коридор 80–120%); вход 49,2 тыс ₸, выход 45,0 тыс ₸"
100000001534244100,peripheral,0.8000,2,0.543423,"Признаков ролей нет: 2 отправителей, 1 получателей; вход 366,0 тыс ₸, выход 45,0 тыс ₸"
100000001222263100,peripheral,0.9000,5,0.543193,"Признаков ролей нет: 1 отправителей, 1 получателей; вход 745,6 тыс ₸, выход 420,0 тыс ₸"
100000000976943100,transit,0.5000,11,0.542939,"Признаки транзита: дальше 120% входа (коридор 80–120%); вход 70,0 тыс ₸, выход 84,0 тыс ₸"
100000001073568100,peripheral,0.9000,14,0.541927,"Признаков ролей нет: 1 отправителей, 2 получателей; вход 707,5 тыс ₸, выход 219,5 тыс ₸"
100000002713074100,peripheral,0.8000,16,0.541811,"Признаков ролей нет: 2 отправителей, 1 получателей; вход 700,0 тыс ₸, выход 430,0 тыс ₸"
100000006240939100,peripheral,0.7500,8,0.541558,"Признаков ролей нет: 1 отправителей, 5 получателей; вход 160,0 тыс ₸, выход 778,0 тыс ₸; отдаёт больше наблюдаемого входа — вероятны внешние поступления"
100000004330371100,peripheral,0.8000,4,0.541006,"Признаков ролей нет: 2 отправителей, 2 получателей; вход 264,2 тыс ₸, выход 90,7 тыс ₸"
100000004622227100,peripheral,0.5947,0,0.540914,"Признаков ролей нет: 1 отправителей, 3 получателей; вход 24,9 тыс ₸, выход 19,0 тыс ₸"
100000005660203100,peripheral,0.9000,4,0.539625,"Признаков ролей нет: 1 отправителей, 2 получателей; вход 572,9 тыс ₸, выход 41,0 тыс ₸"
100000002472632100,peripheral,0.8000,26,0.539326,"Признаков ролей нет: 2 отправителей, 1 получателей; вход 502,4 тыс ₸, выход 20,0 тыс ₸"
100000008244300100,consolidator,0.5000,5,0.539095,"Признаки консолидации: 5 отправителей (порог 5); вход 65,4 тыс ₸, выход 0,00 ₸"
100000008721637100,peripheral,0.9000,8,0.538888,"Признаков ролей нет: 1 отправителей, 2 получателей; вход 24,0 тыс ₸, выход 127,0 тыс ₸; отдаёт больше наблюдаемого входа — вероятны внешние поступления"
100000004717647100,peripheral,0.7500,45,0.537760,"Признаков ролей нет: 1 отправителей, 5 получателей; вход 300,0 тыс ₸, выход 2,2 млн ₸; отдаёт больше наблюдаемого входа — вероятны внешние поступления"
100000008722417100,peripheral,0.8500,5,0.536771,"Признаков ролей нет: 1 отправителей, 3 получателей; вход 331,9 тыс ₸, выход 720,0 тыс ₸; отдаёт больше наблюдаемого входа — вероятны внешние поступления"
100000000838385100,peripheral,0.9000,28,0.535942,"Признаков ролей нет: 1 отправителей, 2 получателей; вход 436,9 тыс ₸, выход 177,5 тыс ₸"
100000003360542100,peripheral,0.8000,11,0.535827,"Признаков ролей нет: 2 отправителей, 2 получателей; вход 317,0 тыс ₸, выход 51,8 тыс ₸"
100000005634552100,peripheral,0.8500,0,0.535159,"Признаков ролей нет: 1 отправителей, 3 получателей; вход 25,9 тыс ₸, выход 1,2 млн ₸; отдаёт больше наблюдаемого входа — вероятны внешние поступления"
100000003718221100,peripheral,0.5250,23,0.535044,"Признаков ролей нет: 2 отправителей, 4 получателей; вход 350,0 тыс ₸, выход 423,5 тыс ₸; отдаёт больше наблюдаемого входа — вероятны внешние поступления"
100000001597505100,peripheral,0.9000,32,0.534745,"Признаков ролей нет: 1 отправителей, 1 получателей; вход 26,5 тыс ₸, выход 12,9 тыс ₸"
100000004135268100,transit,0.5182,52,0.534716,"Признаки транзита: дальше 81% входа (коридор 80–120%); вход 1,2 млн ₸, выход 1,0 млн ₸"
100000002773323100,peripheral,0.8000,2,0.534193,"Признаков ролей нет: 2 отправителей, 1 получателей; вход 285,0 тыс ₸, выход 1,2 млн ₸; отдаёт больше наблюдаемого входа — вероятны внешние поступления"
100000005048668100,peripheral,0.6000,6,0.534124,"Признаков ролей нет: 2 отправителей, 8 получателей; вход 16,7 тыс ₸, выход 159,4 тыс ₸; отдаёт больше наблюдаемого входа — вероятны внешние поступления"
100000002214301100,peripheral,0.9000,0,0.533341,"Признаков ролей нет: 1 отправителей, 1 получателей; вход 21,4 тыс ₸, выход 8,0 тыс ₸"
100000003321895100,peripheral,0.9000,62,0.532858,"Признаков ролей нет: 1 отправителей, 2 получателей; вход 24,0 тыс ₸, выход 553,8 тыс ₸; отдаёт больше наблюдаемого входа — вероятны внешние поступления"
100000001169666100,peripheral,0.9000,7,0.532512,"Признаков ролей нет: 1 отправителей, 1 получателей; вход 220,0 тыс ₸, выход 24,0 тыс ₸"
100000008531133100,peripheral,0.8500,4,0.532328,"Признаков ролей нет: 1 отправителей, 3 получателей; вход 25,0 тыс ₸, выход 158,3 тыс ₸; отдаёт больше наблюдаемого входа — вероятны внешние поступления"
100000004689658100,peripheral,0.9000,6,0.531454,"Признаков ролей нет: 1 отправителей, 1 получателей; вход 456,1 тыс ₸, выход 7,1 тыс ₸"
100000002121357100,peripheral,0.8000,2,0.530303,"Признаков ролей нет: 2 отправителей, 1 получателей; вход 255,3 тыс ₸, выход 113,0 тыс ₸"
100000002762076100,peripheral,0.8000,10,0.530073,"Признаков ролей нет: 2 отправителей, 1 получателей; вход 140,3 тыс ₸, выход 30,0 тыс ₸"
100000003834495100,peripheral,0.7000,0,0.529681,"Признаков ролей нет: 3 отправителей, 1 получателей; вход 602,4 тыс ₸, выход 20,0 тыс ₸"
100000002356167100,peripheral,0.9000,5,0.529290,"Признаков ролей нет: 1 отправителей, 2 получателей; вход 300,0 тыс ₸, выход 29,5 тыс ₸"
100000003105929100,peripheral,0.9000,5,0.529037,"Признаков ролей нет: 1 отправителей, 1 получателей; вход 429,6 тыс ₸, выход 156,4 тыс ₸"
100000003104347100,peripheral,0.9000,23,0.528116,"Признаков ролей нет: 1 отправителей, 1 получателей; вход 418,0 тыс ₸, выход 32,0 тыс ₸"
100000006579678100,peripheral,0.7000,4,0.527149,"Признаков ролей нет: 2 отправителей, 6 получателей; вход 192,9 тыс ₸, выход 1,7 млн ₸; отдаёт больше наблюдаемого входа — вероятны внешние поступления"
100000006844768100,peripheral,0.8333,0,0.526896,"Признаков ролей нет: 1 отправителей, 2 получателей; вход 282,0 тыс ₸, выход 188,0 тыс ₸"
100000008555918100,peripheral,0.9000,3,0.524755,"Признаков ролей нет: 1 отправителей, 2 получателей; вход 139,2 тыс ₸, выход 43,3 тыс ₸"
100000003037476100,peripheral,0.5600,2,0.524111,"Признаков ролей нет: 3 отправителей, 0 получателей; вход 555,0 тыс ₸, выход 0,00 ₸; исходящие не прослежены (колено 4)"
100000003366154100,peripheral,0.8500,3,0.523651,"Признаков ролей нет: 1 отправителей, 3 получателей; вход 125,0 тыс ₸, выход 289,2 тыс ₸; отдаёт больше наблюдаемого входа — вероятны внешние поступления"
100000001384826100,peripheral,0.9000,5,0.523628,"Признаков ролей нет: 1 отправителей, 1 получателей; вход 364,3 тыс ₸, выход 10,0 тыс ₸"
100000004722765100,peripheral,0.8500,47,0.522293,"Признаков ролей нет: 1 отправителей, 3 получателей; вход 230,0 тыс ₸, выход 2,3 млн ₸; отдаёт больше наблюдаемого входа — вероятны внешние поступления"
100000000764836100,peripheral,0.9000,6,0.521924,"Признаков ролей нет: 1 отправителей, 2 получателей; вход 251,7 тыс ₸, выход 50,0 тыс ₸"
100000008619857100,peripheral,0.9000,0,0.521855,"Признаков ролей нет: 1 отправителей, 2 получателей; вход 29,0 тыс ₸, выход 13,0 тыс ₸"
100000004726132100,peripheral,0.9000,0,0.521671,"Признаков ролей нет: 1 отправителей, 1 получателей; вход 349,0 тыс ₸, выход 24,0 тыс ₸"
100000000955529100,peripheral,0.9000,3,0.520935,"Признаков ролей нет: 1 отправителей, 1 получателей; вход 27,0 тыс ₸, выход 63,5 тыс ₸; отдаёт больше наблюдаемого входа — вероятны внешние поступления"
100000002032323100,peripheral,0.9000,2,0.520267,"Признаков ролей нет: 1 отправителей, 1 получателей; вход 300,0 тыс ₸, выход 1,1 млн ₸; отдаёт больше наблюдаемого входа — вероятны внешние поступления"
100000000596954100,peripheral,0.9000,3,0.519945,"Признаков ролей нет: 1 отправителей, 2 получателей; вход 120,0 тыс ₸, выход 48,1 тыс ₸"
100000004186824100,peripheral,0.8000,4,0.519945,"Признаков ролей нет: 2 отправителей, 1 получателей; вход 451,7 тыс ₸, выход 7,0 тыс ₸"
100000003016438100,peripheral,0.9000,2,0.519692,"Признаков ролей нет: 1 отправителей, 1 получателей; вход 200,0 тыс ₸, выход 300,0 тыс ₸; отдаёт больше наблюдаемого входа — вероятны внешние поступления"
100000000291908100,peripheral,0.9000,50,0.519623,"Признаков ролей нет: 1 отправителей, 1 получателей; вход 295,5 тыс ₸, выход 13,3 тыс ₸"
100000003457710100,peripheral,0.9000,5,0.519599,"Признаков ролей нет: 1 отправителей, 1 получателей; вход 326,6 тыс ₸, выход 1,3 млн ₸; отдаёт больше наблюдаемого входа — вероятны внешние поступления"
100000002836736100,terminal,0.8483,8,0.517757,"Гипотеза конечного получателя: вход 509,0 тыс ₸, выход 0; колено 1; вход 509,0 тыс ₸, выход 0,00 ₸"
100000005268319100,peripheral,0.7500,0,0.516423,"Признаков ролей нет: 1 отправителей, 5 получателей; вход 19,7 тыс ₸, выход 91,0 тыс ₸; отдаёт больше наблюдаемого входа — вероятны внешние поступления"
100000002605308100,terminal,1.0000,14,0.516308,"Гипотеза конечного получателя: вход 2,6 млн ₸, выход 0; колено 2; вход 2,6 млн ₸, выход 0,00 ₸"
100000004816564100,peripheral,0.9000,15,0.515226,"Признаков ролей нет: 1 отправителей, 1 получателей; вход 285,5 тыс ₸, выход 5,0 тыс ₸"
100000000031787100,transit,1.0000,10,0.515203,"Признаки транзита: дальше 100% входа (коридор 80–120%); вход 90,0 тыс ₸, выход 90,0 тыс ₸"
100000001650895100,peripheral,0.9000,7,0.515134,"Признаков ролей нет: 1 отправителей, 1 получателей; вход 153,5 тыс ₸, выход 10,0 тыс ₸"
100000002448088100,peripheral,0.6250,22,0.514213,"Признаков ролей нет: 3 отправителей, 1 получателей; вход 20,0 тыс ₸, выход 25,0 тыс ₸; отдаёт больше наблюдаемого входа — вероятны внешние поступления"
100000003031003100,peripheral,0.5332,9,0.514144,"Признаков ролей нет: 3 отправителей, 0 получателей; вход 280,1 тыс ₸, выход 0,00 ₸"
100000003299365100,transit,1.0000,3,0.513960,"Признаки транзита: дальше 100% входа (коридор 80–120%); вход 200,0 тыс ₸, выход 200,0 тыс ₸"
100000008258458100,peripheral,0.9000,64,0.513385,"Признаков ролей нет: 1 отправителей, 2 получателей; вход 19,0 тыс ₸, выход 1,6 млн ₸; отдаёт больше наблюдаемого входа — вероятны внешние поступления"
100000001831496100,peripheral,0.9000,11,0.513362,"Признаков ролей нет: 1 отправителей, 1 получателей; вход 25,0 тыс ₸, выход 373,0 тыс ₸; отдаёт больше наблюдаемого входа — вероятны внешние поступления"
100000006492770100,peripheral,0.9000,0,0.512694,"Признаков ролей нет: 1 отправителей, 1 получателей; вход 269,0 тыс ₸, выход 20,0 тыс ₸"
100000005539910100,peripheral,0.9000,3,0.512395,"Признаков ролей нет: 1 отправителей, 2 получателей; вход 102,0 тыс ₸, выход 22,0 тыс ₸"
100000002293421100,transit,0.6341,0,0.512012,"Признаки транзита: дальше 115% входа (коридор 80–120%); вход 41,0 тыс ₸, выход 47,0 тыс ₸"
100000008430691100,peripheral,0.9000,70,0.511727,"Признаков ролей нет: 1 отправителей, 2 получателей; вход 20,0 тыс ₸, выход 604,9 тыс ₸; отдаёт больше наблюдаемого входа — вероятны внешние поступления"
100000004017410100,peripheral,0.7500,34,0.510899,"Признаков ролей нет: 2 отправителей, 5 получателей; вход 193,7 тыс ₸, выход 1,3 млн ₸; отдаёт больше наблюдаемого входа — вероятны внешние поступления"
100000008625905100,peripheral,0.9000,58,0.510899,"Признаков ролей нет: 1 отправителей, 2 получателей; вход 197,8 тыс ₸, выход 635,0 тыс ₸; отдаёт больше наблюдаемого входа — вероятны внешние поступления"
100000003097324100,peripheral,0.5100,21,0.510807,"Признаков ролей нет: 2 отправителей, 0 получателей; вход 294,0 тыс ₸, выход 0,00 ₸"
100000001538095100,peripheral,0.5333,9,0.509196,"Признаков ролей нет: 2 отправителей, 0 получателей; вход 280,0 тыс ₸, выход 0,00 ₸"
100000004659919100,peripheral,0.9000,51,0.509173,"Признаков ролей нет: 1 отправителей, 1 получателей; вход 110,0 тыс ₸, выход 39,0 тыс ₸"
100000004071444100,peripheral,0.9000,0,0.509126,"Признаков ролей нет: 1 отправителей, 1 получателей; вход 247,3 тыс ₸, выход 100,0 тыс ₸"
100000008293431100,peripheral,0.7500,0,0.508942,"Признаков ролей нет: 1 отправителей, 5 получателей; вход 15,0 тыс ₸, выход 297,0 тыс ₸; отдаёт больше наблюдаемого входа — вероятны внешние поступления"
100000004544958100,peripheral,0.9000,11,0.508758,"Признаков ролей нет: 1 отправителей, 2 получателей; вход 168,0 тыс ₸, выход 23,2 тыс ₸"
100000005584222100,peripheral,0.8000,0,0.508321,"Признаков ролей нет: 2 отправителей, 2 получателей; вход 192,7 тыс ₸, выход 108,6 тыс ₸"
100000008566737100,peripheral,0.6167,0,0.507861,"Признаков ролей нет: 2 отправителей, 0 получателей; вход 230,0 тыс ₸, выход 0,00 ₸"
100000005316708100,peripheral,0.9000,9,0.507653,"Признаков ролей нет: 1 отправителей, 2 получателей; вход 90,0 тыс ₸, выход 257,5 тыс ₸; отдаёт больше наблюдаемого входа — вероятны внешние поступления"
100000004105288100,peripheral,0.6417,3,0.507400,"Признаков ролей нет: 2 отправителей, 0 получателей; вход 215,0 тыс ₸, выход 0,00 ₸"
100000008254069100,peripheral,0.7500,19,0.507078,"Признаков ролей нет: 1 отправителей, 5 получателей; вход 10,2 тыс ₸, выход 107,5 тыс ₸; отдаёт больше наблюдаемого входа — вероятны внешние поступления"
100000004737477100,transit,0.5414,0,0.506622,"Признаки транзита: дальше 82% входа (коридор 80–120%); вход 49,6 тыс ₸, выход 40,5 тыс ₸"
100000005198906100,peripheral,0.9000,5,0.504753,"Признаков ролей нет: 1 отправителей, 1 получателей; вход 228,0 тыс ₸, выход 60,0 тыс ₸"
100000002677201100,peripheral,0.9000,2,0.504500,"Признаков ролей нет: 1 отправителей, 1 получателей; вход 150,0 тыс ₸, выход 87,8 тыс ₸"
100000003899899100,peripheral,0.8000,4,0.504408,"Признаков ролей нет: 2 отправителей, 1 получателей; вход 218,5 тыс ₸, выход 10,0 тыс ₸"
100000004527381100,peripheral,0.9000,15,0.503579,"Признаков ролей нет: 1 отправителей, 1 получателей; вход 119,3 тыс ₸, выход 273,9 тыс ₸; отдаёт больше наблюдаемого входа — вероятны внешние поступления"
100000001285440100,peripheral,0.5950,21,0.503326,"Признаков ролей нет: 2 отправителей, 0 получателей; вход 243,0 тыс ₸, выход 0,00 ₸"
100000002205022100,peripheral,0.8500,55,0.503165,"Признаков ролей нет: 1 отправителей, 3 получателей; вход 7,1 тыс ₸, выход 518,0 тыс ₸; отдаёт больше наблюдаемого входа — вероятны внешние поступления"
100000001527186100,terminal,1.0000,3,0.502843,"Гипотеза конечного получателя: вход 678,0 тыс ₸, выход 0; колено 1; вход 678,0 тыс ₸, выход 0,00 ₸"
100000005375968100,peripheral,0.9000,0,0.502820,"Признаков ролей нет: 1 отправителей, 2 получателей; вход 170,1 тыс ₸, выход 86,0 тыс ₸"
100000002670860100,terminal,0.7500,9,0.502751,"Гипотеза конечного получателя: вход 450,0 тыс ₸, выход 0; колено 1; вход 450,0 тыс ₸, выход 0,00 ₸"
100000005475379100,peripheral,0.6314,11,0.501807,"Признаков ролей нет: 1 отправителей, 3 получателей; вход 108,4 тыс ₸, выход 81,0 тыс ₸"
100000005783452100,peripheral,0.6400,9,0.501784,"Признаков ролей нет: 2 отправителей, 0 получателей; вход 286,5 тыс ₸, выход 0,00 ₸; исходящие не прослежены (колено 4)"
100000005031696100,peripheral,0.9000,51,0.500748,"Признаков ролей нет: 1 отправителей, 2 получателей; вход 5,0 тыс ₸, выход 115,0 тыс ₸; отдаёт больше наблюдаемого входа — вероятны внешние поступления"
100000008747113100,peripheral,0.6703,5,0.500265,"Признаков ролей нет: 2 отправителей, 0 получателей; вход 197,8 тыс ₸, выход 0,00 ₸"
100000007267915100,peripheral,0.8000,16,0.499551,"Признаков ролей нет: 2 отправителей, 1 получателей; вход 21,0 тыс ₸, выход 10,0 тыс ₸"
100000008002020100,peripheral,0.9000,12,0.498884,"Признаков ролей нет: 1 отправителей, 1 получателей; вход 73,9 тыс ₸, выход 17,0 тыс ₸"
100000004475818100,peripheral,0.8500,5,0.498815,"Признаков ролей нет: 1 отправителей, 3 получателей; вход 13,0 тыс ₸, выход 54,0 тыс ₸; отдаёт больше наблюдаемого входа — вероятны внешние поступления"
100000004209339100,peripheral,0.9000,33,0.498676,"Признаков ролей нет: 1 отправителей, 2 получателей; вход 138,5 тыс ₸, выход 238,5 тыс ₸; отдаёт больше наблюдаемого входа — вероятны внешние поступления"
100000001066017100,peripheral,0.8000,0,0.498538,"Признаков ролей нет: 2 отправителей, 4 получателей; вход 136,1 тыс ₸, выход 82,5 тыс ₸"
100000002822472100,peripheral,0.5555,9,0.498216,"Признаков ролей нет: 2 отправителей, 0 получателей; вход 266,7 тыс ₸, выход 0,00 ₸"
100000008094734100,peripheral,0.6000,0,0.498216,"Признаков ролей нет: 4 отправителей, 0 получателей; вход 236,2 тыс ₸, выход 0,00 ₸"
100000005873152100,transit,1.0000,11,0.498193,"Признаки транзита: дальше 100% входа (коридор 80–120%); вход 10,0 тыс ₸, выход 10,0 тыс ₸"
100000002793881100,terminal,1.0000,2,0.498078,"Гипотеза конечного получателя: вход 785,6 тыс ₸, выход 0; колено 3; вход 785,6 тыс ₸, выход 0,00 ₸"
100000004386331100,transit,0.6875,12,0.498067,"Признаки транзита: дальше 88% входа (коридор 80–120%); вход 20,0 тыс ₸, выход 17,5 тыс ₸"
100000003509750100,transit,0.8818,8,0.497683,"Признаки транзита: дальше 95% входа (коридор 80–120%); вход 82,3 тыс ₸, выход 78,4 тыс ₸"
100000008536546100,peripheral,0.5833,21,0.496490,"Признаков ролей нет: 2 отправителей, 0 получателей; вход 250,0 тыс ₸, выход 0,00 ₸"
100000001875239100,terminal,1.0000,2,0.496352,"Гипотеза конечного получателя: вход 712,0 тыс ₸, выход 0; колено 3; вход 712,0 тыс ₸, выход 0,00 ₸"
100000008724461100,peripheral,0.7464,2,0.496075,"Признаков ролей нет: 1 отправителей, 1 получателей; вход 100,1 тыс ₸, выход 130,0 тыс ₸; отдаёт больше наблюдаемого входа — вероятны внешние поступления"
100000005079754100,peripheral,0.9000,3,0.495868,"Признаков ролей нет: 1 отправителей, 2 получателей; вход 70,0 тыс ₸, выход 122,0 тыс ₸; отдаёт больше наблюдаемого входа — вероятны внешние поступления"
100000002547110100,terminal,1.0000,2,0.495730,"Гипотеза конечного получателя: вход 1,5 млн ₸, выход 0; колено 3; вход 1,5 млн ₸, выход 0,00 ₸"
100000002983879100,peripheral,0.6666,3,0.495500,"Признаков ролей нет: 2 отправителей, 0 получателей; вход 200,1 тыс ₸, выход 0,00 ₸"
100000007242833100,peripheral,0.9000,12,0.495316,"Признаков ролей нет: 1 отправителей, 1 получателей; вход 107,5 тыс ₸, выход 45,0 тыс ₸"
100000001714173100,terminal,1.0000,21,0.495086,"Гипотеза конечного получателя: вход 638,9 тыс ₸, выход 0; колено 3; вход 638,9 тыс ₸, выход 0,00 ₸"
100000002941114100,peripheral,0.8000,11,0.494902,"Признаков ролей нет: 2 отправителей, 1 получателей; вход 128,5 тыс ₸, выход 15,0 тыс ₸"
100000002480800100,terminal,0.9488,3,0.494782,"Гипотеза конечного получателя: вход 569,3 тыс ₸, выход 0; колено 1; вход 569,3 тыс ₸, выход 0,00 ₸"
100000007181706100,peripheral,0.7062,3,0.494510,"Признаков ролей нет: 2 отправителей, 0 получателей; вход 176,3 тыс ₸, выход 0,00 ₸"
100000004500444100,peripheral,0.8000,14,0.494165,"Признаков ролей нет: 2 отправителей, 1 получателей; вход 180,0 тыс ₸, выход 74,0 тыс ₸"
100000002632742100,peripheral,0.6075,2,0.493037,"Признаков ролей нет: 2 отправителей, 0 получателей; вход 235,5 тыс ₸, выход 0,00 ₸"
100000007648946100,peripheral,0.6969,13,0.492462,"Признаков ролей нет: 1 отправителей, 1 получателей; вход 19,6 тыс ₸, выход 25,0 тыс ₸; отдаёт больше наблюдаемого входа — вероятны внешние поступления"
100000008632060100,peripheral,0.5500,0,0.492370,"Признаков ролей нет: 1 отправителей, 9 получателей; вход 6,0 тыс ₸, выход 339,2 тыс ₸; отдаёт больше наблюдаемого входа — вероятны внешние поступления"
100000003001661100,peripheral,0.7500,28,0.491932,"Признаков ролей нет: 1 отправителей, 5 получателей; вход 110,0 тыс ₸, выход 439,5 тыс ₸; отдаёт больше наблюдаемого входа — вероятны внешние поступления"
100000001317336100,peripheral,0.9000,31,0.491403,"Признаков ролей нет: 1 отправителей, 2 получателей; вход 131,2 тыс ₸, выход 1,8 млн ₸; отдаёт больше наблюдаемого входа — вероятны внешние поступления"
100000004676985100,transit,0.6003,0,0.491136,"Признаки транзита: дальше 84% входа (коридор 80–120%); вход 32,3 тыс ₸, выход 27,1 тыс ₸"
100000004670388100,peripheral,0.9000,50,0.490689,"Признаков ролей нет: 1 отправителей, 2 получателей; вход 160,4 тыс ₸, выход 720,0 тыс ₸; отдаёт больше наблюдаемого входа — вероятны внешние поступления"
100000001924185100,peripheral,0.7483,11,0.490252,"Признаков ролей нет: 2 отправителей, 0 получателей; вход 151,0 тыс ₸, выход 0,00 ₸"
100000002736316100,peripheral,0.5551,0,0.489999,"Признаков ролей нет: 3 отправителей, 0 получателей; вход 266,9 тыс ₸, выход 0,00 ₸"
100000001929088100,terminal,0.6600,10,0.489271,"Гипотеза конечного получателя: вход 396,0 тыс ₸, выход 0; колено 1; вход 396,0 тыс ₸, выход 0,00 ₸"
100000002956898100,peripheral,0.5163,15,0.488618,"Признаков ролей нет: 2 отправителей, 0 получателей; вход 290,2 тыс ₸, выход 0,00 ₸"
100000007472293100,peripheral,0.8500,48,0.487329,"Признаков ролей нет: 1 отправителей, 3 получателей; вход 5,0 тыс ₸, выход 345,9 тыс ₸; отдаёт больше наблюдаемого входа — вероятны внешние поступления"
100000002991079100,peripheral,0.8000,4,0.487283,"Признаков ролей нет: 2 отправителей, 1 получателей; вход 148,9 тыс ₸, выход 11,0 тыс ₸"
100000002609774100,peripheral,0.9000,7,0.487214,"Признаков ролей нет: 1 отправителей, 1 получателей; вход 7,7 тыс ₸, выход 27,5 тыс ₸; отдаёт больше наблюдаемого входа — вероятны внешние поступления"
100000007392365100,peripheral,0.7000,41,0.486730,"Признаков ролей нет: 1 отправителей, 6 получателей; вход 9,6 тыс ₸, выход 1,8 млн ₸; отдаёт больше наблюдаемого входа — вероятны внешние поступления"
100000002704875100,peripheral,0.5918,6,0.486431,"Признаков ролей нет: 3 отправителей, 0 получателей; вход 244,9 тыс ₸, выход 0,00 ₸"
100000001463701100,terminal,1.0000,11,0.486408,"Гипотеза конечного получателя: вход 621,0 тыс ₸, выход 0; колено 1; вход 621,0 тыс ₸, выход 0,00 ₸"
100000004889043100,peripheral,0.5467,0,0.485856,"Признаков ролей нет: 2 отправителей, 0 получателей; вход 272,0 тыс ₸, выход 0,00 ₸"
100000004097972100,peripheral,0.9000,0,0.485672,"Признаков ролей нет: 1 отправителей, 2 получателей; вход 118,9 тыс ₸, выход 10,0 тыс ₸"
100000004386258100,peripheral,0.7000,12,0.484175,"Признаков ролей нет: 3 отправителей, 3 получателей; вход 61,7 тыс ₸, выход 40,0 тыс ₸"
100000005186131100,transit,1.0000,0,0.483669,"Признаки транзита: дальше 100% входа (коридор 80–120%); вход 10,0 тыс ₸, выход 10,0 тыс ₸"
100000005222360100,peripheral,0.9000,14,0.483600,"Признаков ролей нет: 1 отправителей, 1 получателей; вход 5,0 тыс ₸, выход 27,0 тыс ₸; отдаёт больше наблюдаемого входа — вероятны внешние поступления"
100000000723383100,peripheral,0.9000,22,0.483531,"Признаков ролей нет: 1 отправителей, 2 получателей; вход 6,8 тыс ₸, выход 75,0 тыс ₸; отдаёт больше наблюдаемого входа — вероятны внешние поступления"
100000000733451100,peripheral,0.9000,13,0.483255,"Признаков ролей нет: 1 отправителей, 1 получателей; вход 70,0 тыс ₸, выход 300,0 тыс ₸; отдаёт больше наблюдаемого входа — вероятны внешние поступления"
100000005507142100,peripheral,0.7000,37,0.482932,"Признаков ролей нет: 3 отправителей, 3 получателей; вход 51,0 тыс ₸, выход 100,0 тыс ₸; отдаёт больше наблюдаемого входа — вероятны внешние поступления"
100000002592567100,peripheral,0.9000,4,0.482495,"Признаков ролей нет: 1 отправителей, 2 получателей; вход 5,3 тыс ₸, выход 48,6 тыс ₸; отдаёт больше наблюдаемого входа — вероятны внешние поступления"
100000001373265100,peripheral,0.9000,6,0.482426,"Признаков ролей нет: 1 отправителей, 1 получателей; вход 142,5 тыс ₸, выход 5,0 тыс ₸"
100000003152964100,peripheral,0.9000,6,0.482311,"Признаков ролей нет: 1 отправителей, 1 получателей; вход 141,8 тыс ₸, выход 5,5 тыс ₸"
100000005317181100,peripheral,0.9000,0,0.482196,"Признаков ролей нет: 1 отправителей, 1 получателей; вход 141,2 тыс ₸, выход 14,5 тыс ₸"
100000001252290100,peripheral,0.9000,5,0.481966,"Признаков ролей нет: 1 отправителей, 1 получателей; вход 141,0 тыс ₸, выход 5,0 тыс ₸"
100000001904863100,terminal,0.8333,14,0.481793,"Гипотеза конечного получателя: вход 500,0 тыс ₸, выход 0; колено 2; вход 500,0 тыс ₸, выход 0,00 ₸"
100000002513028100,peripheral,0.8500,60,0.481620,"Признаков ролей нет: 1 отправителей, 3 получателей; вход 9,5 тыс ₸, выход 332,7 тыс ₸; отдаёт больше наблюдаемого входа — вероятны внешние поступления"
100000003204491100,peripheral,0.7143,0,0.481390,"Признаков ролей нет: 1 отправителей, 1 получателей; вход 140,0 тыс ₸, выход 100,0 тыс ₸"
100000008418835100,peripheral,0.8000,15,0.481264,"Признаков ролей нет: 1 отправителей, 4 получателей; вход 1,4 млн ₸, выход 186,2 тыс ₸; seed: входящие неполные"
100000003157679100,terminal,0.9017,2,0.481115,"Гипотеза конечного получателя: вход 541,0 тыс ₸, выход 0; колено 3; вход 541,0 тыс ₸, выход 0,00 ₸"
100000008775471100,terminal,0.9667,21,0.481005,"Гипотеза конечного получателя: вход 580,0 тыс ₸, выход 0; колено 3; вход 580,0 тыс ₸, выход 0,00 ₸"
100000002603769100,terminal,1.0000,0,0.480838,"Гипотеза конечного получателя: вход 1,2 млн ₸, выход 0; колено 1; вход 1,2 млн ₸, выход 0,00 ₸"
100000001526235100,peripheral,0.6000,26,0.480562,"Признаков ролей нет: 3 отправителей, 8 получателей; вход 82,0 тыс ₸, выход 432,8 тыс ₸; отдаёт больше наблюдаемого входа — вероятны внешние поступления"
100000000201868100,transit,1.0000,54,0.480101,"Признаки транзита: дальше 100% входа (коридор 80–120%); вход 190,0 тыс ₸, выход 190,0 тыс ₸"
100000002575080100,transit,0.9038,15,0.479922,"Признаки транзита: дальше 96% входа (коридор 80–120%); вход 13,0 тыс ₸, выход 12,5 тыс ₸"
100000003163886100,terminal,0.8333,55,0.479722,"Гипотеза конечного получателя: вход 500,0 тыс ₸, выход 0; колено 3; вход 500,0 тыс ₸, выход 0,00 ₸"
100000007534354100,peripheral,0.8500,9,0.479595,"Признаков ролей нет: 1 отправителей, 3 получателей; вход 50,0 тыс ₸, выход 147,8 тыс ₸; отдаёт больше наблюдаемого входа — вероятны внешние поступления"
100000008732488100,peripheral,0.9000,6,0.479434,"Признаков ролей нет: 1 отправителей, 1 получателей; вход 137,0 тыс ₸, выход 10,0 тыс ₸"
100000001875167100,terminal,1.0000,5,0.478996,"Гипотеза конечного получателя: вход 1,0 млн ₸, выход 0; колено 3; вход 1,0 млн ₸, выход 0,00 ₸"
100000003964910100,terminal,1.0000,16,0.478996,"Гипотеза конечного получателя: вход 1,0 млн ₸, выход 0; колено 3; вход 1,0 млн ₸, выход 0,00 ₸"
100000006165886100,peripheral,0.8000,0,0.478398,"Признаков ролей нет: 2 отправителей, 1 получателей; вход 184,5 тыс ₸, выход 75,0 тыс ₸"
100000007311010100,peripheral,0.8000,3,0.478145,"Признаков ролей нет: 2 отправителей, 1 получателей; вход 64,5 тыс ₸, выход 20,0 тыс ₸"
100000000076451100,peripheral,0.7000,15,0.477707,"Признаков ролей нет: 3 отправителей, 4 получателей; вход 87,7 тыс ₸, выход 58,0 тыс ₸"
100000008468762100,peripheral,0.7167,21,0.477615,"Признаков ролей нет: 2 отправителей, 0 получателей; вход 170,0 тыс ₸, выход 0,00 ₸"
100000001567366100,terminal,1.0000,4,0.477155,"Гипотеза конечного получателя: вход 824,1 тыс ₸, выход 0; колено 1; вход 824,1 тыс ₸, выход 0,00 ₸"
100000007281639100,peripheral,0.6387,4,0.476073,"Признаков ролей нет: 2 отправителей, 0 получателей; вход 216,8 тыс ₸, выход 0,00 ₸"
100000001611488100,terminal,1.0000,5,0.476004,"Гипотеза конечного получателя: вход 779,3 тыс ₸, выход 0; колено 3; вход 779,3 тыс ₸, выход 0,00 ₸"
100000002692750100,peripheral,0.7000,8,0.475774,"Признаков ролей нет: 3 отправителей, 1 получателей; вход 112,8 тыс ₸, выход 77,0 тыс ₸"
100000002605548100,peripheral,0.8000,11,0.475751,"Признаков ролей нет: 2 отправителей, 0 получателей; вход 116,7 тыс ₸, выход 0,00 ₸"
100000001690558100,terminal,1.0000,17,0.475314,"Гипотеза конечного получателя: вход 740,0 тыс ₸, выход 0; колено 3; вход 740,0 тыс ₸, выход 0,00 ₸"
100000004451012100,peripheral,0.6988,17,0.475314,"Признаков ролей нет: 1 отправителей, 3 получателей; вход 91,2 тыс ₸, выход 65,7 тыс ₸"
100000002565277100,terminal,0.8055,3,0.474543,"Гипотеза конечного получателя: вход 483,3 тыс ₸, выход 0; колено 1; вход 483,3 тыс ₸, выход 0,00 ₸"
100000001637376100,peripheral,0.9000,5,0.473449,"Признаков ролей нет: 1 отправителей, 1 получателей; вход 116,7 тыс ₸, выход 234,2 тыс ₸; отдаёт больше наблюдаемого входа — вероятны внешние поступления"
100000000507799100,peripheral,0.9000,38,0.473265,"Признаков ролей нет: 1 отправителей, 1 получателей; вход 5,1 тыс ₸, выход 8,0 тыс ₸; отдаёт больше наблюдаемого входа — вероятны внешние поступления"
100000008583360100,peripheral,0.9000,7,0.472298,"Признаков ролей нет: 1 отправителей, 1 получателей; вход 112,8 тыс ₸, выход 170,0 тыс ₸; отдаёт больше наблюдаемого входа — вероятны внешние поступления"
100000002799941100,terminal,1.0000,17,0.472206,"Гипотеза конечного получателя: вход 600,0 тыс ₸, выход 0; колено 3; вход 600,0 тыс ₸, выход 0,00 ₸"
100000004737764100,terminal,1.0000,3,0.472206,"Гипотеза конечного получателя: вход 600,0 тыс ₸, выход 0; колено 3; вход 600,0 тыс ₸, выход 0,00 ₸"
100000008501413100,transit,0.9500,33,0.472110,"Признаки транзита: дальше 102% входа (коридор 80–120%); вход 5,0 тыс ₸, выход 5,1 тыс ₸"
100000003484058100,peripheral,0.9000,14,0.471493,"Признаков ролей нет: 1 отправителей, 1 получателей; вход 110,0 тыс ₸, выход 6,0 тыс ₸"
100000001427082100,peripheral,0.7500,22,0.470434,"Признаков ролей нет: 1 отправителей, 5 получателей; вход 5,0 тыс ₸, выход 124,9 тыс ₸; отдаёт больше наблюдаемого входа — вероятны внешние поступления"
100000003215448100,peripheral,0.8951,6,0.470365,"Признаков ролей нет: 1 отправителей, 2 получателей; вход 91,3 тыс ₸, выход 124,0 тыс ₸; отдаёт больше наблюдаемого входа — вероятны внешние поступления"
100000002679516100,peripheral,0.7000,12,0.470342,"Признаков ролей нет: 3 отправителей, 0 получателей; вход 102,3 тыс ₸, выход 0,00 ₸"
100000002537811100,peripheral,0.9000,11,0.470020,"Признаков ролей нет: 1 отправителей, 1 получателей; вход 52,0 тыс ₸, выход 15,0 тыс ₸"
100000004417753100,peripheral,0.6798,3,0.469513,"Признаков ролей нет: 2 отправителей, 0 получателей; вход 192,1 тыс ₸, выход 0,00 ₸"
100000004744306100,peripheral,0.8333,19,0.469490,"Признаков ролей нет: 1 отправителей, 2 получателей; вход 69,0 тыс ₸, выход 92,0 тыс ₸; отдаёт больше наблюдаемого входа — вероятны внешние поступления"
100000002697752100,peripheral,0.6820,6,0.469168,"Признаков ролей нет: 2 отправителей, 0 получателей; вход 190,8 тыс ₸, выход 0,00 ₸"
100000008595687100,peripheral,0.9000,4,0.469076,"Признаков ролей нет: 1 отправителей, 1 получателей; вход 64,4 тыс ₸, выход 10,4 тыс ₸"
100000002175422100,peripheral,0.7000,31,0.468777,"Признаков ролей нет: 3 отправителей, 6 получателей; вход 68,5 тыс ₸, выход 1,6 млн ₸; отдаёт больше наблюдаемого входа — вероятны внешние поступления"
100000002479804100,peripheral,0.5815,3,0.468500,"Признаков ролей нет: 1 отправителей, 2 получателей; вход 46,0 тыс ₸, выход 35,3 тыс ₸"
100000002712416100,peripheral,0.8000,9,0.468454,"Признаков ролей нет: 2 отправителей, 0 получателей; вход 116,8 тыс ₸, выход 0,00 ₸"
100000003171006100,terminal,0.8083,2,0.467536,"Гипотеза конечного получателя: вход 485,0 тыс ₸, выход 0; колено 3; вход 485,0 тыс ₸, выход 0,00 ₸"
100000007797290100,peripheral,0.9000,0,0.467004,"Признаков ролей нет: 1 отправителей, 1 получателей; вход 100,0 тыс ₸, выход 20,0 тыс ₸"
100000004677680100,peripheral,0.8000,11,0.466935,"Признаков ролей нет: 2 отправителей, 1 получателей; вход 63,0 тыс ₸, выход 168,0 тыс ₸; отдаёт больше наблюдаемого входа — вероятны внешние поступления"
100000006755850100,terminal,0.7391,5,0.466751,"Гипотеза конечного получателя: вход 443,5 тыс ₸, выход 0; колено 2; вход 443,5 тыс ₸, выход 0,00 ₸"
100000002156381100,peripheral,0.8000,33,0.466268,"Признаков ролей нет: 2 отправителей, 1 получателей; вход 61,0 тыс ₸, выход 21,8 тыс ₸"
100000003154105100,peripheral,0.6500,22,0.463068,"Признаков ролей нет: 1 отправителей, 7 получателей; вход 60,0 тыс ₸, выход 338,0 тыс ₸; отдаёт больше наблюдаемого входа — вероятны внешние поступления"
100000002570206100,peripheral,0.7217,16,0.462953,"Признаков ролей нет: 2 отправителей, 0 получателей; вход 167,0 тыс ₸, выход 0,00 ₸"
100000008708207100,terminal,0.7750,2,0.462824,"Гипотеза конечного получателя: вход 465,0 тыс ₸, выход 0; колено 3; вход 465,0 тыс ₸, выход 0,00 ₸"
100000006641671100,transit,0.6591,6,0.462745,"Признаки транзита: дальше 114% входа (коридор 80–120%); вход 22,0 тыс ₸, выход 25,0 тыс ₸"
100000007591246100,peripheral,0.9000,13,0.462677,"Признаков ролей нет: 1 отправителей, 1 получателей; вход 12,2 тыс ₸, выход 120,0 тыс ₸; отдаёт больше наблюдаемого входа — вероятны внешние поступления"
100000002681544100,peripheral,0.7232,10,0.462608,"Признаков ролей нет: 2 отправителей, 0 получателей; вход 166,1 тыс ₸, выход 0,00 ₸"
100000000254336100,peripheral,0.8000,0,0.462401,"Признаков ролей нет: 2 отправителей, 1 получателей; вход 97,2 тыс ₸, выход 60,0 тыс ₸"
100000004770073100,transit,0.9979,0,0.462397,"Признаки транзита: дальше 100% входа (коридор 80–120%); вход 5,5 тыс ₸, выход 5,5 тыс ₸"
100000004114962100,peripheral,0.7250,5,0.462378,"Признаков ролей нет: 2 отправителей, 0 получателей; вход 165,0 тыс ₸, выход 0,00 ₸"
100000001884825100,terminal,0.8250,2,0.461508,"Гипотеза конечного получателя: вход 495,0 тыс ₸, выход 0; колено 3; вход 495,0 тыс ₸, выход 0,00 ₸"
100000005958064100,peripheral,0.9000,14,0.461434,"Признаков ролей нет: 1 отправителей, 2 получателей; вход 5,7 тыс ₸, выход 164,0 тыс ₸; отдаёт больше наблюдаемого входа — вероятны внешние поступления"
100000004666651100,terminal,0.7154,66,0.461191,"Гипотеза конечного получателя: вход 429,2 тыс ₸, выход 0; колено 2; вход 429,2 тыс ₸, выход 0,00 ₸"
100000005572303100,peripheral,0.9000,4,0.460007,"Признаков ролей нет: 1 отправителей, 1 получателей; вход 75,0 тыс ₸, выход 20,0 тыс ₸"
100000006664478100,transit,0.7727,8,0.459480,"Признаки транзита: дальше 109% входа (коридор 80–120%); вход 55,0 тыс ₸, выход 60,0 тыс ₸"
100000004603109100,peripheral,0.7000,24,0.458142,"Признаков ролей нет: 3 отправителей, 2 получателей; вход 2,7 млн ₸, выход 400,0 тыс ₸"
100000004221668100,peripheral,0.6000,8,0.458096,"Признаков ролей нет: 4 отправителей, 3 получателей; вход 1,1 млн ₸, выход 731,4 тыс ₸"
100000003406094100,peripheral,0.8214,4,0.457728,"Признаков ролей нет: 1 отправителей, 3 получателей; вход 70,0 тыс ₸, выход 47,0 тыс ₸"
100000001965374100,peripheral,0.8000,24,0.457590,"Признаков ролей нет: 2 отправителей, 3 получателей; вход 1,8 млн ₸, выход 3,1 млн ₸; отдаёт больше наблюдаемого входа — вероятны внешние поступления"
100000002815005100,terminal,0.7942,2,0.456709,"Гипотеза конечного получателя: вход 476,5 тыс ₸, выход 0; колено 3; вход 476,5 тыс ₸, выход 0,00 ₸"
100000008555233100,terminal,0.7343,21,0.456541,"Гипотеза конечного получателя: вход 440,6 тыс ₸, выход 0; колено 3; вход 440,6 тыс ₸, выход 0,00 ₸"
100000004004621100,peripheral,0.7000,13,0.456186,"Признаков ролей нет: 3 отправителей, 0 получателей; вход 75,4 тыс ₸, выход 0,00 ₸"
100000006530134100,peripheral,0.7589,5,0.456048,"Признаков ролей нет: 2 отправителей, 0 получателей; вход 144,7 тыс ₸, выход 0,00 ₸"
100000008730371100,terminal,0.8667,0,0.454844,"Гипотеза конечного получателя: вход 520,0 тыс ₸, выход 0; колено 3; вход 520,0 тыс ₸, выход 0,00 ₸"
100000002958343100,peripheral,0.9000,10,0.454690,"Признаков ролей нет: 1 отправителей, 2 получателей; вход 2,9 млн ₸, выход 1,4 млн ₸"
100000002188829100,terminal,0.6667,3,0.454425,"Гипотеза конечного получателя: вход 400,0 тыс ₸, выход 0; колено 1; вход 400,0 тыс ₸, выход 0,00 ₸"
100000001287955100,peripheral,0.8000,9,0.454114,"Признаков ролей нет: 1 отправителей, 4 получателей; вход 17,5 тыс ₸, выход 310,0 тыс ₸; отдаёт больше наблюдаемого входа — вероятны внешние поступления"
100000004424023100,peripheral,0.9000,9,0.453884,"Признаков ролей нет: 1 отправителей, 1 получателей; вход 50,0 тыс ₸, выход 100,0 тыс ₸; отдаёт больше наблюдаемого входа — вероятны внешние поступления"
100000003221384100,terminal,0.8520,15,0.452977,"Гипотеза конечного получателя: вход 511,2 тыс ₸, выход 0; колено 2; вход 511,2 тыс ₸, выход 0,00 ₸"
100000000583220100,peripheral,0.9000,67,0.452572,"Признаков ролей нет: 1 отправителей, 1 получателей; вход 5,0 тыс ₸, выход 761,3 тыс ₸; отдаёт больше наблюдаемого входа — вероятны внешние поступления"
100000004094958100,transit,0.9359,49,0.452566,"Признаки транзита: дальше 103% входа (коридор 80–120%); вход 39,0 тыс ₸, выход 40,0 тыс ₸"
100000002193259100,peripheral,0.5208,12,0.452020,"Признаков ролей нет: 2 отправителей, 3 получателей; вход 48,0 тыс ₸, выход 58,0 тыс ₸; отдаёт больше наблюдаемого входа — вероятны внешние поступления"
100000000922570100,transit,0.8461,12,0.451170,"Признаки транзита: дальше 106% входа (коридор 80–120%); вход 47,1 тыс ₸, выход 50,0 тыс ₸"
100000003886323100,peripheral,0.8000,4,0.451007,"Признаков ролей нет: 2 отправителей, 1 получателей; вход 78,2 тыс ₸, выход 7,7 тыс ₸"
100000002973903100,peripheral,0.7000,12,0.450800,"Признаков ролей нет: 3 отправителей, 0 получателей; вход 92,9 тыс ₸, выход 0,00 ₸"
100000004905207100,terminal,0.6333,14,0.450738,"Гипотеза конечного получателя: вход 380,0 тыс ₸, выход 0; колено 2; вход 380,0 тыс ₸, выход 0,00 ₸"
100000005357705100,peripheral,0.8000,6,0.449741,"Признаков ролей нет: 1 отправителей, 4 получателей; вход 52,6 тыс ₸, выход 387,1 тыс ₸; отдаёт больше наблюдаемого входа — вероятны внешние поступления"
100000003951827100,peripheral,0.9000,0,0.449511,"Признаков ролей нет: 1 отправителей, 2 получателей; вход 9,0 тыс ₸, выход 17,0 тыс ₸; отдаёт больше наблюдаемого входа — вероятны внешние поступления"
100000004160650100,distributor,0.5000,25,0.449281,"Веерное распределение: 10 получателей (порог 10); вход 75,1 тыс ₸, выход 1,5 млн ₸; отдаёт больше наблюдаемого входа — вероятны внешние поступления"
100000008038077100,terminal,0.8331,5,0.449180,"Гипотеза конечного получателя: вход 499,9 тыс ₸, выход 0; колено 3; вход 499,9 тыс ₸, выход 0,00 ₸"
100000008193258100,peripheral,0.9000,16,0.448590,"Признаков ролей нет: 1 отправителей, 1 получателей; вход 75,0 тыс ₸, выход 30,0 тыс ₸"
100000001601320100,transit,0.8448,10,0.448506,"Признаки транзита: дальше 106% входа (коридор 80–120%); вход 43,5 тыс ₸, выход 46,2 тыс ₸"
100000003163256100,transit,0.7191,4,0.448466,"Признаки транзита: дальше 111% входа (коридор 80–120%); вход 13,5 тыс ₸, выход 15,0 тыс ₸"
100000002731501100,peripheral,0.6500,25,0.448130,"Признаков ролей нет: 3 отправителей, 7 получателей; вход 570,4 тыс ₸, выход 834,0 тыс ₸; отдаёт больше наблюдаемого входа — вероятны внешние поступления"
100000004917367100,peripheral,0.8000,5,0.448107,"Признаков ролей нет: 2 отправителей, 0 получателей; вход 120,0 тыс ₸, выход 0,00 ₸"
100000001872484100,peripheral,0.8500,56,0.447923,"Признаков ролей нет: 1 отправителей, 3 получателей; вход 871,4 тыс ₸, выход 514,6 тыс ₸"
100000003116106100,terminal,0.8234,5,0.447716,"Гипотеза конечного получателя: вход 494,1 тыс ₸, выход 0; колено 3; вход 494,1 тыс ₸, выход 0,00 ₸"
100000005834479100,peripheral,0.9000,6,0.447163,"Признаков ролей нет: 1 отправителей, 2 получателей; вход 7,5 тыс ₸, выход 14,5 тыс ₸; отдаёт больше наблюдаемого входа — вероятны внешние поступления"
100000005308954100,peripheral,0.9000,4,0.447002,"Признаков ролей нет: 1 отправителей, 1 получателей; вход 69,0 тыс ₸, выход 30,0 тыс ₸"
100000002445750100,peripheral,0.9000,0,0.446403,"Признаков ролей нет: 1 отправителей, 1 получателей; вход 70,0 тыс ₸, выход 10,0 тыс ₸"
100000003677936100,peripheral,0.9000,10,0.446403,"Признаков ролей нет: 1 отправителей, 1 получателей; вход 71,0 тыс ₸, выход 13,0 тыс ₸"
100000002989353100,peripheral,0.8942,9,0.446173,"Признаков ролей нет: 1 отправителей, 2 получателей; вход 500,0 тыс ₸, выход 321,2 тыс ₸"
100000007939160100,peripheral,0.9000,44,0.445943,"Признаков ролей нет: 1 отправителей, 2 получателей; вход 795,0 тыс ₸, выход 14,3 тыс ₸"
100000001138283100,peripheral,0.9000,6,0.445460,"Признаков ролей нет: 1 отправителей, 2 получателей; вход 81,8 тыс ₸, выход 50,0 тыс ₸"
100000008493007100,transit,1.0000,1,0.445091,"Признаки транзита: дальше 100% входа (коридор 80–120%); вход 26,1 тыс ₸, выход 26,1 тыс ₸"
100000000724540100,peripheral,0.9000,20,0.444401,"Признаков ролей нет: 1 отправителей, 1 получателей; вход 50,0 тыс ₸, выход 100,0 тыс ₸; отдаёт больше наблюдаемого входа — вероятны внешние поступления"
100000001680944100,terminal,0.6550,21,0.444306,"Гипотеза конечного получателя: вход 393,0 тыс ₸, выход 0; колено 3; вход 393,0 тыс ₸, выход 0,00 ₸"
100000005133757100,peripheral,0.8000,6,0.444217,"Признаков ролей нет: 2 отправителей, 0 получателей; вход 65,0 тыс ₸, выход 0,00 ₸"
100000000607941100,peripheral,0.8000,4,0.443895,"Признаков ролей нет: 2 отправителей, 1 получателей; вход 50,0 тыс ₸, выход 70,0 тыс ₸; отдаёт больше наблюдаемого входа — вероятны внешние поступления"
100000008665380100,peripheral,0.8000,0,0.443526,"Признаков ролей нет: 2 отправителей, 1 получателей; вход 69,1 тыс ₸, выход 18,2 тыс ₸"
100000005756189100,peripheral,0.6135,5,0.441800,"Признаков ролей нет: 1 отправителей, 1 получателей; вход 65,0 тыс ₸, выход 49,0 тыс ₸"
100000003131693100,terminal,0.5888,3,0.441760,"Гипотеза конечного получателя: вход 353,3 тыс ₸, выход 0; колено 1; вход 353,3 тыс ₸, выход 0,00 ₸"
100000003031633100,terminal,0.6900,2,0.441552,"Гипотеза конечного получателя: вход 414,0 тыс ₸, выход 0; колено 3; вход 414,0 тыс ₸, выход 0,00 ₸"
100000000274067100,peripheral,0.8000,10,0.441501,"Признаков ролей нет: 2 отправителей, 3 получателей; вход 517,7 тыс ₸, выход 3,0 млн ₸; отдаёт больше наблюдаемого входа — вероятны внешние поступления"
100000004652395100,peripheral,0.5600,0,0.440626,"Признаков ролей нет: 3 отправителей, 0 получателей; вход 101,5 тыс ₸, выход 0,00 ₸; исходящие не прослежены (колено 4)"
100000002459093100,peripheral,0.9000,8,0.440580,"Признаков ролей нет: 1 отправителей, 1 получателей; вход 500,0 тыс ₸, выход 55,0 тыс ₸"
100000008545727100,peripheral,0.7000,7,0.440580,"Признаков ролей нет: 1 отправителей, 6 получателей; вход 30,0 тыс ₸, выход 1,9 млн ₸; отдаёт больше наблюдаемого входа — вероятны внешние поступления"
100000002548759100,terminal,0.6250,2,0.439705,"Гипотеза конечного получателя: вход 375,0 тыс ₸, выход 0; колено 3; вход 375,0 тыс ₸, выход 0,00 ₸"
100000008647905100,peripheral,0.9000,17,0.438831,"Признаков ролей нет: 1 отправителей, 2 получателей; вход 50,0 тыс ₸, выход 344,2 тыс ₸; отдаёт больше наблюдаемого входа — вероятны внешние поступления"
100000008532050100,terminal,0.7586,5,0.438478,"Гипотеза конечного получателя: вход 455,2 тыс ₸, выход 0; колено 3; вход 455,2 тыс ₸, выход 0,00 ₸"
100000002904919100,peripheral,0.9000,0,0.438347,"Признаков ролей нет: 1 отправителей, 1 получателей; вход 60,3 тыс ₸, выход 5,5 тыс ₸"
100000005614315100,terminal,0.7583,4,0.438332,"Гипотеза конечного получателя: вход 455,0 тыс ₸, выход 0; колено 2; вход 455,0 тыс ₸, выход 0,00 ₸"
100000007617808100,terminal,0.7500,4,0.437012,"Гипотеза конечного получателя: вход 450,0 тыс ₸, выход 0; колено 2; вход 450,0 тыс ₸, выход 0,00 ₸"
100000008655779100,peripheral,0.9000,28,0.436207,"Признаков ролей нет: 1 отправителей, 2 получателей; вход 47,0 тыс ₸, выход 24,7 тыс ₸"
100000004368189100,peripheral,0.9000,9,0.436046,"Признаков ролей нет: 1 отправителей, 2 получателей; вход 384,6 тыс ₸, выход 28,2 тыс ₸"
100000003122817100,terminal,0.7411,27,0.435516,"Гипотеза конечного получателя: вход 444,7 тыс ₸, выход 0; колено 3; вход 444,7 тыс ₸, выход 0,00 ₸"
100000001541418100,peripheral,0.8000,2,0.434987,"Признаков ролей нет: 2 отправителей, 0 получателей; вход 96,9 тыс ₸, выход 0,00 ₸"
100000006169033100,peripheral,0.8500,42,0.434803,"Признаков ролей нет: 1 отправителей, 3 получателей; вход 49,0 тыс ₸, выход 1,1 млн ₸; отдаёт больше наблюдаемого входа — вероятны внешние поступления"
100000008736940100,peripheral,0.7000,43,0.434457,"Признаков ролей нет: 3 отправителей, 3 получателей; вход 451,1 тыс ₸, выход 182,1 тыс ₸"
100000004948177100,terminal,0.7286,4,0.433762,"Гипотеза конечного получателя: вход 437,2 тыс ₸, выход 0; колено 1; вход 437,2 тыс ₸, выход 0,00 ₸"
100000001732159100,peripheral,0.8000,40,0.433755,"Признаков ролей нет: 2 отправителей, 4 получателей; вход 2,4 млн ₸, выход 1,5 млн ₸; seed: входящие неполные"
100000005539201100,peripheral,0.9000,4,0.430590,"Признаков ролей нет: 1 отправителей, 1 получателей; вход 45,5 тыс ₸, выход 25,0 тыс ₸"
100000000933075100,peripheral,0.9000,12,0.429002,"Признаков ролей нет: 1 отправителей, 2 получателей; вход 40,0 тыс ₸, выход 55,0 тыс ₸; отдаёт больше наблюдаемого входа — вероятны внешние поступления"
100000008514970100,peripheral,0.9000,20,0.428358,"Признаков ролей нет: 1 отправителей, 1 получателей; вход 380,0 тыс ₸, выход 31,0 тыс ₸"
100000004226848100,terminal,0.5031,3,0.428287,"Гипотеза конечного получателя: вход 301,9 тыс ₸, выход 0; колено 1; вход 301,9 тыс ₸, выход 0,00 ₸"
100000008427027100,terminal,0.5000,3,0.427851,"Гипотеза конечного получателя: вход 300,0 тыс ₸, выход 0; колено 3; вход 300,0 тыс ₸, выход 0,00 ₸"
100000004356593100,peripheral,0.9000,3,0.427414,"Признаков ролей нет: 1 отправителей, 1 получателей; вход 50,0 тыс ₸, выход 10,0 тыс ₸"
100000004388353100,peripheral,0.8000,11,0.425941,"Признаков ролей нет: 2 отправителей, 0 получателей; вход 63,0 тыс ₸, выход 0,00 ₸"
100000000821507100,terminal,0.6667,30,0.424939,"Гипотеза конечного получателя: вход 400,0 тыс ₸, выход 0; колено 2; вход 400,0 тыс ₸, выход 0,00 ₸"
100000003795588100,terminal,0.6667,0,0.424939,"Гипотеза конечного получателя: вход 400,0 тыс ₸, выход 0; колено 3; вход 400,0 тыс ₸, выход 0,00 ₸"
100000003923946100,peripheral,0.8000,8,0.424928,"Признаков ролей нет: 1 отправителей, 4 получателей; вход 282,0 тыс ₸, выход 675,0 тыс ₸; отдаёт больше наблюдаемого входа — вероятны внешние поступления"
100000005857058100,peripheral,0.7000,0,0.424859,"Признаков ролей нет: 3 отправителей, 0 получателей; вход 80,2 тыс ₸, выход 0,00 ₸"
100000006994985100,peripheral,0.9000,8,0.423593,"Признаков ролей нет: 1 отправителей, 1 получателей; вход 48,5 тыс ₸, выход 10,2 тыс ₸"
100000001009583100,terminal,0.6562,5,0.422817,"Гипотеза конечного получателя: вход 393,7 тыс ₸, выход 0; колено 3; вход 393,7 тыс ₸, выход 0,00 ₸"
100000005386383100,peripheral,0.8000,19,0.422707,"Признаков ролей нет: 2 отправителей, 1 получателей; вход 37,5 тыс ₸, выход 29,0 тыс ₸; seed: входящие неполные"
100000005664922100,peripheral,0.8000,24,0.422465,"Признаков ролей нет: 2 отправителей, 3 получателей; вход 22,0 тыс ₸, выход 537,0 тыс ₸; отдаёт больше наблюдаемого входа — вероятны внешние поступления"
100000002508637100,peripheral,0.9000,20,0.422028,"Признаков ролей нет: 1 отправителей, 1 получателей; вход 306,4 тыс ₸, выход 8,0 тыс ₸"
100000002527114100,distributor,1.0000,1,0.420946,"Веерное распределение: 111 получателей (порог 10); вход 129,0 тыс ₸, выход 3,3 млн ₸; seed: входящие неполные"
100000002611334100,peripheral,0.9000,0,0.420739,"Признаков ролей нет: 1 отправителей, 1 получателей; вход 48,3 тыс ₸, выход 15,5 тыс ₸"
100000007647294100,terminal,0.6417,35,0.420396,"Гипотеза конечного получателя: вход 385,0 тыс ₸, выход 0; колено 3; вход 385,0 тыс ₸, выход 0,00 ₸"
100000002373144100,peripheral,0.9000,0,0.417631,"Признаков ролей нет: 1 отправителей, 1 получателей; вход 46,5 тыс ₸, выход 10,8 тыс ₸"
100000003835149100,peripheral,0.9000,24,0.416504,"Признаков ролей нет: 1 отправителей, 2 получателей; вход 248,5 тыс ₸, выход 4,6 млн ₸; отдаёт больше наблюдаемого входа — вероятны внешние поступления"
100000005413948100,peripheral,0.8000,2,0.416343,"Признаков ролей нет: 2 отправителей, 1 получателей; вход 28,2 тыс ₸, выход 5,0 тыс ₸"
100000007322059100,peripheral,0.5603,32,0.416296,"Признаков ролей нет: 2 отправителей, 1 получателей; вход 29,0 тыс ₸, выход 22,5 тыс ₸"
100000001703168100,peripheral,0.9000,3,0.416135,"Признаков ролей нет: 1 отправителей, 1 получателей; вход 45,0 тыс ₸, выход 90,0 тыс ₸; отдаёт больше наблюдаемого входа — вероятны внешние поступления"
100000004193835100,peripheral,0.9000,4,0.415957,"Признаков ролей нет: 1 отправителей, 1 получателей; вход 47,0 тыс ₸, выход 5,0 тыс ₸; seed: входящие неполные"
100000001063678100,peripheral,0.9000,23,0.415606,"Признаков ролей нет: 1 отправителей, 2 получателей; вход 35,0 тыс ₸, выход 90,0 тыс ₸; отдаёт больше наблюдаемого входа — вероятны внешние поступления"
100000008571443100,peripheral,0.8000,13,0.414731,"Признаков ролей нет: 2 отправителей, 0 получателей; вход 65,0 тыс ₸, выход 0,00 ₸"
100000007898453100,peripheral,0.9000,3,0.414271,"Признаков ролей нет: 1 отправителей, 2 получателей; вход 24,8 тыс ₸, выход 320,0 тыс ₸; отдаёт больше наблюдаемого входа — вероятны внешние поступления"
100000008295429100,terminal,0.5867,5,0.411942,"Гипотеза конечного получателя: вход 352,0 тыс ₸, выход 0; колено 3; вход 352,0 тыс ₸, выход 0,00 ₸"
100000001733687100,terminal,0.5000,2,0.411762,"Гипотеза конечного получателя: вход 300,0 тыс ₸, выход 0; колено 3; вход 300,0 тыс ₸, выход 0,00 ₸"
100000003798151100,terminal,0.5833,4,0.411360,"Гипотеза конечного получателя: вход 350,0 тыс ₸, выход 0; колено 2; вход 350,0 тыс ₸, выход 0,00 ₸"
100000003044431100,peripheral,0.8000,3,0.411048,"Признаков ролей нет: 2 отправителей, 0 получателей; вход 60,0 тыс ₸, выход 0,00 ₸"
100000004698193100,peripheral,0.8000,8,0.410864,"Признаков ролей нет: 2 отправителей, 3 получателей; вход 222,7 тыс ₸, выход 38,0 тыс ₸"
100000002521039100,terminal,0.5823,0,0.410796,"Гипотеза конечного получателя: вход 349,4 тыс ₸, выход 0; колено 3; вход 349,4 тыс ₸, выход 0,00 ₸"
100000004692798100,peripheral,0.8000,12,0.408447,"Признаков ролей нет: 2 отправителей, 1 получателей; вход 240,3 тыс ₸, выход 15,0 тыс ₸"
100000001382002100,transit,0.9318,0,0.407597,"Признаки транзита: дальше 103% входа (коридор 80–120%); вход 55,0 тыс ₸, выход 56,5 тыс ₸"
100000005182219100,peripheral,0.8000,5,0.407135,"Признаков ролей нет: 2 отправителей, 0 получателей; вход 55,0 тыс ₸, выход 0,00 ₸"
100000005942793100,peripheral,0.6000,0,0.407135,"Признаков ролей нет: 4 отправителей, 0 получателей; вход 55,0 тыс ₸, выход 0,00 ₸"
100000008088082100,peripheral,0.6938,13,0.407043,"Признаков ролей нет: 1 отправителей, 1 получателей; вход 39,1 тыс ₸, выход 50,0 тыс ₸; отдаёт больше наблюдаемого входа — вероятны внешние поступления"
100000000795129100,terminal,0.5533,15,0.406414,"Гипотеза конечного получателя: вход 332,0 тыс ₸, выход 0; колено 2; вход 332,0 тыс ₸, выход 0,00 ₸"
100000002580377100,peripheral,0.9000,4,0.405893,"Признаков ролей нет: 1 отправителей, 1 получателей; вход 37,8 тыс ₸, выход 5,0 тыс ₸"
100000004664905100,terminal,0.5484,4,0.405331,"Гипотеза конечного получателя: вход 329,0 тыс ₸, выход 0; колено 1; вход 329,0 тыс ₸, выход 0,00 ₸"
100000003920950100,terminal,0.5388,10,0.403877,"Гипотеза конечного получателя: вход 323,3 тыс ₸, выход 0; колено 3; вход 323,3 тыс ₸, выход 0,00 ₸"
100000008486520100,peripheral,0.9000,4,0.403361,"Признаков ролей нет: 1 отправителей, 1 получателей; вход 35,7 тыс ₸, выход 14,0 тыс ₸"
100000000569479100,terminal,0.5333,0,0.403078,"Гипотеза конечного получателя: вход 320,0 тыс ₸, выход 0; колено 3; вход 320,0 тыс ₸, выход 0,00 ₸"
100000002633108100,terminal,0.5333,14,0.403078,"Гипотеза конечного получателя: вход 320,0 тыс ₸, выход 0; колено 3; вход 320,0 тыс ₸, выход 0,00 ₸"
100000000267734100,peripheral,0.6500,10,0.402164,"Признаков ролей нет: 2 отправителей, 7 получателей; вход 180,0 тыс ₸, выход 282,0 тыс ₸; отдаёт больше наблюдаемого входа — вероятны внешние поступления"
100000003060517100,terminal,0.5266,16,0.402039,"Гипотеза конечного получателя: вход 316,0 тыс ₸, выход 0; колено 3; вход 316,0 тыс ₸, выход 0,00 ₸"
100000002371751100,peripheral,0.6250,61,0.400852,"Признаков ролей нет: 1 отправителей, 1 получателей; вход 200,0 тыс ₸, выход 250,0 тыс ₸; отдаёт больше наблюдаемого входа — вероятны внешние поступления"
100000002736033100,peripheral,0.9000,16,0.400714,"Признаков ролей нет: 1 отправителей, 1 получателей; вход 34,5 тыс ₸, выход 11,0 тыс ₸"
100000004750321100,peripheral,0.8000,7,0.400575,"Признаков ролей нет: 2 отправителей, 0 получателей; вход 50,2 тыс ₸, выход 0,00 ₸"
100000003724440100,peripheral,0.8000,3,0.400345,"Признаков ролей нет: 2 отправителей, 0 получателей; вход 50,0 тыс ₸, выход 0,00 ₸"
100000008579978100,peripheral,0.9000,5,0.400253,"Признаков ролей нет: 1 отправителей, 1 получателей; вход 34,0 тыс ₸, выход 77,0 тыс ₸; отдаёт больше наблюдаемого входа — вероятны внешние поступления"
100000002126791100,peripheral,0.7200,2,0.400000,"Признаков ролей нет: 1 отправителей, 0 получателей; вход 1,3 млн ₸, выход 0,00 ₸; исходящие не прослежены (колено 4)"
100000005619339100,transit,0.7787,4,0.399806,"Признаки транзита: дальше 109% входа (коридор 80–120%); вход 5,0 тыс ₸, выход 5,4 тыс ₸"
100000001411870100,terminal,1.0000,8,0.399494,"Гипотеза конечного получателя: вход 900,0 тыс ₸, выход 0; колено 1; вход 900,0 тыс ₸, выход 0,00 ₸"
100000006967370100,peripheral,0.9000,16,0.398757,"Признаков ролей нет: 1 отправителей, 1 получателей; вход 33,2 тыс ₸, выход 13,5 тыс ₸"
100000002872399100,terminal,1.0000,10,0.398550,"Гипотеза конечного получателя: вход 1,1 млн ₸, выход 0; колено 3; вход 1,1 млн ₸, выход 0,00 ₸"
100000002556775100,terminal,0.5000,5,0.398366,"Гипотеза конечного получателя: вход 300,0 тыс ₸, выход 0; колено 3; вход 300,0 тыс ₸, выход 0,00 ₸"
100000002911170100,terminal,0.5000,30,0.398366,"Гипотеза конечного получателя: вход 300,0 тыс ₸, выход 0; колено 2; вход 300,0 тыс ₸, выход 0,00 ₸"
100000002753146100,terminal,1.0000,9,0.398113,"Гипотеза конечного получателя: вход 803,5 тыс ₸, выход 0; колено 3; вход 803,5 тыс ₸, выход 0,00 ₸"
100000002722108100,terminal,1.0000,9,0.397997,"Гипотеза конечного получателя: вход 800,0 тыс ₸, выход 0; колено 3; вход 800,0 тыс ₸, выход 0,00 ₸"
100000002748761100,terminal,1.0000,9,0.397882,"Гипотеза конечного получателя: вход 796,8 тыс ₸, выход 0; колено 3; вход 796,8 тыс ₸, выход 0,00 ₸"
100000004877085100,peripheral,0.8500,13,0.397169,"Признаков ролей нет: 1 отправителей, 3 получателей; вход 25,0 тыс ₸, выход 95,6 тыс ₸; отдаёт больше наблюдаемого входа — вероятны внешние поступления"
100000004399686100,terminal,1.0000,24,0.395673,"Гипотеза конечного получателя: вход 806,0 тыс ₸, выход 0; колено 3; вход 806,0 тыс ₸, выход 0,00 ₸"
100000004779204100,peripheral,0.8580,0,0.394959,"Признаков ролей нет: 1 отправителей, 1 получателей; вход 30,4 тыс ₸, выход 20,0 тыс ₸"
100000003977183100,peripheral,0.8000,8,0.394879,"Признаков ролей нет: 2 отправителей, 4 получателей; вход 123,8 тыс ₸, выход 766,0 тыс ₸; seed: входящие неполные"
100000002622822100,peripheral,0.7200,21,0.394015,"Признаков ролей нет: 1 отправителей, 0 получателей; вход 750,0 тыс ₸, выход 0,00 ₸; исходящие не прослежены (колено 4)"
100000001490461100,peripheral,0.9000,7,0.393831,"Признаков ролей нет: 1 отправителей, 1 получателей; вход 20,0 тыс ₸, выход 5,0 тыс ₸"
100000005183943100,terminal,1.0000,44,0.392335,"Гипотеза конечного получателя: вход 680,9 тыс ₸, выход 0; колено 1; вход 680,9 тыс ₸, выход 0,00 ₸"
100000008497298100,terminal,1.0000,2,0.391069,"Гипотеза конечного получателя: вход 600,0 тыс ₸, выход 0; колено 2; вход 600,0 тыс ₸, выход 0,00 ₸"
100000008193577100,peripheral,0.7500,43,0.390908,"Признаков ролей нет: 2 отправителей, 5 получателей; вход 154,3 тыс ₸, выход 480,2 тыс ₸; отдаёт больше наблюдаемого входа — вероятны внешние поступления"
100000002884708100,peripheral,0.7200,2,0.390632,"Признаков ролей нет: 1 отправителей, 0 получателей; вход 1,2 млн ₸, выход 0,00 ₸; исходящие не прослежены (колено 4)"
100000003164661100,terminal,0.9937,29,0.389957,"Гипотеза конечного получателя: вход 596,2 тыс ₸, выход 0; колено 3; вход 596,2 тыс ₸, выход 0,00 ₸"
100000003975102100,peripheral,0.9000,4,0.388025,"Признаков ролей нет: 1 отправителей, 2 получателей; вход 25,6 тыс ₸, выход 88,5 тыс ₸; seed: входящие неполные"
100000002696152100,peripheral,0.9000,33,0.387570,"Признаков ролей нет: 1 отправителей, 2 получателей; вход 21,8 тыс ₸, выход 69,0 тыс ₸; отдаёт больше наблюдаемого входа — вероятны внешние поступления"
100000004552204100,peripheral,0.9000,32,0.387501,"Признаков ролей нет: 1 отправителей, 2 получателей; вход 22,5 тыс ₸, выход 10,0 тыс ₸"
100000003574895100,peripheral,0.7122,0,0.387248,"Признаков ролей нет: 1 отправителей, 1 получателей; вход 28,0 тыс ₸, выход 20,0 тыс ₸"
100000005077484100,peripheral,0.9000,29,0.387133,"Признаков ролей нет: 1 отправителей, 2 получателей; вход 150,0 тыс ₸, выход 13,6 тыс ₸"
100000003221510100,peripheral,0.9000,0,0.386926,"Признаков ролей нет: 1 отправителей, 2 получателей; вход 24,0 тыс ₸, выход 120,0 тыс ₸; отдаёт больше наблюдаемого входа — вероятны внешние поступления"
100000003054328100,peripheral,0.9000,9,0.384970,"Признаков ролей нет: 1 отправителей, 2 получателей; вход 140,0 тыс ₸, выход 193,7 тыс ₸; отдаёт больше наблюдаемого входа — вероятны внешние поступления"
100000001380054100,peripheral,0.8000,29,0.384808,"Признаков ролей нет: 2 отправителей, 3 получателей; вход 127,0 тыс ₸, выход 360,0 тыс ₸; отдаёт больше наблюдаемого входа — вероятны внешние поступления"
100000002970466100,peripheral,0.9000,0,0.383128,"Признаков ролей нет: 1 отправителей, 2 получателей; вход 23,3 тыс ₸, выход 93,0 тыс ₸; отдаёт больше наблюдаемого входа — вероятны внешние поступления"
100000008757369100,peripheral,0.9000,0,0.382069,"Признаков ролей нет: 1 отправителей, 1 получателей; вход 26,0 тыс ₸, выход 58,4 тыс ₸; отдаёт больше наблюдаемого входа — вероятны внешние поступления"
100000001677929100,peripheral,0.7000,10,0.381655,"Признаков ролей нет: 3 отправителей, 2 получателей; вход 126,8 тыс ₸, выход 286,1 тыс ₸; отдаёт больше наблюдаемого входа — вероятны внешние поступления"
100000004975919100,peripheral,0.8222,6,0.381057,"Признаков ролей нет: 1 отправителей, 2 получателей; вход 22,4 тыс ₸, выход 15,0 тыс ₸"
100000004278574100,peripheral,0.9000,5,0.380688,"Признаков ролей нет: 1 отправителей, 1 получателей; вход 25,0 тыс ₸, выход 12,5 тыс ₸"
100000005075949100,peripheral,0.7200,47,0.380688,"Признаков ролей нет: 1 отправителей, 0 получателей; вход 2,2 млн ₸, выход 0,00 ₸; исходящие не прослежены (колено 4)"
100000005233755100,peripheral,0.9000,16,0.380688,"Признаков ролей нет: 1 отправителей, 1 получателей; вход 25,0 тыс ₸, выход 5,0 тыс ₸"
100000001053894100,peripheral,0.7200,39,0.380228,"Признаков ролей нет: 1 отправителей, 0 получателей; вход 2,0 млн ₸, выход 0,00 ₸; исходящие не прослежены (колено 4)"
100000002648315100,peripheral,0.9000,10,0.379998,"Признаков ролей нет: 1 отправителей, 2 получателей; вход 132,0 тыс ₸, выход 76,0 тыс ₸"
100000008175078100,peripheral,0.7200,36,0.379883,"Признаков ролей нет: 1 отправителей, 0 получателей; вход 1,8 млн ₸, выход 0,00 ₸; исходящие не прослежены (колено 4)"
100000008517061100,peripheral,0.7200,14,0.379768,"Признаков ролей нет: 1 отправителей, 0 получателей; вход 1,8 млн ₸, выход 0,00 ₸; исходящие не прослежены (колено 4)"
100000005523088100,terminal,1.0000,19,0.379359,"Гипотеза конечного получателя: вход 700,0 тыс ₸, выход 0; колено 0; вход 700,0 тыс ₸, выход 0,00 ₸; seed: входящие неполные"
100000001131403100,peripheral,0.7200,57,0.379077,"Признаков ролей нет: 1 отправителей, 0 получателей; вход 1,6 млн ₸, выход 0,00 ₸; исходящие не прослежены (колено 4)"
100000008232832100,peripheral,0.9000,40,0.378755,"Признаков ролей нет: 1 отправителей, 1 получателей; вход 337,0 тыс ₸, выход 138,0 тыс ₸"
100000005402643100,peripheral,0.7394,2,0.378617,"Признаков ролей нет: 1 отправителей, 1 получателей; вход 127,8 тыс ₸, выход 90,0 тыс ₸"
100000007131370100,transit,1.0000,15,0.378479,"Признаки транзита: дальше 100% входа (коридор 80–120%); вход 30,0 тыс ₸, выход 30,0 тыс ₸"
100000003220685100,peripheral,0.7200,5,0.377926,"Признаков ролей нет: 1 отправителей, 0 получателей; вход 1,3 млн ₸, выход 0,00 ₸; исходящие не прослежены (колено 4)"
100000000703894100,peripheral,0.9000,29,0.377834,"Признаков ролей нет: 1 отправителей, 1 получателей; вход 120,0 тыс ₸, выход 35,0 тыс ₸"
100000004035925100,peripheral,0.7200,64,0.376660,"Признаков ролей нет: 1 отправителей, 0 получателей; вход 1,1 млн ₸, выход 0,00 ₸; исходящие не прослежены (колено 4)"
100000005767403100,peripheral,0.7200,34,0.376430,"Признаков ролей нет: 1 отправителей, 0 получателей; вход 1,1 млн ₸, выход 0,00 ₸; исходящие не прослежены (колено 4)"
100000006638021100,peripheral,0.6400,48,0.376407,"Признаков ролей нет: 2 отправителей, 0 получателей; вход 388,5 тыс ₸, выход 0,00 ₸; исходящие не прослежены (колено 4)"
100000000375150100,peripheral,0.7200,13,0.376108,"Признаков ролей нет: 1 отправителей, 0 получателей; вход 300,0 тыс ₸, выход 0,00 ₸; исходящие не прослежены (колено 4)"
100000002671326100,peripheral,0.7200,2,0.375739,"Признаков ролей нет: 1 отправителей, 0 получателей; вход 1,1 млн ₸, выход 0,00 ₸; исходящие не прослежены (колено 4)"
100000002594214100,peripheral,0.7200,39,0.375509,"Признаков ролей нет: 1 отправителей, 0 получателей; вход 1,0 млн ₸, выход 0,00 ₸; исходящие не прослежены (колено 4)"
100000005042822100,peripheral,0.7200,31,0.375509,"Признаков ролей нет: 1 отправителей, 0 получателей; вход 1,0 млн ₸, выход 0,00 ₸; исходящие не прослежены (колено 4)"
100000002748180100,peripheral,0.6000,9,0.374980,"Признаков ролей нет: 1 отправителей, 8 получателей; вход 9,9 тыс ₸, выход 679,7 тыс ₸; отдаёт больше наблюдаемого входа — вероятны внешние поступления"
100000003718715100,peripheral,0.7200,13,0.374819,"Признаков ролей нет: 1 отправителей, 0 получателей; вход 915,0 тыс ₸, выход 0,00 ₸; исходящие не прослежены (колено 4)"
100000004931931100,peripheral,0.9000,0,0.374358,"Признаков ролей нет: 1 отправителей, 1 получателей; вход 23,9 тыс ₸, выход 45,0 тыс ₸; отдаёт больше наблюдаемого входа — вероятны внешние поступления"
100000002733905100,peripheral,0.7000,1,0.374266,"Признаков ролей нет: 3 отправителей, 2 получателей; вход 100,0 тыс ₸, выход 717,8 тыс ₸; отдаёт больше наблюдаемого входа — вероятны внешние поступления"
100000007953156100,peripheral,0.9000,14,0.373161,"Признаков ролей нет: 1 отправителей, 1 получателей; вход 18,0 тыс ₸, выход 10,0 тыс ₸"
100000003001564100,peripheral,0.9000,4,0.372517,"Признаков ролей нет: 1 отправителей, 1 получателей; вход 23,5 тыс ₸, выход 180,0 тыс ₸; отдаёт больше наблюдаемого входа — вероятны внешние поступления"
100000004586598100,peripheral,0.7200,67,0.372287,"Признаков ролей нет: 1 отправителей, 0 получателей; вход 761,3 тыс ₸, выход 0,00 ₸; исходящие не прослежены (колено 4)"
100000000733940100,peripheral,0.7200,31,0.372172,"Признаков ролей нет: 1 отправителей, 0 получателей; вход 752,0 тыс ₸, выход 0,00 ₸; исходящие не прослежены (колено 4)"
100000002109656100,terminal,0.8333,9,0.371654,"Гипотеза конечного получателя: вход 500,0 тыс ₸, выход 0; колено 3; вход 500,0 тыс ₸, выход 0,00 ₸"
100000002644285100,terminal,0.8333,9,0.371654,"Гипотеза конечного получателя: вход 500,0 тыс ₸, выход 0; колено 3; вход 500,0 тыс ₸, выход 0,00 ₸"
100000000629812100,peripheral,0.8000,55,0.371596,"Признаков ролей нет: 2 отправителей, 0 получателей; вход 22,0 тыс ₸, выход 0,00 ₸"
100000003736419100,peripheral,0.9000,0,0.371596,"Признаков ролей нет: 1 отправителей, 1 получателей; вход 23,3 тыс ₸, выход 10,0 тыс ₸"
100000004183610100,peripheral,0.9000,13,0.371573,"Признаков ролей нет: 1 отправителей, 1 получателей; вход 22,0 тыс ₸, выход 915,0 тыс ₸; отдаёт больше наблюдаемого входа — вероятны внешние поступления"
100000003254723100,peripheral,0.5503,3,0.371044,"Признаков ролей нет: 1 отправителей, 0 получателей; вход 269,9 тыс ₸, выход 0,00 ₸"
100000001110358100,peripheral,0.8000,0,0.370768,"Признаков ролей нет: 2 отправителей, 0 получателей; вход 32,0 тыс ₸, выход 0,00 ₸"
100000008097580100,peripheral,0.8000,6,0.370768,"Признаков ролей нет: 2 отправителей, 0 получателей; вход 32,0 тыс ₸, выход 0,00 ₸"
100000007536804100,peripheral,0.9000,10,0.370583,"Признаков ролей нет: 1 отправителей, 2 получателей; вход 100,0 тыс ₸, выход 55,0 тыс ₸"
100000008388049100,terminal,0.8273,9,0.369882,"Гипотеза конечного получателя: вход 496,4 тыс ₸, выход 0; колено 3; вход 496,4 тыс ₸, выход 0,00 ₸"
100000002984403100,peripheral,0.6250,26,0.369110,"Признаков ролей нет: 1 отправителей, 1 получателей; вход 20,0 тыс ₸, выход 25,0 тыс ₸; отдаёт больше наблюдаемого входа — вероятны внешние поступления"
100000001346560100,peripheral,0.8000,3,0.368650,"Признаков ролей нет: 2 отправителей, 1 получателей; вход 10,0 тыс ₸, выход 22,2 тыс ₸; отдаёт больше наблюдаемого входа — вероятны внешние поступления"
100000007330432100,peripheral,0.7200,70,0.367913,"Признаков ролей нет: 1 отправителей, 0 получателей; вход 584,9 тыс ₸, выход 0,00 ₸; исходящие не прослежены (колено 4)"
100000007865484100,peripheral,0.7200,41,0.367798,"Признаков ролей нет: 1 отправителей, 0 получателей; вход 584,6 тыс ₸, выход 0,00 ₸; исходящие не прослежены (колено 4)"
100000001471706100,peripheral,0.7200,19,0.366578,"Признаков ролей нет: 1 отправителей, 0 получателей; вход 377,0 тыс ₸, выход 0,00 ₸; исходящие не прослежены (колено 4)"
100000001445848100,peripheral,0.8890,35,0.366072,"Признаков ролей нет: 1 отправителей, 1 получателей; вход 546,0 тыс ₸, выход 351,9 тыс ₸"
100000005815602100,peripheral,0.9000,4,0.366072,"Признаков ролей нет: 1 отправителей, 1 получателей; вход 20,0 тыс ₸, выход 165,0 тыс ₸; отдаёт больше наблюдаемого входа — вероятны внешние поступления"
100000002255058100,terminal,0.8192,3,0.366029,"Гипотеза конечного получателя: вход 491,5 тыс ₸, выход 0; колено 3; вход 491,5 тыс ₸, выход 0,00 ₸"
100000002670960100,terminal,0.8005,9,0.365843,"Гипотеза конечного получателя: вход 480,3 тыс ₸, выход 0; колено 3; вход 480,3 тыс ₸, выход 0,00 ₸"
100000005911352100,peripheral,0.8000,38,0.365635,"Признаков ролей нет: 2 отправителей, 3 получателей; вход 15,0 тыс ₸, выход 24,0 тыс ₸; отдаёт больше наблюдаемого входа — вероятны внешние поступления"
100000002975437100,peripheral,0.9000,31,0.365612,"Признаков ролей нет: 1 отправителей, 1 получателей; вход 530,0 тыс ₸, выход 8,5 тыс ₸"
100000005616568100,peripheral,0.7200,5,0.365612,"Признаков ролей нет: 1 отправителей, 0 получателей; вход 530,0 тыс ₸, выход 0,00 ₸; исходящие не прослежены (колено 4)"
100000007197866100,peripheral,0.6250,6,0.365151,"Признаков ролей нет: 1 отправителей, 1 получателей; вход 20,0 тыс ₸, выход 15,0 тыс ₸"
100000003034546100,terminal,0.8112,2,0.364856,"Гипотеза конечного получателя: вход 486,7 тыс ₸, выход 0; колено 2; вход 486,7 тыс ₸, выход 0,00 ₸"
100000007390016100,peripheral,0.8048,71,0.364691,"Признаков ролей нет: 1 отправителей, 1 получателей; вход 511,0 тыс ₸, выход 346,5 тыс ₸"
100000004005964100,peripheral,0.6614,25,0.364668,"Признаков ролей нет: 3 отправителей, 3 получателей; вход 97,9 тыс ₸, выход 72,0 тыс ₸"
100000003692843100,peripheral,0.7200,62,0.364576,"Признаков ролей нет: 1 отправителей, 0 получателей; вход 510,0 тыс ₸, выход 0,00 ₸; исходящие не прослежены (колено 4)"
100000008200810100,terminal,0.7917,9,0.364242,"Гипотеза конечного получателя: вход 475,0 тыс ₸, выход 0; колено 3; вход 475,0 тыс ₸, выход 0,00 ₸"
100000001957974100,peripheral,0.7200,14,0.364000,"Признаков ролей нет: 1 отправителей, 0 получателей; вход 500,0 тыс ₸, выход 0,00 ₸; исходящие не прослежены (колено 4)"
100000003230328100,peripheral,0.5600,6,0.363287,"Признаков ролей нет: 3 отправителей, 0 получателей; вход 26,6 тыс ₸, выход 0,00 ₸; исходящие не прослежены (колено 4)"
100000008738526100,peripheral,0.9000,21,0.363287,"Признаков ролей нет: 1 отправителей, 1 получателей; вход 15,0 тыс ₸, выход 140,0 тыс ₸; отдаёт больше наблюдаемого входа — вероятны внешние поступления"
100000002185328100,peripheral,0.8000,22,0.362136,"Признаков ролей нет: 1 отправителей, 4 получателей; вход 15,0 тыс ₸, выход 55,0 тыс ₸; отдаёт больше наблюдаемого входа — вероятны внешние поступления"
100000008473207100,peripheral,0.6633,3,0.361376,"Признаков ролей нет: 1 отправителей, 0 получателей; вход 202,0 тыс ₸, выход 0,00 ₸"
100000001330595100,peripheral,0.7000,25,0.361169,"Признаков ролей нет: 3 отправителей, 1 получателей; вход 87,0 тыс ₸, выход 154,0 тыс ₸; отдаёт больше наблюдаемого входа — вероятны внешние поступления"
100000006443391100,peripheral,0.7000,2,0.361054,"Признаков ролей нет: 3 отправителей, 2 получателей; вход 86,8 тыс ₸, выход 60,0 тыс ₸"
100000006232642100,peripheral,0.7200,42,0.360087,"Признаков ролей нет: 1 отправителей, 0 получателей; вход 456,0 тыс ₸, выход 0,00 ₸; исходящие не прослежены (колено 4)"
100000004580254100,peripheral,0.8000,16,0.360064,"Признаков ролей нет: 2 отправителей, 0 получателей; вход 27,9 тыс ₸, выход 0,00 ₸"
100000003128638100,peripheral,0.7200,2,0.360018,"Признаков ролей нет: 1 отправителей, 0 получателей; вход 300,0 тыс ₸, выход 0,00 ₸; исходящие не прослежены (колено 4)"
100000004006327100,peripheral,0.7200,2,0.360018,"Признаков ролей нет: 1 отправителей, 0 получателей; вход 300,0 тыс ₸, выход 0,00 ₸; исходящие не прослежены (колено 4)"
100000008740295100,peripheral,0.7200,2,0.360018,"Признаков ролей нет: 1 отправителей, 0 получателей; вход 300,0 тыс ₸, выход 0,00 ₸; исходящие не прослежены (колено 4)"
100000008650785100,peripheral,0.8000,4,0.359834,"Признаков ролей нет: 2 отправителей, 2 получателей; вход 92,0 тыс ₸, выход 120,1 тыс ₸; seed: входящие неполные"
100000007841978100,peripheral,0.7200,5,0.359167,"Признаков ролей нет: 1 отправителей, 0 получателей; вход 449,0 тыс ₸, выход 0,00 ₸; исходящие не прослежены (колено 4)"
100000002922000100,peripheral,0.7200,45,0.359052,"Признаков ролей нет: 1 отправителей, 0 получателей; вход 448,0 тыс ₸, выход 0,00 ₸; исходящие не прослежены (колено 4)"
100000008619159100,peripheral,0.7200,64,0.358937,"Признаков ролей нет: 1 отправителей, 0 получателей; вход 446,4 тыс ₸, выход 0,00 ₸; исходящие не прослежены (колено 4)"
100000003031761100,terminal,0.7673,20,0.358816,"Гипотеза конечного получателя: вход 460,4 тыс ₸, выход 0; колено 3; вход 460,4 тыс ₸, выход 0,00 ₸"
100000008720856100,peripheral,0.9000,5,0.358683,"Признаков ролей нет: 1 отправителей, 1 получателей; вход 18,1 тыс ₸, выход 46,0 тыс ₸; отдаёт больше наблюдаемого входа — вероятны внешние поступления"
100000003616818100,peripheral,0.7000,25,0.358614,"Признаков ролей нет: 3 отправителей, 3 получателей; вход 78,0 тыс ₸, выход 240,1 тыс ₸; отдаёт больше наблюдаемого входа — вероятны внешние поступления"
100000002618492100,peripheral,0.5058,11,0.358292,"Признаков ролей нет: 2 отправителей, 0 получателей; вход 296,5 тыс ₸, выход 0,00 ₸"
100000008633099100,peripheral,0.7664,10,0.358246,"Признаков ролей нет: 1 отправителей, 1 получателей; вход 19,5 тыс ₸, выход 13,5 тыс ₸"
100000002686226100,peripheral,0.7200,16,0.357901,"Признаков ролей нет: 1 отправителей, 0 получателей; вход 430,0 тыс ₸, выход 0,00 ₸; исходящие не прослежены (колено 4)"
100000008695157100,peripheral,0.7200,6,0.357440,"Признаков ролей нет: 1 отправителей, 0 получателей; вход 425,5 тыс ₸, выход 0,00 ₸; исходящие не прослежены (колено 4)"
100000003985389100,peripheral,0.7200,6,0.357325,"Признаков ролей нет: 1 отправителей, 0 получателей; вход 422,7 тыс ₸, выход 0,00 ₸; исходящие не прослежены (колено 4)"
100000001222245100,peripheral,0.7200,5,0.357210,"Признаков ролей нет: 1 отправителей, 0 получателей; вход 420,0 тыс ₸, выход 0,00 ₸; исходящие не прослежены (колено 4)"
100000006564102100,peripheral,0.6113,3,0.356842,"Признаков ролей нет: 1 отправителей, 0 получателей; вход 233,2 тыс ₸, выход 0,00 ₸"
100000003014659100,peripheral,0.5333,11,0.356451,"Признаков ролей нет: 1 отправителей, 0 получателей; вход 280,0 тыс ₸, выход 0,00 ₸"
100000005664632100,peripheral,0.6690,66,0.356428,"Признаков ролей нет: 1 отправителей, 0 получателей; вход 198,6 тыс ₸, выход 0,00 ₸"
100000008551752100,peripheral,0.7200,41,0.356405,"Признаков ролей нет: 1 отправителей, 0 получателей; вход 406,0 тыс ₸, выход 0,00 ₸; исходящие не прослежены (колено 4)"
100000003131016100,peripheral,0.9000,6,0.356290,"Признаков ролей нет: 1 отправителей, 1 получателей; вход 405,7 тыс ₸, выход 126,0 тыс ₸"
100000006689603100,peripheral,0.7200,6,0.355944,"Признаков ролей нет: 1 отправителей, 0 получателей; вход 400,0 тыс ₸, выход 0,00 ₸; исходящие не прослежены (колено 4)"
100000004591973100,peripheral,0.9000,12,0.354909,"Признаков ролей нет: 1 отправителей, 1 получателей; вход 10,0 тыс ₸, выход 100,0 тыс ₸; отдаёт больше наблюдаемого входа — вероятны внешние поступления"
100000003917461100,peripheral,0.9000,12,0.354632,"Признаков ролей нет: 1 отправителей, 2 получателей; вход 10,0 тыс ₸, выход 140,0 тыс ₸; отдаёт больше наблюдаемого входа — вероятны внешние поступления"
100000003025903100,peripheral,0.7200,5,0.354218,"Признаков ролей нет: 1 отправителей, 0 получателей; вход 386,3 тыс ₸, выход 0,00 ₸; исходящие не прослежены (колено 4)"
100000000646541100,peripheral,0.7000,0,0.354080,"Признаков ролей нет: 3 отправителей, 0 получателей; вход 25,3 тыс ₸, выход 0,00 ₸"
100000002597003100,peripheral,0.9000,0,0.353758,"Признаков ролей нет: 1 отправителей, 1 получателей; вход 17,7 тыс ₸, выход 11,0 тыс ₸"
100000008333492100,peripheral,0.7200,48,0.353735,"Признаков ролей нет: 1 отправителей, 0 получателей; вход 216,4 тыс ₸, выход 0,00 ₸; исходящие не прослежены (колено 4)"
100000001065234100,peripheral,0.7200,58,0.352031,"Признаков ролей нет: 1 отправителей, 0 получателей; вход 360,0 тыс ₸, выход 0,00 ₸; исходящие не прослежены (колено 4)"
100000003470579100,peripheral,0.7200,27,0.351686,"Признаков ролей нет: 1 отправителей, 0 получателей; вход 357,0 тыс ₸, выход 0,00 ₸; исходящие не прослежены (колено 4)"
100000008556318100,peripheral,0.6998,3,0.351594,"Признаков ролей нет: 2 отправителей, 0 получателей; вход 180,1 тыс ₸, выход 0,00 ₸"
100000008659950100,peripheral,0.5900,2,0.351157,"Признаков ролей нет: 1 отправителей, 0 получателей; вход 246,0 тыс ₸, выход 0,00 ₸"
100000004041163100,peripheral,0.9000,19,0.349994,"Признаков ролей нет: 1 отправителей, 2 получателей; вход 50,0 тыс ₸, выход 866,0 тыс ₸; seed: входящие неполные"
100000003237045100,peripheral,0.9000,4,0.349960,"Признаков ролей нет: 1 отправителей, 1 получателей; вход 340,2 тыс ₸, выход 150,0 тыс ₸"
100000004722630100,peripheral,0.7200,50,0.349845,"Признаков ролей нет: 1 отправителей, 0 получателей; вход 340,0 тыс ₸, выход 0,00 ₸; исходящие не прослежены (колено 4)"
100000008675322100,peripheral,0.7200,36,0.349845,"Признаков ролей нет: 1 отправителей, 0 получателей; вход 340,0 тыс ₸, выход 0,00 ₸; исходящие не прослежены (колено 4)"
100000008699083100,peripheral,0.7200,9,0.349660,"Признаков ролей нет: 1 отправителей, 0 получателей; вход 238,5 тыс ₸, выход 0,00 ₸; исходящие не прослежены (колено 4)"
100000003664994100,peripheral,0.7200,42,0.349499,"Признаков ролей нет: 1 отправителей, 0 получателей; вход 338,3 тыс ₸, выход 0,00 ₸; исходящие не прослежены (колено 4)"
100000003843844100,peripheral,0.9000,13,0.349384,"Признаков ролей нет: 1 отправителей, 1 получателей; вход 16,7 тыс ₸, выход 238,0 тыс ₸; отдаёт больше наблюдаемого входа — вероятны внешние поступления"
100000001674850100,peripheral,0.6050,2,0.349315,"Признаков ролей нет: 2 отправителей, 0 получателей; вход 237,0 тыс ₸, выход 0,00 ₸"
100000005367284100,peripheral,0.9000,0,0.348717,"Признаков ролей нет: 1 отправителей, 2 получателей; вход 13,7 тыс ₸, выход 48,3 тыс ₸; отдаёт больше наблюдаемого входа — вероятны внешние поступления"
100000001985793100,terminal,0.7000,8,0.348514,"Гипотеза конечного получателя: вход 420,0 тыс ₸, выход 0; колено 2; вход 420,0 тыс ₸, выход 0,00 ₸"
100000002529877100,peripheral,0.7200,9,0.348049,"Признаков ролей нет: 1 отправителей, 0 получателей; вход 232,0 тыс ₸, выход 0,00 ₸; исходящие не прослежены (колено 4)"
100000002933386100,peripheral,0.9000,3,0.348049,"Признаков ролей нет: 1 отправителей, 1 получателей; вход 15,0 тыс ₸, выход 58,0 тыс ₸; отдаёт больше наблюдаемого входа — вероятны внешние поступления"
100000002596035100,peripheral,0.6140,11,0.347934,"Признаков ролей нет: 1 отправителей, 0 получателей; вход 231,6 тыс ₸, выход 0,00 ₸"
100000002621949100,peripheral,0.7256,3,0.347106,"Признаков ролей нет: 1 отправителей, 0 получателей; вход 164,6 тыс ₸, выход 0,00 ₸"
100000003447411100,peripheral,0.7200,6,0.346852,"Признаков ролей нет: 1 отправителей, 0 получателей; вход 302,0 тыс ₸, выход 0,00 ₸; исходящие не прослежены (колено 4)"
100000003071649100,peripheral,0.6842,2,0.346484,"Признаков ролей нет: 1 отправителей, 0 получателей; вход 189,5 тыс ₸, выход 0,00 ₸"
100000000041368100,peripheral,0.7333,3,0.346415,"Признаков ролей нет: 1 отправителей, 0 получателей; вход 160,0 тыс ₸, выход 0,00 ₸"
100000002956779100,terminal,0.6850,3,0.346271,"Гипотеза конечного получателя: вход 411,0 тыс ₸, выход 0; колено 3; вход 411,0 тыс ₸, выход 0,00 ₸"
100000001927599100,peripheral,0.6867,7,0.346139,"Признаков ролей нет: 2 отправителей, 0 получателей; вход 188,0 тыс ₸, выход 0,00 ₸"
100000001724740100,peripheral,0.7200,2,0.345448,"Признаков ролей нет: 1 отправителей, 0 получателей; вход 185,0 тыс ₸, выход 0,00 ₸; исходящие не прослежены (колено 4)"
100000005546031100,peripheral,0.7000,49,0.345379,"Признаков ролей нет: 3 отправителей, 1 получателей; вход 66,8 тыс ₸, выход 8,0 тыс ₸"
100000001140785100,peripheral,0.6417,2,0.345057,"Признаков ролей нет: 2 отправителей, 0 получателей; вход 215,0 тыс ₸, выход 0,00 ₸"
100000005037490100,peripheral,0.9000,13,0.345011,"Признаков ролей нет: 1 отправителей, 2 получателей; вход 15,0 тыс ₸, выход 30,0 тыс ₸; отдаёт больше наблюдаемого входа — вероятны внешние поступления"
100000003042994100,peripheral,0.5232,4,0.344090,"Признаков ролей нет: 1 отправителей, 0 получателей; вход 286,1 тыс ₸, выход 0,00 ₸"
100000002958139100,peripheral,0.6508,2,0.344021,"Признаков ролей нет: 1 отправителей, 0 получателей; вход 209,5 тыс ₸, выход 0,00 ₸"
100000002691583100,peripheral,0.5247,27,0.343860,"Признаков ролей нет: 1 отправителей, 0 получателей; вход 285,2 тыс ₸, выход 0,00 ₸"
100000001223977100,peripheral,0.9000,51,0.343676,"Признаков ролей нет: 1 отправителей, 1 получателей; вход 5,0 тыс ₸, выход 18,0 тыс ₸; отдаёт больше наблюдаемого входа — вероятны внешние поступления"
100000003270419100,peripheral,0.7500,13,0.343538,"Признаков ролей нет: 1 отправителей, 0 получателей; вход 150,0 тыс ₸, выход 0,00 ₸"
100000004559194100,peripheral,0.5298,4,0.343515,"Признаков ролей нет: 1 отправителей, 0 получателей; вход 282,1 тыс ₸, выход 0,00 ₸"
100000002596039100,peripheral,0.7200,6,0.343054,"Признаков ролей нет: 1 отправителей, 0 получателей; вход 280,0 тыс ₸, выход 0,00 ₸; исходящие не прослежены (колено 4)"
100000008722541100,peripheral,0.7200,5,0.343054,"Признаков ролей нет: 1 отправителей, 0 получателей; вход 280,0 тыс ₸, выход 0,00 ₸; исходящие не прослежены (колено 4)"
100000002878467100,peripheral,0.6667,2,0.342640,"Признаков ролей нет: 2 отправителей, 0 получателей; вход 200,0 тыс ₸, выход 0,00 ₸"
100000002964966100,peripheral,0.6667,3,0.342640,"Признаков ролей нет: 1 отправителей, 0 получателей; вход 200,0 тыс ₸, выход 0,00 ₸"
100000002860934100,peripheral,0.7200,28,0.342479,"Признаков ролей нет: 1 отправителей, 0 получателей; вход 279,5 тыс ₸, выход 0,00 ₸; исходящие не прослежены (колено 4)"
100000005519347100,peripheral,0.8000,4,0.342416,"Признаков ролей нет: 2 отправителей, 1 получателей; вход 73,1 тыс ₸, выход 99,0 тыс ₸; seed: входящие неполные"
100000002194320100,peripheral,0.7200,58,0.342019,"Признаков ролей нет: 1 отправителей, 0 получателей; вход 275,0 тыс ₸, выход 0,00 ₸; исходящие не прослежены (колено 4)"
100000008714412100,peripheral,0.7183,7,0.341535,"Признаков ролей нет: 1 отправителей, 0 получателей; вход 169,0 тыс ₸, выход 0,00 ₸"
100000002663511100,peripheral,0.5518,0,0.341328,"Признаков ролей нет: 1 отправителей, 0 получателей; вход 268,9 тыс ₸, выход 0,00 ₸"
100000001378288100,peripheral,0.7200,6,0.341098,"Признаков ролей нет: 1 отправителей, 0 получателей; вход 268,0 тыс ₸, выход 0,00 ₸; исходящие не прослежены (колено 4)"
100000003448713100,peripheral,0.7200,6,0.340753,"Признаков ролей нет: 1 отправителей, 0 получателей; вход 266,8 тыс ₸, выход 0,00 ₸; исходящие не прослежены (колено 4)"
100000002720627100,peripheral,0.6678,11,0.340569,"Признаков ролей нет: 1 отправителей, 0 получателей; вход 199,3 тыс ₸, выход 0,00 ₸"
100000003631015100,peripheral,0.7200,41,0.340522,"Признаков ролей нет: 1 отправителей, 0 получателей; вход 266,0 тыс ₸, выход 0,00 ₸; исходящие не прослежены (колено 4)"
100000008469048100,peripheral,0.7200,0,0.340407,"Признаков ролей нет: 1 отправителей, 0 получателей; вход 265,2 тыс ₸, выход 0,00 ₸; исходящие не прослежены (колено 4)"
100000007034089100,peripheral,0.6400,2,0.340108,"Признаков ролей нет: 2 отправителей, 0 получателей; вход 198,0 тыс ₸, выход 0,00 ₸; исходящие не прослежены (колено 4)"
100000005409156100,peripheral,0.5665,5,0.339947,"Признаков ролей нет: 2 отправителей, 0 получателей; вход 260,1 тыс ₸, выход 0,00 ₸"
100000003199390100,peripheral,0.7200,5,0.339832,"Признаков ролей нет: 1 отправителей, 0 получателей; вход 260,0 тыс ₸, выход 0,00 ₸; исходящие не прослежены (колено 4)"
100000005888829100,peripheral,0.7200,2,0.339763,"Признаков ролей нет: 1 отправителей, 0 получателей; вход 197,0 тыс ₸, выход 0,00 ₸; исходящие не прослежены (колено 4)"
100000002635780100,peripheral,0.7283,10,0.339349,"Признаков ролей нет: 1 отправителей, 0 получателей; вход 163,0 тыс ₸, выход 0,00 ₸"
100000001714413100,peripheral,0.5830,5,0.339026,"Признаков ролей нет: 1 отправителей, 0 получателей; вход 250,2 тыс ₸, выход 0,00 ₸"
100000000926078100,peripheral,0.7200,6,0.338911,"Признаков ролей нет: 1 отправителей, 0 получателей; вход 250,0 тыс ₸, выход 0,00 ₸; исходящие не прослежены (колено 4)"
100000004407753100,peripheral,0.9000,28,0.338911,"Признаков ролей нет: 1 отправителей, 1 получателей; вход 250,0 тыс ₸, выход 100,0 тыс ₸"
100000002606567100,peripheral,0.9000,0,0.338796,"Признаков ролей нет: 1 отправителей, 1 получателей; вход 14,1 тыс ₸, выход 53,0 тыс ₸; отдаёт больше наблюдаемого входа — вероятны внешние поступления"
100000001954534100,peripheral,0.9000,0,0.338428,"Признаков ролей нет: 1 отправителей, 1 получателей; вход 13,0 тыс ₸, выход 40,0 тыс ₸; отдаёт больше наблюдаемого входа — вероятны внешние поступления"
100000003205210100,peripheral,0.7707,3,0.337898,"Признаков ролей нет: 1 отправителей, 0 получателей; вход 137,6 тыс ₸, выход 0,00 ₸"
100000004976946100,peripheral,0.7200,41,0.337760,"Признаков ролей нет: 1 отправителей, 0 получателей; вход 246,0 тыс ₸, выход 0,00 ₸; исходящие не прослежены (колено 4)"
100000003149149100,peripheral,0.5917,5,0.337530,"Признаков ролей нет: 1 отправителей, 0 получателей; вход 245,0 тыс ₸, выход 0,00 ₸"
100000002760175100,peripheral,0.6876,11,0.337346,"Признаков ролей нет: 1 отправителей, 0 получателей; вход 187,4 тыс ₸, выход 0,00 ₸"
100000002864256100,peripheral,0.7737,3,0.337323,"Признаков ролей нет: 1 отправителей, 0 получателей; вход 135,8 тыс ₸, выход 0,00 ₸"
100000005844459100,peripheral,0.5943,0,0.337300,"Признаков ролей нет: 2 отправителей, 0 получателей; вход 243,4 тыс ₸, выход 0,00 ₸"
100000005882013100,peripheral,0.8000,13,0.337208,"Признаков ролей нет: 2 отправителей, 1 получателей; вход 135,0 тыс ₸, выход 10,0 тыс ₸"
100000004610802100,peripheral,0.7200,60,0.337070,"Признаков ролей нет: 1 отправителей, 0 получателей; вход 241,0 тыс ₸, выход 0,00 ₸; исходящие не прослежены (колено 4)"
100000005022552100,peripheral,0.9000,4,0.337070,"Признаков ролей нет: 1 отправителей, 1 получателей; вход 241,0 тыс ₸, выход 5,0 тыс ₸"
100000005667841100,peripheral,0.6900,2,0.337001,"Признаков ролей нет: 2 отправителей, 0 получателей; вход 186,0 тыс ₸, выход 0,00 ₸"
100000000561160100,peripheral,0.7200,3,0.336725,"Признаков ролей нет: 1 отправителей, 0 получателей; вход 240,0 тыс ₸, выход 0,00 ₸; исходящие не прослежены (колено 4)"
100000003561031100,peripheral,0.9000,6,0.336725,"Признаков ролей нет: 1 отправителей, 1 получателей; вход 13,3 тыс ₸, выход 5,0 тыс ₸"
100000000860514100,peripheral,0.9000,26,0.336656,"Признаков ролей нет: 1 отправителей, 1 получателей; вход 12,0 тыс ₸, выход 50,0 тыс ₸; отдаёт больше наблюдаемого входа — вероятны внешние поступления"
100000004790991100,peripheral,0.6010,4,0.336610,"Признаков ролей нет: 1 отправителей, 0 получателей; вход 239,4 тыс ₸, выход 0,00 ₸"
100000001275752100,peripheral,0.7475,2,0.336586,"Признаков ролей нет: 1 отправителей, 0 получателей; вход 151,5 тыс ₸, выход 0,00 ₸"
100000004580202100,peripheral,0.8500,23,0.336356,"Признаков ролей нет: 1 отправителей, 3 получателей; вход 9,0 тыс ₸, выход 45,0 тыс ₸; отдаёт больше наблюдаемого входа — вероятны внешние поступления"
100000005711521100,peripheral,0.7200,13,0.336149,"Признаков ролей нет: 1 отправителей, 0 получателей; вход 238,0 тыс ₸, выход 0,00 ₸; исходящие не прослежены (колено 4)"
100000008335401100,peripheral,0.7500,7,0.336011,"Признаков ролей нет: 1 отправителей, 0 получателей; вход 150,0 тыс ₸, выход 0,00 ₸"
100000000941942100,peripheral,0.7833,3,0.335942,"Признаков ролей нет: 1 отправителей, 0 получателей; вход 130,0 тыс ₸, выход 0,00 ₸"
100000003057225100,peripheral,0.6067,4,0.335689,"Признаков ролей нет: 1 отправителей, 0 получателей; вход 236,0 тыс ₸, выход 0,00 ₸"
100000007507343100,terminal,0.6167,52,0.335520,"Гипотеза конечного получателя: вход 370,0 тыс ₸, выход 0; колено 1; вход 370,0 тыс ₸, выход 0,00 ₸"
100000008279405100,peripheral,0.6088,6,0.335228,"Признаков ролей нет: 1 отправителей, 0 получателей; вход 234,7 тыс ₸, выход 0,00 ₸"
100000008376785100,peripheral,0.7200,5,0.335113,"Признаков ролей нет: 1 отправителей, 0 получателей; вход 234,2 тыс ₸, выход 0,00 ₸; исходящие не прослежены (колено 4)"
100000003022835100,peripheral,0.7917,3,0.334446,"Признаков ролей нет: 1 отправителей, 0 получателей; вход 125,0 тыс ₸, выход 0,00 ₸"
100000008676812100,peripheral,0.6153,17,0.334308,"Признаков ролей нет: 1 отправителей, 0 получателей; вход 230,8 тыс ₸, выход 0,00 ₸"
100000001788284100,peripheral,0.7500,26,0.333939,"Признаков ролей нет: 1 отправителей, 5 получателей; вход 8,0 тыс ₸, выход 296,7 тыс ₸; отдаёт больше наблюдаемого входа — вероятны внешние поступления"
100000006209210100,peripheral,0.6181,10,0.333847,"Признаков ролей нет: 1 отправителей, 0 получателей; вход 229,1 тыс ₸, выход 0,00 ₸"
100000003050771100,peripheral,0.6183,13,0.333732,"Признаков ролей нет: 1 отправителей, 0 получателей; вход 229,0 тыс ₸, выход 0,00 ₸"
100000004403641100,peripheral,0.7200,9,0.333663,"Признаков ролей нет: 1 отправителей, 0 получателей; вход 171,5 тыс ₸, выход 0,00 ₸; исходящие не прослежены (колено 4)"
100000003069463100,peripheral,0.9000,27,0.333479,"Признаков ролей нет: 1 отправителей, 1 получателей; вход 11,5 тыс ₸, выход 17,9 тыс ₸; отдаёт больше наблюдаемого входа — вероятны внешние поступления"
100000005602999100,peripheral,0.9000,33,0.333479,"Признаков ролей нет: 1 отправителей, 2 получателей; вход 5,0 тыс ₸, выход 16,0 тыс ₸; отдаёт больше наблюдаемого входа — вероятны внешние поступления"
100000002943472100,peripheral,0.7167,2,0.333433,"Признаков ролей нет: 1 отправителей, 0 получателей; вход 170,0 тыс ₸, выход 0,00 ₸"
100000004644615100,peripheral,0.9000,9,0.333433,"Признаков ролей нет: 1 отправителей, 2 получателей; вход 50,8 тыс ₸, выход 379,7 тыс ₸; отдаёт больше наблюдаемого входа — вероятны внешние поступления"
100000008336318100,peripheral,0.7200,2,0.333433,"Признаков ролей нет: 1 отправителей, 0 получателей; вход 170,0 тыс ₸, выход 0,00 ₸; исходящие не прослежены (колено 4)"
100000002710570100,peripheral,0.6250,31,0.333272,"Признаков ролей нет: 1 отправителей, 0 получателей; вход 225,0 тыс ₸, выход 0,00 ₸"
100000005745873100,peripheral,0.7200,41,0.333157,"Признаков ролей нет: 1 отправителей, 0 получателей; вход 223,0 тыс ₸, выход 0,00 ₸; исходящие не прослежены (колено 4)"
100000008418934100,terminal,0.6000,2,0.332987,"Гипотеза конечного получателя: вход 360,0 тыс ₸, выход 0; колено 2; вход 360,0 тыс ₸, выход 0,00 ₸"
100000005493505100,peripheral,0.7000,13,0.332731,"Признаков ролей нет: 3 отправителей, 0 получателей; вход 62,0 тыс ₸, выход 0,00 ₸; seed: входящие неполные"
100000005314565100,peripheral,0.6358,0,0.332236,"Признаков ролей нет: 1 отправителей, 0 получателей; вход 218,5 тыс ₸, выход 0,00 ₸"
100000001686328100,peripheral,0.7667,2,0.332098,"Признаков ролей нет: 1 отправителей, 0 получателей; вход 140,0 тыс ₸, выход 0,00 ₸"
100000001439416100,peripheral,0.9000,0,0.332029,"Признаков ролей нет: 1 отправителей, 2 получателей; вход 10,0 тыс ₸, выход 165,0 тыс ₸; отдаёт больше наблюдаемого входа — вероятны внешние поступления"
100000003289405100,terminal,0.5917,3,0.331552,"Гипотеза конечного получателя: вход 355,0 тыс ₸, выход 0; колено 2; вход 355,0 тыс ₸, выход 0,00 ₸"
100000008077552100,peripheral,0.6433,6,0.331315,"Признаков ролей нет: 1 отправителей, 0 получателей; вход 214,0 тыс ₸, выход 0,00 ₸"
100000007357489100,peripheral,0.6400,2,0.330901,"Признаков ролей нет: 2 отправителей, 0 получателей; вход 164,5 тыс ₸, выход 0,00 ₸; исходящие не прослежены (колено 4)"
100000003072205100,peripheral,0.6400,2,0.330671,"Признаков ролей нет: 2 отправителей, 0 получателей; вход 163,0 тыс ₸, выход 0,00 ₸; исходящие не прослежены (колено 4)"
100000003934614100,peripheral,0.8000,34,0.330625,"Признаков ролей нет: 2 отправителей, 1 получателей; вход 17,0 тыс ₸, выход 11,5 тыс ₸"
100000001677389100,peripheral,0.9000,16,0.330510,"Признаков ролей нет: 1 отправителей, 1 получателей; вход 11,0 тыс ₸, выход 5,4 тыс ₸"
100000008472324100,peripheral,0.6580,5,0.330280,"Признаков ролей нет: 1 отправителей, 0 получателей; вход 205,2 тыс ₸, выход 0,00 ₸"
100000004184158100,peripheral,0.6603,0,0.330165,"Признаков ролей нет: 1 отправителей, 0 получателей; вход 203,8 тыс ₸, выход 0,00 ₸"
100000001782980100,peripheral,0.9000,29,0.330073,"Признаков ролей нет: 1 отправителей, 1 получателей; вход 50,0 тыс ₸, выход 596,2 тыс ₸; отдаёт больше наблюдаемого входа — вероятны внешние поступления"
100000002755292100,peripheral,0.6610,5,0.330049,"Признаков ролей нет: 1 отправителей, 0 получателей; вход 203,4 тыс ₸, выход 0,00 ₸"
100000001822623100,peripheral,0.6645,23,0.329589,"Признаков ролей нет: 1 отправителей, 0 получателей; вход 201,3 тыс ₸, выход 0,00 ₸"
100000001184915100,peripheral,0.6650,15,0.329474,"Признаков ролей нет: 1 отправителей, 0 получателей; вход 201,0 тыс ₸, выход 0,00 ₸"
100000008571243100,peripheral,0.7767,7,0.329451,"Признаков ролей нет: 1 отправителей, 0 получателей; вход 134,0 тыс ₸, выход 0,00 ₸"
100000004739664100,transit,0.5833,1,0.329308,"Признаки транзита: дальше 83% входа (коридор 80–120%); вход 12,0 тыс ₸, выход 10,0 тыс ₸"
100000002469065100,peripheral,0.6667,4,0.329244,"Признаков ролей нет: 1 отправителей, 0 получателей; вход 200,0 тыс ₸, выход 0,00 ₸"
100000003782913100,peripheral,0.7200,14,0.329244,"Признаков ролей нет: 1 отправителей, 0 получателей; вход 200,0 тыс ₸, выход 0,00 ₸; исходящие не прослежены (колено 4)"
100000003824464100,peripheral,0.6667,23,0.329244,"Признаков ролей нет: 1 отправителей, 0 получателей; вход 200,0 тыс ₸, выход 0,00 ₸"
100000004798515100,peripheral,0.7200,12,0.329244,"Признаков ролей нет: 1 отправителей, 0 получателей; вход 200,0 тыс ₸, выход 0,00 ₸; исходящие не прослежены (колено 4)"
100000006567935100,peripheral,0.6667,30,0.329244,"Признаков ролей нет: 1 отправителей, 0 получателей; вход 200,0 тыс ₸, выход 0,00 ₸"
100000006714366100,peripheral,0.9000,13,0.329244,"Признаков ролей нет: 1 отправителей, 1 получателей; вход 10,5 тыс ₸, выход 5,0 тыс ₸"
100000008238989100,peripheral,0.6667,23,0.329244,"Признаков ролей нет: 1 отправителей, 0 получателей; вход 200,0 тыс ₸, выход 0,00 ₸"
100000002954780100,peripheral,0.7777,2,0.329106,"Признаков ролей нет: 1 отправителей, 0 получателей; вход 133,4 тыс ₸, выход 0,00 ₸"
100000000749118100,peripheral,0.9000,0,0.329014,"Признаков ролей нет: 1 отправителей, 1 получателей; вход 10,3 тыс ₸, выход 16,5 тыс ₸; отдаёт больше наблюдаемого входа — вероятны внешние поступления"
100000003896956100,peripheral,0.9000,4,0.328438,"Признаков ролей нет: 1 отправителей, 1 получателей; вход 10,0 тыс ₸, выход 27,0 тыс ₸; отдаёт больше наблюдаемого входа — вероятны внешние поступления"
100000001246806100,peripheral,0.7200,2,0.328415,"Признаков ролей нет: 1 отправителей, 0 получателей; вход 130,0 тыс ₸, выход 0,00 ₸; исходящие не прослежены (колено 4)"
100000004200745100,peripheral,0.7200,12,0.328415,"Признаков ролей нет: 1 отправителей, 0 получателей; вход 130,0 тыс ₸, выход 0,00 ₸; исходящие не прослежены (колено 4)"
100000003286537100,peripheral,0.7450,2,0.328369,"Признаков ролей нет: 2 отправителей, 0 получателей; вход 153,0 тыс ₸, выход 0,00 ₸"
100000007334196100,peripheral,0.7500,11,0.327564,"Признаков ролей нет: 1 отправителей, 0 получателей; вход 150,0 тыс ₸, выход 0,00 ₸"
100000008760098100,peripheral,0.9000,21,0.327472,"Признаков ролей нет: 1 отправителей, 1 получателей; вход 7,0 тыс ₸, выход 390,0 тыс ₸; отдаёт больше наблюдаемого входа — вероятны внешние поступления"
100000001537524100,peripheral,0.7200,9,0.327448,"Признаков ролей нет: 1 отправителей, 0 получателей; вход 150,0 тыс ₸, выход 0,00 ₸; исходящие не прослежены (колено 4)"
100000003089553100,peripheral,0.7500,2,0.327448,"Признаков ролей нет: 1 отправителей, 0 получателей; вход 150,0 тыс ₸, выход 0,00 ₸"
100000008568512100,peripheral,0.6673,5,0.327287,"Признаков ролей нет: 1 отправителей, 0 получателей; вход 199,6 тыс ₸, выход 0,00 ₸"
100000008531186100,peripheral,0.7917,3,0.326919,"Признаков ролей нет: 1 отправителей, 0 получателей; вход 125,0 тыс ₸, выход 0,00 ₸"
100000008190411100,peripheral,0.7200,2,0.326827,"Признаков ролей нет: 1 отправителей, 0 получателей; вход 198,4 тыс ₸, выход 0,00 ₸; исходящие не прослежены (колено 4)"
100000004508696100,peripheral,0.8500,38,0.326505,"Признаков ролей нет: 1 отправителей, 3 получателей; вход 7,0 тыс ₸, выход 111,0 тыс ₸; отдаёт больше наблюдаемого входа — вероятны внешние поступления"
100000007071852100,peripheral,0.7200,6,0.326136,"Признаков ролей нет: 1 отправителей, 0 получателей; вход 195,0 тыс ₸, выход 0,00 ₸; исходящие не прослежены (колено 4)"
100000004715209100,peripheral,0.7500,2,0.325883,"Признаков ролей нет: 1 отправителей, 5 получателей; вход 5,0 тыс ₸, выход 350,4 тыс ₸; отдаёт больше наблюдаемого входа — вероятны внешние поступления"
100000002529880100,peripheral,0.7550,2,0.325722,"Признаков ролей нет: 2 отправителей, 0 получателей; вход 147,0 тыс ₸, выход 0,00 ₸"
100000000190228100,peripheral,0.9000,2,0.325561,"Признаков ролей нет: 1 отправителей, 1 получателей; вход 5,0 тыс ₸, выход 28,6 тыс ₸; отдаёт больше наблюдаемого входа — вероятны внешние поступления"
100000000998559100,peripheral,0.8333,3,0.325239,"Признаков ролей нет: 1 отправителей, 0 получателей; вход 100,0 тыс ₸, выход 0,00 ₸"
100000003278020100,peripheral,0.6833,0,0.324871,"Признаков ролей нет: 1 отправителей, 0 получателей; вход 190,0 тыс ₸, выход 0,00 ₸"
100000008238112100,peripheral,0.6833,5,0.324871,"Признаков ролей нет: 1 отправителей, 0 получателей; вход 190,0 тыс ₸, выход 0,00 ₸"
100000003190207100,peripheral,0.9000,19,0.324548,"Признаков ролей нет: 1 отправителей, 1 получателей; вход 5,0 тыс ₸, выход 377,0 тыс ₸; отдаёт больше наблюдаемого входа — вероятны внешние поступления"
100000005265073100,peripheral,0.9000,19,0.324548,"Признаков ролей нет: 1 отправителей, 1 получателей; вход 5,0 тыс ₸, выход 9,0 тыс ₸; отдаёт больше наблюдаемого входа — вероятны внешние поступления"
100000002738256100,transit,0.5872,52,0.324297,"Признаки транзита: дальше 117% входа (коридор 80–120%); вход 150,2 тыс ₸, выход 175,0 тыс ₸"
100000008168850100,peripheral,0.7200,5,0.324065,"Признаков ролей нет: 1 отправителей, 0 получателей; вход 187,9 тыс ₸, выход 0,00 ₸; исходящие не прослежены (колено 4)"
100000000993112100,peripheral,0.7650,32,0.323996,"Признаков ролей нет: 1 отправителей, 0 получателей; вход 141,0 тыс ₸, выход 0,00 ₸"
100000002659265100,peripheral,0.7200,2,0.323996,"Признаков ролей нет: 1 отправителей, 0 получателей; вход 141,0 тыс ₸, выход 0,00 ₸; исходящие не прослежены (колено 4)"
100000008183752100,peripheral,0.7200,21,0.323536,"Признаков ролей нет: 1 отправителей, 0 получателей; вход 140,0 тыс ₸, выход 0,00 ₸; исходящие не прослежены (колено 4)"
100000002530224100,peripheral,0.8117,2,0.323466,"Признаков ролей нет: 1 отправителей, 0 получателей; вход 113,0 тыс ₸, выход 0,00 ₸"
100000006308406100,peripheral,0.7200,22,0.323029,"Признаков ролей нет: 1 отправителей, 0 получателей; вход 183,0 тыс ₸, выход 0,00 ₸; исходящие не прослежены (колено 4)"
100000002794374100,peripheral,0.7200,48,0.322431,"Признаков ролей нет: 1 отправителей, 0 получателей; вход 111,0 тыс ₸, выход 0,00 ₸; исходящие не прослежены (колено 4)"
100000001600934100,peripheral,0.9000,6,0.322224,"Признаков ролей нет: 1 отправителей, 1 получателей; вход 180,3 тыс ₸, выход 11,0 тыс ₸"
100000002863356100,peripheral,0.9000,1,0.322200,"Признаков ролей нет: 1 отправителей, 1 получателей; вход 45,0 тыс ₸, выход 20,0 тыс ₸"
100000003191430100,peripheral,0.7000,4,0.321993,"Признаков ролей нет: 1 отправителей, 0 получателей; вход 180,0 тыс ₸, выход 0,00 ₸"
100000004235471100,peripheral,0.7200,5,0.321993,"Признаков ролей нет: 1 отправителей, 0 получателей; вход 180,0 тыс ₸, выход 0,00 ₸; исходящие не прослежены (колено 4)"
100000005409680100,peripheral,0.8000,17,0.321907,"Признаков ролей нет: 2 отправителей, 0 получателей; вход 55,1 тыс ₸, выход 0,00 ₸; seed: входящие неполные"
100000002958345100,terminal,0.5117,9,0.321800,"Гипотеза конечного получателя: вход 307,0 тыс ₸, выход 0; колено 3; вход 307,0 тыс ₸, выход 0,00 ₸"
100000004588479100,peripheral,0.7039,4,0.321188,"Признаков ролей нет: 1 отправителей, 0 получателей; вход 177,6 тыс ₸, выход 0,00 ₸"
100000002509598100,terminal,0.5092,9,0.321081,"Гипотеза конечного получателя: вход 305,6 тыс ₸, выход 0; колено 3; вход 305,6 тыс ₸, выход 0,00 ₸"
100000001837130100,peripheral,0.7118,0,0.320497,"Признаков ролей нет: 1 отправителей, 0 получателей; вход 172,9 тыс ₸, выход 0,00 ₸"
100000004340038100,peripheral,0.9000,13,0.320152,"Признаков ролей нет: 1 отправителей, 1 получателей; вход 10,0 тыс ₸, выход 49,0 тыс ₸; отдаёт больше наблюдаемого входа — вероятны внешние поступления"
100000008136608100,peripheral,0.7200,7,0.320037,"Признаков ролей нет: 1 отправителей, 0 получателей; вход 170,0 тыс ₸, выход 0,00 ₸; исходящие не прослежены (колено 4)"
100000008759857100,peripheral,0.9000,21,0.319761,"Признаков ролей нет: 1 отправителей, 2 получателей; вход 5,0 тыс ₸, выход 994,0 тыс ₸; отдаёт больше наблюдаемого входа — вероятны внешние поступления"
100000008356606100,peripheral,0.7192,13,0.319461,"Признаков ролей нет: 2 отправителей, 0 получателей; вход 168,5 тыс ₸, выход 0,00 ₸"
100000008172721100,peripheral,0.7200,6,0.319346,"Признаков ролей нет: 1 отправителей, 0 получателей; вход 168,3 тыс ₸, выход 0,00 ₸; исходящие не прослежены (колено 4)"
100000004993576100,peripheral,0.7217,15,0.318886,"Признаков ролей нет: 1 отправителей, 0 получателей; вход 167,0 тыс ₸, выход 0,00 ₸"
100000008254576100,peripheral,0.9000,35,0.318748,"Признаков ролей нет: 1 отправителей, 1 получателей; вход 8,0 тыс ₸, выход 60,0 тыс ₸; отдаёт больше наблюдаемого входа — вероятны внешние поступления"
100000002581346100,peripheral,0.7227,5,0.318656,"Признаков ролей нет: 1 отправителей, 0 получателей; вход 166,4 тыс ₸, выход 0,00 ₸"
100000001819396100,peripheral,0.7232,27,0.318541,"Признаков ролей нет: 1 отправителей, 0 получателей; вход 166,1 тыс ₸, выход 0,00 ₸"
100000008349675100,peripheral,0.5304,10,0.318334,"Признаков ролей нет: 1 отправителей, 1 получателей; вход 46,5 тыс ₸, выход 36,6 тыс ₸"
100000002659103100,peripheral,0.7200,45,0.318195,"Признаков ролей нет: 1 отправителей, 0 получателей; вход 165,0 тыс ₸, выход 0,00 ₸; исходящие не прослежены (колено 4)"
100000005272139100,peripheral,0.7200,4,0.318195,"Признаков ролей нет: 1 отправителей, 0 получателей; вход 165,0 тыс ₸, выход 0,00 ₸; исходящие не прослежены (колено 4)"
100000001227106100,peripheral,0.7254,5,0.317735,"Признаков ролей нет: 1 отправителей, 0 получателей; вход 164,8 тыс ₸, выход 0,00 ₸"
100000003147719100,peripheral,0.8333,2,0.317712,"Признаков ролей нет: 1 отправителей, 0 получателей; вход 100,0 тыс ₸, выход 0,00 ₸"
100000004671609100,peripheral,0.8333,9,0.317712,"Признаков ролей нет: 1 отправителей, 0 получателей; вход 100,0 тыс ₸, выход 0,00 ₸"
100000007745062100,peripheral,0.7200,12,0.317712,"Признаков ролей нет: 1 отправителей, 0 получателей; вход 100,0 тыс ₸, выход 0,00 ₸; исходящие не прослежены (колено 4)"
100000008332511100,peripheral,0.8333,9,0.317712,"Признаков ролей нет: 1 отправителей, 0 получателей; вход 100,0 тыс ₸, выход 0,00 ₸"
100000008417029100,peripheral,0.8333,2,0.317712,"Признаков ролей нет: 1 отправителей, 0 получателей; вход 100,0 тыс ₸, выход 0,00 ₸"
100000002212494100,peripheral,0.7333,31,0.316929,"Признаков ролей нет: 1 отправителей, 0 получателей; вход 160,0 тыс ₸, выход 0,00 ₸"
100000002842321100,peripheral,0.7333,5,0.316929,"Признаков ролей нет: 1 отправителей, 0 получателей; вход 160,0 тыс ₸, выход 0,00 ₸"
100000002826669100,peripheral,0.7335,0,0.316124,"Признаков ролей нет: 1 отправителей, 0 получателей; вход 159,9 тыс ₸, выход 0,00 ₸"
100000008221765100,peripheral,0.7200,5,0.316009,"Признаков ролей нет: 1 отправителей, 0 получателей; вход 156,4 тыс ₸, выход 0,00 ₸; исходящие не прослежены (колено 4)"
100000007511780100,peripheral,0.7200,0,0.315663,"Признаков ролей нет: 1 отправителей, 0 получателей; вход 155,0 тыс ₸, выход 0,00 ₸; исходящие не прослежены (колено 4)"
100000004756901100,peripheral,0.7446,4,0.315088,"Признаков ролей нет: 1 отправителей, 0 получателей; вход 153,2 тыс ₸, выход 0,00 ₸"
100000000557536100,peripheral,0.7200,36,0.314973,"Признаков ролей нет: 1 отправителей, 0 получателей; вход 153,0 тыс ₸, выход 0,00 ₸; исходящие не прослежены (колено 4)"
100000008730238100,peripheral,0.7200,2,0.314904,"Признаков ролей нет: 1 отправителей, 0 получателей; вход 113,0 тыс ₸, выход 0,00 ₸; исходящие не прослежены (колено 4)"
100000001329153100,peripheral,0.7489,0,0.314398,"Признаков ролей нет: 1 отправителей, 0 получателей; вход 150,7 тыс ₸, выход 0,00 ₸"
100000001822650100,peripheral,0.7200,2,0.314098,"Признаков ролей нет: 1 отправителей, 0 получателей; вход 112,0 тыс ₸, выход 0,00 ₸; исходящие не прослежены (колено 4)"
100000003292191100,peripheral,0.8133,21,0.314098,"Признаков ролей нет: 1 отправителей, 0 получателей; вход 112,0 тыс ₸, выход 0,00 ₸"
100000001046626100,peripheral,0.7500,5,0.314052,"Признаков ролей нет: 1 отправителей, 0 получателей; вход 150,0 тыс ₸, выход 0,00 ₸"
100000001961048100,peripheral,0.7500,30,0.314052,"Признаков ролей нет: 1 отправителей, 0 получателей; вход 150,0 тыс ₸, выход 0,00 ₸"
100000002459240100,peripheral,0.7500,5,0.314052,"Признаков ролей нет: 1 отправителей, 0 получателей; вход 150,0 тыс ₸, выход 0,00 ₸"
100000003486970100,peripheral,0.7500,5,0.314052,"Признаков ролей нет: 1 отправителей, 0 получателей; вход 150,0 тыс ₸, выход 0,00 ₸"
100000001825934100,peripheral,0.9000,37,0.314029,"Признаков ролей нет: 1 отправителей, 1 получателей; вход 40,0 тыс ₸, выход 97,0 тыс ₸; отдаёт больше наблюдаемого входа — вероятны внешние поступления"
100000001229743100,peripheral,0.7143,0,0.313707,"Признаков ролей нет: 1 отправителей, 1 получателей; вход 7,0 тыс ₸, выход 9,0 тыс ₸; отдаёт больше наблюдаемого входа — вероятны внешние поступления"
100000002734815100,peripheral,0.7200,2,0.313638,"Признаков ролей нет: 1 отправителей, 0 получателей; вход 110,0 тыс ₸, выход 0,00 ₸; исходящие не прослежены (колено 4)"
100000003230329100,peripheral,0.7200,2,0.313638,"Признаков ролей нет: 1 отправителей, 0 получателей; вход 110,0 тыс ₸, выход 0,00 ₸; исходящие не прослежены (колено 4)"
100000001202787100,peripheral,0.6400,0,0.313109,"Признаков ролей нет: 2 отправителей, 0 получателей; вход 14,8 тыс ₸, выход 0,00 ₸; исходящие не прослежены (колено 4)"
100000001299323100,peripheral,0.7200,2,0.312602,"Признаков ролей нет: 1 отправителей, 0 получателей; вход 109,0 тыс ₸, выход 0,00 ₸; исходящие не прослежены (колено 4)"
100000008624978100,peripheral,0.8183,20,0.312602,"Признаков ролей нет: 1 отправителей, 0 получателей; вход 109,0 тыс ₸, выход 0,00 ₸"
100000003252446100,peripheral,0.7200,2,0.312372,"Признаков ролей нет: 1 отправителей, 0 получателей; вход 108,6 тыс ₸, выход 0,00 ₸; исходящие не прослежены (колено 4)"
100000005367445100,transit,1.0000,2,0.311935,"Признаки транзита: дальше 100% входа (коридор 80–120%); вход 5,0 тыс ₸, выход 5,0 тыс ₸"
100000003180305100,peripheral,0.7200,0,0.311750,"Признаков ролей нет: 1 отправителей, 0 получателей; вход 144,0 тыс ₸, выход 0,00 ₸; исходящие не прослежены (колено 4)"
100000005360814100,peripheral,0.7200,6,0.311750,"Признаков ролей нет: 1 отправителей, 0 получателей; вход 144,0 тыс ₸, выход 0,00 ₸; исходящие не прослежены (колено 4)"
100000002539625100,peripheral,0.8422,2,0.311612,"Признаков ролей нет: 1 отправителей, 0 получателей; вход 94,7 тыс ₸, выход 0,00 ₸"
100000003819173100,peripheral,0.7200,6,0.311405,"Признаков ролей нет: 1 отправителей, 0 получателей; вход 143,8 тыс ₸, выход 0,00 ₸; исходящие не прослежены (колено 4)"
100000003074515100,peripheral,0.7200,2,0.311106,"Признаков ролей нет: 1 отправителей, 0 получателей; вход 105,0 тыс ₸, выход 0,00 ₸; исходящие не прослежены (колено 4)"
100000006532229100,peripheral,0.8250,2,0.311106,"Признаков ролей нет: 1 отправителей, 0 получателей; вход 105,0 тыс ₸, выход 0,00 ₸"
100000004657034100,peripheral,0.7646,5,0.310945,"Признаков ролей нет: 1 отправителей, 0 получателей; вход 141,2 тыс ₸, выход 0,00 ₸"
100000001362940100,peripheral,0.8650,3,0.310508,"Признаков ролей нет: 1 отправителей, 0 получателей; вход 81,0 тыс ₸, выход 0,00 ₸"
100000002831727100,peripheral,0.9000,17,0.310369,"Признаков ролей нет: 1 отправителей, 1 получателей; вход 6,0 тыс ₸, выход 77,0 тыс ₸; отдаёт больше наблюдаемого входа — вероятны внешние поступления"
100000002335358100,peripheral,0.7667,4,0.310139,"Признаков ролей нет: 1 отправителей, 0 получателей; вход 140,0 тыс ₸, выход 0,00 ₸"
100000002605184100,peripheral,0.7667,15,0.310139,"Признаков ролей нет: 1 отправителей, 0 получателей; вход 140,0 тыс ₸, выход 0,00 ₸"
100000004674799100,peripheral,0.7667,0,0.310139,"Признаков ролей нет: 1 отправителей, 0 получателей; вход 140,0 тыс ₸, выход 0,00 ₸"
100000001164648100,peripheral,0.8000,18,0.310116,"Признаков ролей нет: 2 отправителей, 0 получателей; вход 13,7 тыс ₸, выход 0,00 ₸"
100000006446271100,peripheral,0.8000,3,0.310047,"Признаков ролей нет: 2 отправителей, 0 получателей; вход 80,0 тыс ₸, выход 0,00 ₸"
100000005052998100,peripheral,0.9000,0,0.310001,"Признаков ролей нет: 1 отправителей, 1 получателей; вход 9,5 тыс ₸, выход 28,4 тыс ₸; отдаёт больше наблюдаемого входа — вероятны внешние поступления"
100000003180820100,peripheral,0.7200,2,0.309610,"Признаков ролей нет: 1 отправителей, 0 получателей; вход 101,0 тыс ₸, выход 0,00 ₸; исходящие не прослежены (колено 4)"
100000007689942100,peripheral,0.9000,17,0.309587,"Признаков ролей нет: 1 отправителей, 2 получателей; вход 5,0 тыс ₸, выход 25,0 тыс ₸; отдаёт больше наблюдаемого входа — вероятны внешние поступления"
100000002938501100,peripheral,0.9000,4,0.309449,"Признаков ролей нет: 1 отправителей, 1 получателей; вход 8,4 тыс ₸, выход 5,0 тыс ₸"
100000000803368100,peripheral,0.7200,14,0.309219,"Признаков ролей нет: 1 отправителей, 0 получателей; вход 139,5 тыс ₸, выход 0,00 ₸; исходящие не прослежены (колено 4)"
100000002877262100,peripheral,0.8333,2,0.309149,"Признаков ролей нет: 1 отправителей, 0 получателей; вход 100,0 тыс ₸, выход 0,00 ₸"
100000003134550100,peripheral,0.7200,2,0.309149,"Признаков ролей нет: 1 отправителей, 0 получателей; вход 100,0 тыс ₸, выход 0,00 ₸; исходящие не прослежены (колено 4)"
100000003321423100,peripheral,0.8333,33,0.309149,"Признаков ролей нет: 1 отправителей, 0 получателей; вход 100,0 тыс ₸, выход 0,00 ₸"
100000004418967100,peripheral,0.7200,2,0.309149,"Признаков ролей нет: 1 отправителей, 0 получателей; вход 100,0 тыс ₸, выход 0,00 ₸; исходящие не прослежены (колено 4)"
100000005241556100,peripheral,0.8333,20,0.309149,"Признаков ролей нет: 1 отправителей, 0 получателей; вход 100,0 тыс ₸, выход 0,00 ₸"
100000008070101100,peripheral,0.8333,2,0.309149,"Признаков ролей нет: 1 отправителей, 0 получателей; вход 100,0 тыс ₸, выход 0,00 ₸"
100000001726614100,peripheral,0.7688,0,0.308988,"Признаков ролей нет: 1 отправителей, 0 получателей; вход 138,7 тыс ₸, выход 0,00 ₸"
100000002492277100,peripheral,0.7692,3,0.308873,"Признаков ролей нет: 1 отправителей, 0 получателей; вход 138,5 тыс ₸, выход 0,00 ₸"
100000003216073100,peripheral,0.9000,20,0.308436,"Признаков ролей нет: 1 отправителей, 1 получателей; вход 37,0 тыс ₸, выход 70,0 тыс ₸; отдаёт больше наблюдаемого входа — вероятны внешние поступления"
100000008376089100,peripheral,0.7750,30,0.307722,"Признаков ролей нет: 1 отправителей, 0 получателей; вход 135,0 тыс ₸, выход 0,00 ₸"
100000001688676100,peripheral,0.7772,17,0.307262,"Признаков ролей нет: 1 отправителей, 0 получателей; вход 133,7 тыс ₸, выход 0,00 ₸"
100000002435265100,peripheral,0.7790,0,0.307032,"Признаков ролей нет: 1 отправителей, 0 получателей; вход 132,6 тыс ₸, выход 0,00 ₸"
100000008671929100,peripheral,0.8750,3,0.306825,"Признаков ролей нет: 1 отправителей, 0 получателей; вход 75,0 тыс ₸, выход 0,00 ₸"
100000004800648100,peripheral,0.7200,12,0.306687,"Признаков ролей нет: 1 отправителей, 0 получателей; вход 131,0 тыс ₸, выход 0,00 ₸; исходящие не прослежены (колено 4)"
100000002906470100,peripheral,0.7833,17,0.306456,"Признаков ролей нет: 1 отправителей, 0 получателей; вход 130,0 тыс ₸, выход 0,00 ₸"
100000003073635100,peripheral,0.7846,6,0.305881,"Признаков ролей нет: 1 отправителей, 0 получателей; вход 129,2 тыс ₸, выход 0,00 ₸"
100000002947299100,peripheral,0.8583,3,0.305628,"Признаков ролей нет: 1 отправителей, 0 получателей; вход 85,0 тыс ₸, выход 0,00 ₸"
100000003271151100,peripheral,0.7878,6,0.305421,"Признаков ролей нет: 1 отправителей, 0 получателей; вход 127,3 тыс ₸, выход 0,00 ₸"
100000005897462100,peripheral,0.8360,11,0.305237,"Признаков ролей нет: 1 отправителей, 0 получателей; вход 98,4 тыс ₸, выход 0,00 ₸"
100000002454724100,peripheral,0.7917,30,0.304960,"Признаков ролей нет: 1 отправителей, 0 получателей; вход 125,0 тыс ₸, выход 0,00 ₸"
100000003497735100,peripheral,0.7917,17,0.304960,"Признаков ролей нет: 1 отправителей, 0 получателей; вход 125,0 тыс ₸, выход 0,00 ₸"
100000000979923100,peripheral,0.8368,11,0.304891,"Признаков ролей нет: 1 отправителей, 0 получателей; вход 97,9 тыс ₸, выход 0,00 ₸"
100000006756956100,peripheral,0.7200,0,0.304040,"Признаков ролей нет: 1 отправителей, 0 получателей; вход 121,2 тыс ₸, выход 0,00 ₸; исходящие не прослежены (колено 4)"
100000002666248100,peripheral,0.8833,3,0.303948,"Признаков ролей нет: 1 отправителей, 0 получателей; вход 70,0 тыс ₸, выход 0,00 ₸"
100000004892144100,peripheral,0.8000,24,0.303602,"Признаков ролей нет: 2 отправителей, 1 получателей; вход 4,5 млн ₸, выход 180,3 тыс ₸"
100000001934935100,peripheral,0.8018,0,0.303119,"Признаков ролей нет: 1 отправителей, 0 получателей; вход 118,9 тыс ₸, выход 0,00 ₸"
100000002432143100,peripheral,0.8645,3,0.303096,"Признаков ролей нет: 1 отправителей, 0 получателей; вход 81,3 тыс ₸, выход 0,00 ₸"
100000002621434100,peripheral,0.8650,2,0.302981,"Признаков ролей нет: 1 отправителей, 0 получателей; вход 81,0 тыс ₸, выход 0,00 ₸"
100000000594783100,peripheral,0.9000,24,0.302797,"Признаков ролей нет: 1 отправителей, 2 получателей; вход 2,6 млн ₸, выход 152,5 тыс ₸"
100000002890167100,peripheral,0.8031,4,0.302543,"Признаков ролей нет: 1 отправителей, 0 получателей; вход 118,2 тыс ₸, выход 0,00 ₸"
100000000552584100,peripheral,0.9000,24,0.302451,"Признаков ролей нет: 1 отправителей, 1 получателей; вход 2,5 млн ₸, выход 57,5 тыс ₸"
100000003696422100,peripheral,0.7200,31,0.302428,"Признаков ролей нет: 1 отправителей, 0 получателей; вход 118,0 тыс ₸, выход 0,00 ₸; исходящие не прослежены (колено 4)"
100000004007116100,peripheral,0.7000,25,0.302365,"Признаков ролей нет: 3 отправителей, 4 получателей; вход 764,7 тыс ₸, выход 148,0 тыс ₸; seed: входящие неполные"
100000003284932100,peripheral,0.8835,3,0.302106,"Признаков ролей нет: 1 отправителей, 0 получателей; вход 69,9 тыс ₸, выход 0,00 ₸"
100000003134474100,peripheral,0.8067,5,0.301968,"Признаков ролей нет: 1 отправителей, 0 получателей; вход 116,0 тыс ₸, выход 0,00 ₸"
100000002769809100,peripheral,0.8110,17,0.301623,"Признаков ролей нет: 1 отправителей, 0 получателей; вход 113,4 тыс ₸, выход 0,00 ₸"
100000000555721100,peripheral,0.8000,0,0.301508,"Признаков ролей нет: 2 отправителей, 0 получателей; вход 113,0 тыс ₸, выход 0,00 ₸"
100000002612809100,peripheral,0.8500,37,0.301300,"Признаков ролей нет: 1 отправителей, 3 получателей; вход 30,0 тыс ₸, выход 114,0 тыс ₸; отдаёт больше наблюдаемого входа — вероятны внешние поступления"
100000004408683100,peripheral,0.8000,4,0.301162,"Признаков ролей нет: 2 отправителей, 0 получателей; вход 112,9 тыс ₸, выход 0,00 ₸"
100000006445501100,peripheral,0.8483,11,0.300863,"Признаков ролей нет: 1 отправителей, 0 получателей; вход 91,0 тыс ₸, выход 0,00 ₸"
100000003242795100,peripheral,0.8150,5,0.300472,"Признаков ролей нет: 1 отправителей, 0 получателей; вход 111,0 тыс ₸, выход 0,00 ₸"
100000008634520100,peripheral,0.8500,2,0.300288,"Признаков ролей нет: 1 отправителей, 0 получателей; вход 90,0 тыс ₸, выход 0,00 ₸"
100000002242455100,peripheral,0.7200,5,0.300242,"Признаков ролей нет: 1 отправителей, 0 получателей; вход 110,0 тыс ₸, выход 0,00 ₸; исходящие не прослежены (колено 4)"
100000003186579100,peripheral,0.7200,6,0.300242,"Признаков ролей нет: 1 отправителей, 0 получателей; вход 110,0 тыс ₸, выход 0,00 ₸; исходящие не прослежены (колено 4)"
100000008713270100,peripheral,0.8500,8,0.299827,"Признаков ролей нет: 1 отправителей, 3 получателей; вход 30,0 тыс ₸, выход 190,0 тыс ₸; отдаёт больше наблюдаемого входа — вероятны внешние поступления"
100000001851289100,peripheral,0.8175,4,0.299321,"Признаков ролей нет: 1 отправителей, 0 получателей; вход 109,5 тыс ₸, выход 0,00 ₸"
100000005820746100,peripheral,0.9000,24,0.298976,"Признаков ролей нет: 1 отправителей, 1 получателей; вход 2,0 млн ₸, выход 60,0 тыс ₸"
100000004134060100,peripheral,0.8530,20,0.298561,"Признаков ролей нет: 1 отправителей, 0 получателей; вход 88,2 тыс ₸, выход 0,00 ₸"
100000003125997100,peripheral,0.7200,2,0.298331,"Признаков ролей нет: 1 отправителей, 0 получателей; вход 87,8 тыс ₸, выход 0,00 ₸; исходящие не прослежены (колено 4)"
100000005264874100,peripheral,0.9000,37,0.298078,"Признаков ролей нет: 1 отправителей, 2 получателей; вход 30,0 тыс ₸, выход 78,0 тыс ₸; отдаёт больше наблюдаемого входа — вероятны внешние поступления"
100000000440392100,peripheral,0.8238,4,0.298055,"Признаков ролей нет: 1 отправителей, 0 получателей; вход 105,7 тыс ₸, выход 0,00 ₸"
100000008337304100,peripheral,0.7200,6,0.297825,"Признаков ролей нет: 1 отправителей, 0 получателей; вход 105,5 тыс ₸, выход 0,00 ₸; исходящие не прослежены (колено 4)"
100000003942602100,transit,1.0000,1,0.297341,"Признаки транзита: дальше 100% входа (коридор 80–120%); вход 30,0 тыс ₸, выход 30,0 тыс ₸"
100000004539443100,peripheral,0.8000,3,0.297272,"Признаков ролей нет: 2 отправителей, 0 получателей; вход 62,0 тыс ₸, выход 0,00 ₸"
100000003760160100,peripheral,0.8259,5,0.297249,"Признаков ролей нет: 1 отправителей, 0 получателей; вход 104,5 тыс ₸, выход 0,00 ₸"
100000000802149100,peripheral,0.8265,0,0.297134,"Признаков ролей нет: 1 отправителей, 0 получателей; вход 104,1 тыс ₸, выход 0,00 ₸"
100000001524952100,peripheral,0.8270,0,0.297019,"Признаков ролей нет: 1 отправителей, 0 получателей; вход 103,8 тыс ₸, выход 0,00 ₸"
100000005893892100,peripheral,0.8287,5,0.296789,"Признаков ролей нет: 1 отправителей, 0 получателей; вход 102,8 тыс ₸, выход 0,00 ₸"
100000000817146100,peripheral,0.8833,4,0.296306,"Признаков ролей нет: 1 отправителей, 0 получателей; вход 70,0 тыс ₸, выход 0,00 ₸"
100000004601193100,peripheral,0.7200,11,0.296145,"Признаков ролей нет: 1 отправителей, 0 получателей; вход 84,0 тыс ₸, выход 0,00 ₸; исходящие не прослежены (колено 4)"
100000002550141100,peripheral,0.8324,6,0.296099,"Признаков ролей нет: 1 отправителей, 0 получателей; вход 100,6 тыс ₸, выход 0,00 ₸"
100000002087788100,peripheral,0.8325,5,0.295983,"Признаков ролей нет: 1 отправителей, 0 получателей; вход 100,5 тыс ₸, выход 0,00 ₸"
100000005454368100,peripheral,0.8000,13,0.295771,"Признаков ролей нет: 2 отправителей, 0 получателей; вход 48,6 тыс ₸, выход 0,00 ₸; seed: входящие неполные"
100000001299828100,peripheral,0.7200,0,0.295753,"Признаков ролей нет: 1 отправителей, 0 получателей; вход 100,0 тыс ₸, выход 0,00 ₸; исходящие не прослежены (колено 4)"
100000001533161100,peripheral,0.7200,45,0.295753,"Признаков ролей нет: 1 отправителей, 0 получателей; вход 100,0 тыс ₸, выход 0,00 ₸; исходящие не прослежены (колено 4)"
100000003112436100,peripheral,0.8333,4,0.295753,"Признаков ролей нет: 1 отправителей, 0 получателей; вход 100,0 тыс ₸, выход 0,00 ₸"
100000003647799100,peripheral,0.8333,5,0.295753,"Признаков ролей нет: 1 отправителей, 0 получателей; вход 100,0 тыс ₸, выход 0,00 ₸"
100000004840086100,peripheral,0.7200,0,0.295753,"Признаков ролей нет: 1 отправителей, 0 получателей; вход 100,0 тыс ₸, выход 0,00 ₸; исходящие не прослежены (колено 4)"
100000006100920100,peripheral,0.8333,0,0.295753,"Признаков ролей нет: 1 отправителей, 0 получателей; вход 100,0 тыс ₸, выход 0,00 ₸"
100000007653003100,peripheral,0.8333,16,0.295753,"Признаков ролей нет: 1 отправителей, 0 получателей; вход 100,0 тыс ₸, выход 0,00 ₸"
100000008343415100,peripheral,0.7200,20,0.295753,"Признаков ролей нет: 1 отправителей, 0 получателей; вход 100,0 тыс ₸, выход 0,00 ₸; исходящие не прослежены (колено 4)"
100000008560263100,peripheral,0.7200,5,0.295753,"Признаков ролей нет: 1 отправителей, 0 получателей; вход 100,0 тыс ₸, выход 0,00 ₸; исходящие не прослежены (колено 4)"
100000008576243100,peripheral,0.8000,0,0.295569,"Признаков ролей нет: 2 отправителей, 0 получателей; вход 82,9 тыс ₸, выход 0,00 ₸"
100000006745291100,peripheral,0.8624,11,0.295454,"Признаков ролей нет: 1 отправителей, 0 получателей; вход 82,5 тыс ₸, выход 0,00 ₸"
100000008601794100,peripheral,0.8000,56,0.295028,"Признаков ролей нет: 2 отправителей, 1 получателей; вход 494,4 тыс ₸, выход 871,4 тыс ₸; seed: входящие неполные"
100000003739818100,peripheral,0.9000,3,0.293820,"Признаков ролей нет: 1 отправителей, 0 получателей; вход 57,3 тыс ₸, выход 0,00 ₸"
100000005049404100,peripheral,0.7200,5,0.291610,"Признаков ролей нет: 1 отправителей, 0 получателей; вход 98,0 тыс ₸, выход 0,00 ₸; исходящие не прослежены (колено 4)"
100000004318918100,peripheral,0.8740,11,0.291426,"Признаков ролей нет: 1 отправителей, 0 получателей; вход 75,6 тыс ₸, выход 0,00 ₸"
100000008703533100,peripheral,0.7200,2,0.290735,"Признаков ролей нет: 1 отправителей, 0 получателей; вход 75,0 тыс ₸, выход 0,00 ₸; исходящие не прослежены (колено 4)"
100000003102157100,peripheral,0.8388,0,0.290689,"Признаков ролей нет: 1 отправителей, 0 получателей; вход 96,7 тыс ₸, выход 0,00 ₸"
100000001554432100,peripheral,0.9000,3,0.290597,"Признаков ролей нет: 1 отправителей, 0 получателей; вход 53,9 тыс ₸, выход 0,00 ₸"
100000001484381100,peripheral,0.8000,7,0.290574,"Признаков ролей нет: 2 отправителей, 0 получателей; вход 95,6 тыс ₸, выход 0,00 ₸"
100000002695812100,peripheral,0.7200,7,0.290344,"Признаков ролей нет: 1 отправителей, 0 получателей; вход 95,0 тыс ₸, выход 0,00 ₸; исходящие не прослежены (колено 4)"
100000002705460100,peripheral,0.8417,4,0.290344,"Признаков ролей нет: 1 отправителей, 0 получателей; вход 95,0 тыс ₸, выход 0,00 ₸"
100000008050986100,peripheral,0.7200,5,0.290344,"Признаков ролей нет: 1 отправителей, 0 получателей; вход 95,0 тыс ₸, выход 0,00 ₸; исходящие не прослежены (колено 4)"
100000001166289100,peripheral,0.8000,1,0.289999,"Признаков ролей нет: 2 отправителей, 1 получателей; вход 721,0 тыс ₸, выход 25,0 тыс ₸"
100000002015633100,peripheral,0.8417,5,0.289999,"Признаков ролей нет: 1 отправителей, 0 получателей; вход 95,0 тыс ₸, выход 0,00 ₸"
100000008582730100,transit,1.0000,17,0.289976,"Признаки транзита: дальше 100% входа (коридор 80–120%); вход 5,0 тыс ₸, выход 5,0 тыс ₸"
100000001276409100,peripheral,0.7200,7,0.289884,"Признаков ролей нет: 1 отправителей, 0 получателей; вход 94,8 тыс ₸, выход 0,00 ₸; исходящие не прослежены (колено 4)"
100000004360785100,peripheral,0.8422,4,0.289769,"Признаков ролей нет: 1 отправителей, 0 получателей; вход 94,7 тыс ₸, выход 0,00 ₸"
100000003037660100,peripheral,0.9000,3,0.289446,"Признаков ролей нет: 1 отправителей, 0 получателей; вход 53,0 тыс ₸, выход 0,00 ₸"
100000004979498100,peripheral,0.9000,52,0.289423,"Признаков ролей нет: 1 отправителей, 1 получателей; вход 700,0 тыс ₸, выход 200,0 тыс ₸"
100000005974542100,peripheral,0.8425,23,0.289423,"Признаков ролей нет: 1 отправителей, 0 получателей; вход 94,5 тыс ₸, выход 0,00 ₸"
100000000917179100,peripheral,0.8426,14,0.289193,"Признаков ролей нет: 1 отправителей, 0 получателей; вход 94,5 тыс ₸, выход 0,00 ₸"
100000005567828100,peripheral,0.7200,7,0.289078,"Признаков ролей нет: 1 отправителей, 0 получателей; вход 94,0 тыс ₸, выход 0,00 ₸; исходящие не прослежены (колено 4)"
100000003060187100,peripheral,0.8449,17,0.288618,"Признаков ролей нет: 1 отправителей, 0 получателей; вход 93,0 тыс ₸, выход 0,00 ₸"
100000008571433100,peripheral,0.8000,52,0.288106,"Признаков ролей нет: 2 отправителей, 2 получателей; вход 350,0 тыс ₸, выход 1,4 млн ₸; seed: входящие неполные"
100000003988112100,peripheral,0.7609,19,0.288042,"Признаков ролей нет: 1 отправителей, 1 получателей; вход 92,0 тыс ₸, выход 64,0 тыс ₸"
100000002779485100,peripheral,0.8483,6,0.287467,"Признаков ролей нет: 1 отправителей, 0 получателей; вход 91,0 тыс ₸, выход 0,00 ₸"
100000004064431100,peripheral,0.9000,25,0.286984,"Признаков ролей нет: 1 отправителей, 1 получателей; вход 26,0 тыс ₸, выход 10,0 тыс ₸"
100000002208836100,peripheral,0.7200,5,0.286891,"Признаков ролей нет: 1 отправителей, 0 получателей; вход 90,0 тыс ₸, выход 0,00 ₸; исходящие не прослежены (колено 4)"
100000002284426100,peripheral,0.8500,5,0.286891,"Признаков ролей нет: 1 отправителей, 0 получателей; вход 90,0 тыс ₸, выход 0,00 ₸"
100000002487222100,peripheral,0.7200,5,0.286891,"Признаков ролей нет: 1 отправителей, 0 получателей; вход 90,0 тыс ₸, выход 0,00 ₸; исходящие не прослежены (колено 4)"
100000005061890100,peripheral,0.8500,3,0.286891,"Признаков ролей нет: 1 отправителей, 0 получателей; вход 90,0 тыс ₸, выход 0,00 ₸"
100000008352542100,peripheral,0.9000,3,0.285994,"Признаков ролей нет: 1 отправителей, 0 получателей; вход 50,2 тыс ₸, выход 0,00 ₸"
100000000945428100,peripheral,0.8506,0,0.285741,"Признаков ролей нет: 1 отправителей, 0 получателей; вход 89,6 тыс ₸, выход 0,00 ₸"
100000001194266100,peripheral,0.9000,3,0.285649,"Признаков ролей нет: 1 отправителей, 0 получателей; вход 50,0 тыс ₸, выход 0,00 ₸"
100000003476560100,peripheral,0.9000,3,0.285649,"Признаков ролей нет: 1 отправителей, 0 получателей; вход 50,0 тыс ₸, выход 0,00 ₸"
100000002983426100,peripheral,0.8518,7,0.285280,"Признаков ролей нет: 1 отправителей, 0 получателей; вход 88,9 тыс ₸, выход 0,00 ₸"
100000008422226100,peripheral,0.8542,0,0.284705,"Признаков ролей нет: 1 отправителей, 0 получателей; вход 87,5 тыс ₸, выход 0,00 ₸"
100000002457464100,peripheral,0.8889,3,0.284636,"Признаков ролей нет: 1 отправителей, 0 получателей; вход 66,6 тыс ₸, выход 0,00 ₸"
100000007020162100,peripheral,0.8560,14,0.284244,"Признаков ролей нет: 1 отправителей, 0 получателей; вход 86,4 тыс ₸, выход 0,00 ₸"
100000002791494100,peripheral,0.7200,7,0.284014,"Признаков ролей нет: 1 отправителей, 0 получателей; вход 85,9 тыс ₸, выход 0,00 ₸; исходящие не прослежены (колено 4)"
100000002653948100,peripheral,0.8580,5,0.283784,"Признаков ролей нет: 1 отправителей, 0 получателей; вход 85,2 тыс ₸, выход 0,00 ₸"
100000002926970100,peripheral,0.8583,7,0.283669,"Признаков ролей нет: 1 отправителей, 0 получателей; вход 85,0 тыс ₸, выход 0,00 ₸"
100000008735802100,peripheral,0.7200,0,0.283669,"Признаков ролей нет: 1 отправителей, 0 получателей; вход 85,0 тыс ₸, выход 0,00 ₸; исходящие не прослежены (колено 4)"
100000008737514100,peripheral,0.8583,15,0.283669,"Признаков ролей нет: 1 отправителей, 0 получателей; вход 85,0 тыс ₸, выход 0,00 ₸"
100000001074553100,peripheral,0.8000,2,0.283209,"Признаков ролей нет: 2 отправителей, 0 получателей; вход 29,0 тыс ₸, выход 0,00 ₸"
100000005394708100,peripheral,0.9000,19,0.283117,"Признаков ролей нет: 1 отправителей, 1 получателей; вход 26,0 тыс ₸, выход 65,0 тыс ₸; отдаёт больше наблюдаемого входа — вероятны внешние поступления"
100000006595426100,peripheral,0.8587,0,0.282978,"Признаков ролей нет: 1 отправителей, 0 получателей; вход 84,8 тыс ₸, выход 0,00 ₸"
100000001669260100,peripheral,0.7200,20,0.282863,"Признаков ролей нет: 1 отправителей, 0 получателей; вход 500,0 тыс ₸, выход 0,00 ₸; исходящие не прослежены (колено 4)"
100000006111442100,peripheral,0.8933,2,0.282564,"Признаков ролей нет: 1 отправителей, 0 получателей; вход 64,0 тыс ₸, выход 0,00 ₸"
100000001046057100,peripheral,0.8610,2,0.282518,"Признаков ролей нет: 1 отправителей, 0 получателей; вход 83,4 тыс ₸, выход 0,00 ₸"
100000003888197100,peripheral,0.8614,5,0.282403,"Признаков ролей нет: 1 отправителей, 0 получателей; вход 83,2 тыс ₸, выход 0,00 ₸"
100000008729597100,peripheral,0.8615,6,0.282288,"Признаков ролей нет: 1 отправителей, 0 получателей; вход 83,1 тыс ₸, выход 0,00 ₸"
100000007754369100,peripheral,0.8626,0,0.281943,"Признаков ролей нет: 1 отправителей, 0 получателей; вход 82,4 тыс ₸, выход 0,00 ₸"
100000008314203100,peripheral,0.8000,40,0.281787,"Признаков ролей нет: 2 отправителей, 2 получателей; вход 382,1 тыс ₸, выход 327,0 тыс ₸; seed: входящие неполные"
100000008174521100,peripheral,0.8631,4,0.281713,"Признаков ролей нет: 1 отправителей, 0 получателей; вход 82,1 тыс ₸, выход 0,00 ₸"
100000002516862100,peripheral,0.7200,60,0.281367,"Признаков ролей нет: 1 отправителей, 0 получателей; вход 81,7 тыс ₸, выход 0,00 ₸; исходящие не прослежены (колено 4)"
100000001737722100,peripheral,0.8992,3,0.280608,"Признаков ролей нет: 1 отправителей, 0 получателей; вход 60,5 тыс ₸, выход 0,00 ₸"
100000004673335100,peripheral,0.7200,30,0.280562,"Признаков ролей нет: 1 отправителей, 0 получателей; вход 80,0 тыс ₸, выход 0,00 ₸; исходящие не прослежены (колено 4)"
100000005456919100,peripheral,0.8000,43,0.280216,"Признаков ролей нет: 2 отправителей, 1 получателей; вход 479,9 тыс ₸, выход 5,0 тыс ₸"
100000003345947100,peripheral,0.7200,6,0.279986,"Признаков ролей нет: 1 отправителей, 0 получателей; вход 79,5 тыс ₸, выход 0,00 ₸; исходящие не прослежены (колено 4)"
100000003292979100,peripheral,0.9000,3,0.279894,"Признаков ролей нет: 1 отправителей, 0 получателей; вход 49,0 тыс ₸, выход 0,00 ₸"
100000005175148100,peripheral,0.8000,15,0.279871,"Признаков ролей нет: 2 отправителей, 1 получателей; вход 79,0 тыс ₸, выход 15,0 тыс ₸"
100000002757240100,peripheral,0.9000,3,0.279848,"Признаков ролей нет: 1 отправителей, 0 получателей; вход 51,2 тыс ₸, выход 0,00 ₸"
100000002119762100,peripheral,0.7200,5,0.279411,"Признаков ролей нет: 1 отправителей, 0 получателей; вход 77,0 тыс ₸, выход 0,00 ₸; исходящие не прослежены (колено 4)"
100000003636627100,peripheral,0.9000,8,0.279411,"Признаков ролей нет: 1 отправителей, 1 получателей; вход 77,0 тыс ₸, выход 10,0 тыс ₸"
100000005628518100,peripheral,0.8717,17,0.279411,"Признаков ролей нет: 1 отправителей, 0 получателей; вход 77,0 тыс ₸, выход 0,00 ₸"
100000005878334100,peripheral,0.7200,20,0.278720,"Признаков ролей нет: 1 отправителей, 0 получателей; вход 76,4 тыс ₸, выход 0,00 ₸; исходящие не прослежены (колено 4)"
100000002835874100,peripheral,0.7200,2,0.278651,"Признаков ролей нет: 1 отправителей, 0 получателей; вход 58,7 тыс ₸, выход 0,00 ₸; исходящие не прослежены (колено 4)"
100000002729875100,peripheral,0.7200,7,0.278605,"Признаков ролей нет: 1 отправителей, 0 получателей; вход 76,0 тыс ₸, выход 0,00 ₸; исходящие не прослежены (колено 4)"
100000006901046100,peripheral,0.9000,4,0.278145,"Признаков ролей нет: 1 отправителей, 1 получателей; вход 75,8 тыс ₸, выход 5,5 тыс ₸"
100000001835625100,peripheral,0.8748,5,0.277569,"Признаков ролей нет: 1 отправителей, 0 получателей; вход 75,1 тыс ₸, выход 0,00 ₸"
100000005264990100,peripheral,0.9000,19,0.277351,"Признаков ролей нет: 1 отправителей, 2 получателей; вход 17,1 тыс ₸, выход 122,0 тыс ₸; seed: входящие неполные"
100000004500781100,peripheral,0.7200,14,0.276764,"Признаков ролей нет: 1 отправителей, 0 получателей; вход 74,0 тыс ₸, выход 0,00 ₸; исходящие не прослежены (колено 4)"
100000000806727100,peripheral,0.9000,3,0.276441,"Признаков ролей нет: 1 отправителей, 1 получателей; вход 45,0 тыс ₸, выход 5,0 тыс ₸"
100000005904580100,peripheral,0.8000,12,0.275613,"Признаков ролей нет: 2 отправителей, 0 получателей; вход 72,0 тыс ₸, выход 0,00 ₸"
100000002847207100,peripheral,0.9000,3,0.275521,"Признаков ролей нет: 1 отправителей, 0 получателей; вход 46,2 тыс ₸, выход 0,00 ₸"
100000006534886100,peripheral,0.9000,4,0.275383,"Признаков ролей нет: 1 отправителей, 1 получателей; вход 71,7 тыс ₸, выход 167,5 тыс ₸; отдаёт больше наблюдаемого входа — вероятны внешние поступления"
100000006952718100,peripheral,0.8809,4,0.275268,"Признаков ролей нет: 1 отправителей, 0 получателей; вход 71,5 тыс ₸, выход 0,00 ₸"
100000008629581100,peripheral,0.9000,3,0.274968,"Признаков ролей нет: 1 отправителей, 0 получателей; вход 54,2 тыс ₸, выход 0,00 ₸"
100000001052789100,peripheral,0.8817,17,0.274807,"Признаков ролей нет: 1 отправителей, 0 получателей; вход 71,0 тыс ₸, выход 0,00 ₸"
100000001853812100,peripheral,0.8833,6,0.274232,"Признаков ролей нет: 1 отправителей, 0 получателей; вход 70,0 тыс ₸, выход 0,00 ₸"
100000002968096100,peripheral,0.7200,6,0.274232,"Признаков ролей нет: 1 отправителей, 0 получателей; вход 70,0 тыс ₸, выход 0,00 ₸; исходящие не прослежены (колено 4)"
100000003610172100,peripheral,0.8833,5,0.274232,"Признаков ролей нет: 1 отправителей, 0 получателей; вход 70,0 тыс ₸, выход 0,00 ₸"
100000006257675100,peripheral,0.7200,22,0.274232,"Признаков ролей нет: 1 отправителей, 0 получателей; вход 70,0 тыс ₸, выход 0,00 ₸; исходящие не прослежены (колено 4)"
100000008027922100,peripheral,0.7200,23,0.274232,"Признаков ролей нет: 1 отправителей, 0 получателей; вход 70,0 тыс ₸, выход 0,00 ₸; исходящие не прослежены (колено 4)"
100000008349740100,peripheral,0.7200,36,0.274232,"Признаков ролей нет: 1 отправителей, 0 получателей; вход 70,0 тыс ₸, выход 0,00 ₸; исходящие не прослежены (колено 4)"
100000008751429100,peripheral,0.7000,43,0.272966,"Признаков ролей нет: 3 отправителей, 1 получателей; вход 386,2 тыс ₸, выход 72,6 тыс ₸"
100000004784224100,peripheral,0.9000,24,0.272759,"Признаков ролей нет: 1 отправителей, 1 получателей; вход 23,5 тыс ₸, выход 100,0 тыс ₸; отдаёт больше наблюдаемого входа — вероятны внешние поступления"
100000008229700100,peripheral,0.9000,12,0.272759,"Признаков ролей нет: 1 отправителей, 1 получателей; вход 23,5 тыс ₸, выход 7,2 тыс ₸"
100000003133045100,peripheral,0.7200,2,0.271815,"Признаков ролей нет: 1 отправителей, 0 получателей; вход 68,0 тыс ₸, выход 0,00 ₸; исходящие не прослежены (колено 4)"
100000003989033100,peripheral,0.7200,9,0.271815,"Признаков ролей нет: 1 отправителей, 0 получателей; вход 373,4 тыс ₸, выход 0,00 ₸; исходящие не прослежены (колено 4)"
100000004747154100,peripheral,0.7200,2,0.271700,"Признаков ролей нет: 1 отправителей, 0 получателей; вход 67,0 тыс ₸, выход 0,00 ₸; исходящие не прослежены (колено 4)"
100000002691858100,peripheral,0.9000,32,0.271516,"Признаков ролей нет: 1 отправителей, 0 получателей; вход 51,5 тыс ₸, выход 0,00 ₸"
100000002778085100,peripheral,0.8897,4,0.271124,"Признаков ролей нет: 1 отправителей, 0 получателей; вход 66,2 тыс ₸, выход 0,00 ₸"
100000002236528100,peripheral,0.8900,10,0.270894,"Признаков ролей нет: 1 отправителей, 0 получателей; вход 66,0 тыс ₸, выход 0,00 ₸"
100000002511825100,peripheral,0.8917,0,0.270549,"Признаков ролей нет: 1 отправителей, 0 получателей; вход 65,0 тыс ₸, выход 0,00 ₸"
100000002599729100,peripheral,0.7200,0,0.270549,"Признаков ролей нет: 1 отправителей, 0 получателей; вход 65,0 тыс ₸, выход 0,00 ₸; исходящие не прослежены (колено 4)"
100000003235780100,peripheral,0.8000,0,0.270549,"Признаков ролей нет: 2 отправителей, 0 получателей; вход 65,0 тыс ₸, выход 0,00 ₸"
100000002774456100,peripheral,0.9000,11,0.270020,"Признаков ролей нет: 1 отправителей, 0 получателей; вход 50,4 тыс ₸, выход 0,00 ₸"
100000007749747100,peripheral,0.7200,2,0.269559,"Признаков ролей нет: 1 отправителей, 0 получателей; вход 50,0 тыс ₸, выход 0,00 ₸; исходящие не прослежены (колено 4)"
100000003016773100,peripheral,0.9000,2,0.268800,"Признаков ролей нет: 1 отправителей, 0 получателей; вход 46,6 тыс ₸, выход 0,00 ₸"
100000008237827100,peripheral,0.9000,3,0.268155,"Признаков ролей нет: 1 отправителей, 0 получателей; вход 40,0 тыс ₸, выход 0,00 ₸"
100000001386612100,peripheral,0.8962,19,0.268132,"Признаков ролей нет: 1 отправителей, 0 получателей; вход 62,3 тыс ₸, выход 0,00 ₸"
100000004019124100,peripheral,0.6783,4,0.268098,"Признаков ролей нет: 3 отправителей, 0 получателей; вход 193,0 тыс ₸, выход 0,00 ₸; seed: входящие неполные"
100000001311175100,peripheral,0.7200,9,0.268040,"Признаков ролей нет: 1 отправителей, 0 получателей; вход 300,0 тыс ₸, выход 0,00 ₸; исходящие не прослежены (колено 4)"
100000003003821100,peripheral,0.9000,3,0.268040,"Признаков ролей нет: 1 отправителей, 0 получателей; вход 40,0 тыс ₸, выход 0,00 ₸"
100000003877908100,peripheral,0.9000,3,0.268040,"Признаков ролей нет: 1 отправителей, 0 получателей; вход 40,0 тыс ₸, выход 0,00 ₸"
100000004509286100,peripheral,0.9000,3,0.268040,"Признаков ролей нет: 1 отправителей, 0 получателей; вход 40,0 тыс ₸, выход 0,00 ₸"
100000000607731100,peripheral,0.9000,29,0.267810,"Признаков ролей нет: 1 отправителей, 1 получателей; вход 20,0 тыс ₸, выход 66,7 тыс ₸; отдаёт больше наблюдаемого входа — вероятны внешние поступления"
100000002934441100,peripheral,0.8000,0,0.267327,"Признаков ролей нет: 2 отправителей, 0 получателей; вход 60,8 тыс ₸, выход 0,00 ₸"
100000005979037100,peripheral,0.7200,6,0.266981,"Признаков ролей нет: 1 отправителей, 0 получателей; вход 60,3 тыс ₸, выход 0,00 ₸; исходящие не прослежены (колено 4)"
100000001733216100,peripheral,0.7200,0,0.266866,"Признаков ролей нет: 1 отправителей, 0 получателей; вход 60,0 тыс ₸, выход 0,00 ₸; исходящие не прослежены (колено 4)"
100000001816678100,peripheral,0.7200,3,0.266866,"Признаков ролей нет: 1 отправителей, 0 получателей; вход 60,0 тыс ₸, выход 0,00 ₸; исходящие не прослежены (колено 4)"
100000002242066100,peripheral,0.7200,35,0.266866,"Признаков ролей нет: 1 отправителей, 0 получателей; вход 60,0 тыс ₸, выход 0,00 ₸; исходящие не прослежены (колено 4)"
100000002404112100,peripheral,0.7200,27,0.266866,"Признаков ролей нет: 1 отправителей, 0 получателей; вход 60,0 тыс ₸, выход 0,00 ₸; исходящие не прослежены (колено 4)"
100000002505277100,peripheral,0.7200,0,0.266866,"Признаков ролей нет: 1 отправителей, 0 получателей; вход 60,0 тыс ₸, выход 0,00 ₸; исходящие не прослежены (колено 4)"
100000003192220100,peripheral,0.9000,54,0.266866,"Признаков ролей нет: 1 отправителей, 0 получателей; вход 60,0 тыс ₸, выход 0,00 ₸"
100000004326224100,peripheral,0.7200,5,0.266866,"Признаков ролей нет: 1 отправителей, 0 получателей; вход 60,0 тыс ₸, выход 0,00 ₸; исходящие не прослежены (колено 4)"
100000004777215100,peripheral,0.7200,22,0.266866,"Признаков ролей нет: 1 отправителей, 0 получателей; вход 60,0 тыс ₸, выход 0,00 ₸; исходящие не прослежены (колено 4)"
100000007042175100,peripheral,0.7200,0,0.266866,"Признаков ролей нет: 1 отправителей, 0 получателей; вход 60,0 тыс ₸, выход 0,00 ₸; исходящие не прослежены (колено 4)"
100000003781406100,peripheral,0.9000,12,0.266843,"Признаков ролей нет: 1 отправителей, 0 получателей; вход 45,0 тыс ₸, выход 0,00 ₸"
100000006232815100,peripheral,0.7500,29,0.265663,"Признаков ролей нет: 1 отправителей, 5 получателей; вход 160,0 тыс ₸, выход 296,5 тыс ₸; seed: входящие неполные"
100000003275398100,peripheral,0.9000,25,0.265485,"Признаков ролей нет: 1 отправителей, 1 получателей; вход 300,0 тыс ₸, выход 20,0 тыс ₸"
100000008669310100,peripheral,0.9000,0,0.265485,"Признаков ролей нет: 1 отправителей, 0 получателей; вход 59,6 тыс ₸, выход 0,00 ₸"
100000001805543100,peripheral,0.9000,4,0.265370,"Признаков ролей нет: 1 отправителей, 0 получателей; вход 59,0 тыс ₸, выход 0,00 ₸"
100000001083990100,peripheral,0.9000,12,0.265301,"Признаков ролей нет: 1 отправителей, 0 получателей; вход 49,9 тыс ₸, выход 0,00 ₸"
100000002700161100,peripheral,0.7200,51,0.265163,"Признаков ролей нет: 1 отправителей, 0 получателей; вход 39,0 тыс ₸, выход 0,00 ₸; исходящие не прослежены (колено 4)"
100000008757301100,peripheral,0.7200,0,0.265140,"Признаков ролей нет: 1 отправителей, 0 получателей; вход 58,4 тыс ₸, выход 0,00 ₸; исходящие не прослежены (колено 4)"
100000006852430100,peripheral,0.9000,11,0.265048,"Признаков ролей нет: 1 отправителей, 0 получателей; вход 37,0 тыс ₸, выход 0,00 ₸"
100000008701256100,peripheral,0.9000,0,0.265025,"Признаков ролей нет: 1 отправителей, 0 получателей; вход 58,2 тыс ₸, выход 0,00 ₸"
100000003247600100,peripheral,0.7200,3,0.264910,"Признаков ролей нет: 1 отправителей, 0 получателей; вход 58,0 тыс ₸, выход 0,00 ₸; исходящие не прослежены (колено 4)"
100000000942301100,peripheral,0.9000,0,0.264795,"Признаков ролей нет: 1 отправителей, 0 получателей; вход 57,6 тыс ₸, выход 0,00 ₸"
100000002845605100,peripheral,0.9000,0,0.264679,"Признаков ролей нет: 1 отправителей, 0 получателей; вход 57,6 тыс ₸, выход 0,00 ₸"
100000002380341100,peripheral,0.9000,0,0.264564,"Признаков ролей нет: 1 отправителей, 0 получателей; вход 57,6 тыс ₸, выход 0,00 ₸"
100000007274584100,peripheral,0.9000,3,0.264472,"Признаков ролей нет: 1 отправителей, 0 получателей; вход 38,0 тыс ₸, выход 0,00 ₸"
100000002752565100,peripheral,0.7200,6,0.264104,"Признаков ролей нет: 1 отправителей, 0 получателей; вход 57,0 тыс ₸, выход 0,00 ₸; исходящие не прослежены (колено 4)"
100000002821425100,peripheral,0.5417,9,0.263437,"Признаков ролей нет: 1 отправителей, 0 получателей; вход 275,0 тыс ₸, выход 0,00 ₸"
100000003971049100,peripheral,0.9000,0,0.263414,"Признаков ролей нет: 1 отправителей, 0 получателей; вход 55,9 тыс ₸, выход 0,00 ₸"
100000002891765100,peripheral,0.9000,14,0.263298,"Признаков ролей нет: 1 отправителей, 0 получателей; вход 55,6 тыс ₸, выход 0,00 ₸"
100000000896111100,peripheral,0.5215,24,0.263183,"Признаков ролей нет: 1 отправителей, 0 получателей; вход 287,1 тыс ₸, выход 0,00 ₸"
100000001379511100,peripheral,0.9000,2,0.262953,"Признаков ролей нет: 1 отправителей, 0 получателей; вход 55,0 тыс ₸, выход 0,00 ₸"
100000002217806100,peripheral,0.7200,38,0.262953,"Признаков ролей нет: 1 отправителей, 0 получателей; вход 55,0 тыс ₸, выход 0,00 ₸; исходящие не прослежены (колено 4)"
100000002852402100,peripheral,0.9000,15,0.262953,"Признаков ролей нет: 1 отправителей, 0 получателей; вход 55,0 тыс ₸, выход 0,00 ₸"
100000006126743100,peripheral,0.9000,5,0.262953,"Признаков ролей нет: 1 отправителей, 0 получателей; вход 55,0 тыс ₸, выход 0,00 ₸"
100000008259451100,peripheral,0.9000,14,0.262953,"Признаков ролей нет: 1 отправителей, 0 получателей; вход 55,0 тыс ₸, выход 0,00 ₸"
100000002807334100,peripheral,0.9000,5,0.261802,"Признаков ролей нет: 1 отправителей, 0 получателей; вход 54,7 тыс ₸, выход 0,00 ₸"
100000008405209100,peripheral,0.9000,16,0.261687,"Признаков ролей нет: 1 отправителей, 0 получателей; вход 54,4 тыс ₸, выход 0,00 ₸"
100000004410489100,peripheral,0.9000,3,0.261342,"Признаков ролей нет: 1 отправителей, 0 получателей; вход 54,0 тыс ₸, выход 0,00 ₸"
100000005363908100,transit,1.0000,49,0.261319,"Признаки транзита: дальше 100% входа (коридор 80–120%); вход 19,5 тыс ₸, выход 19,5 тыс ₸"
100000001530709100,peripheral,0.9000,0,0.261227,"Признаков ролей нет: 1 отправителей, 0 получателей; вход 54,0 тыс ₸, выход 0,00 ₸"
100000002394199100,peripheral,0.9000,10,0.261112,"Признаков ролей нет: 1 отправителей, 1 получателей; вход 277,4 тыс ₸, выход 76,8 тыс ₸"
100000008459449100,peripheral,0.9000,0,0.260882,"Признаков ролей нет: 1 отправителей, 0 получателей; вход 53,7 тыс ₸, выход 0,00 ₸"
100000000533217100,peripheral,0.9000,0,0.260766,"Признаков ролей нет: 1 отправителей, 0 получателей; вход 53,6 тыс ₸, выход 0,00 ₸"
100000003832231100,peripheral,0.9000,3,0.260674,"Признаков ролей нет: 1 отправителей, 0 получателей; вход 35,0 тыс ₸, выход 0,00 ₸"
100000008205937100,peripheral,0.9000,13,0.260674,"Признаков ролей нет: 1 отправителей, 0 получателей; вход 35,0 тыс ₸, выход 0,00 ₸"
100000000785800100,transit,1.0000,56,0.260628,"Признаки транзита: дальше 100% входа (коридор 80–120%); вход 19,0 тыс ₸, выход 19,0 тыс ₸"
100000001056414100,peripheral,0.5833,9,0.260329,"Признаков ролей нет: 1 отправителей, 0 получателей; вход 250,0 тыс ₸, выход 0,00 ₸"
100000004984689100,peripheral,0.9000,6,0.260076,"Признаков ролей нет: 1 отправителей, 0 получателей; вход 53,0 тыс ₸, выход 0,00 ₸"
100000001241318100,peripheral,0.9000,0,0.259961,"Признаков ролей нет: 1 отправителей, 0 получателей; вход 53,0 тыс ₸, выход 0,00 ₸"
100000003207060100,peripheral,0.7200,0,0.259961,"Признаков ролей нет: 1 отправителей, 0 получателей; вход 53,0 тыс ₸, выход 0,00 ₸; исходящие не прослежены (колено 4)"
100000002633701100,peripheral,0.5553,2,0.259731,"Признаков ролей нет: 1 отправителей, 0 получателей; вход 266,9 тыс ₸, выход 0,00 ₸"
100000003097947100,peripheral,0.7200,6,0.259501,"Признаков ролей нет: 1 отправителей, 0 получателей; вход 53,0 тыс ₸, выход 0,00 ₸; исходящие не прослежены (колено 4)"
100000006894637100,peripheral,0.9000,0,0.259385,"Признаков ролей нет: 1 отправителей, 0 получателей; вход 52,8 тыс ₸, выход 0,00 ₸"
100000004674412100,peripheral,0.7200,11,0.259201,"Признаков ролей нет: 1 отправителей, 0 получателей; вход 46,0 тыс ₸, выход 0,00 ₸; исходящие не прослежены (колено 4)"
100000007333038100,peripheral,0.9000,9,0.259178,"Признаков ролей нет: 1 отправителей, 2 получателей; вход 17,5 тыс ₸, выход 35,0 тыс ₸; отдаёт больше наблюдаемого входа — вероятны внешние поступления"
100000002600345100,peripheral,0.8000,4,0.259040,"Признаков ролей нет: 2 отправителей, 0 получателей; вход 52,4 тыс ₸, выход 0,00 ₸"
100000008516839100,peripheral,0.7000,19,0.258862,"Признаков ролей нет: 3 отправителей, 0 получателей; вход 155,0 тыс ₸, выход 0,00 ₸; seed: входящие неполные"
100000003188607100,peripheral,0.9000,10,0.258833,"Признаков ролей нет: 1 отправителей, 1 получателей; вход 18,0 тыс ₸, выход 5,0 тыс ₸"
100000005034574100,peripheral,0.5686,65,0.258580,"Признаков ролей нет: 1 отправителей, 0 получателей; вход 258,8 тыс ₸, выход 0,00 ₸"
100000002958286100,peripheral,0.5717,2,0.258465,"Признаков ролей нет: 1 отправителей, 0 получателей; вход 257,0 тыс ₸, выход 0,00 ₸"
100000007510567100,peripheral,0.7200,7,0.258465,"Признаков ролей нет: 1 отправителей, 0 получателей; вход 52,0 тыс ₸, выход 0,00 ₸; исходящие не прослежены (колено 4)"
100000005799271100,peripheral,0.9000,11,0.258281,"Признаков ролей нет: 1 отправителей, 0 получателей; вход 45,0 тыс ₸, выход 0,00 ₸"
100000006381453100,peripheral,0.7200,2,0.258281,"Признаков ролей нет: 1 отправителей, 0 получателей; вход 45,0 тыс ₸, выход 0,00 ₸; исходящие не прослежены (колено 4)"
100000008728457100,peripheral,0.9000,11,0.258281,"Признаков ролей нет: 1 отправителей, 0 получателей; вход 45,0 тыс ₸, выход 0,00 ₸"
100000004336228100,peripheral,0.9000,6,0.258004,"Признаков ролей нет: 1 отправителей, 0 получателей; вход 51,4 тыс ₸, выход 0,00 ₸"
100000006888238100,peripheral,0.9000,59,0.258004,"Признаков ролей нет: 1 отправителей, 1 получателей; вход 18,0 тыс ₸, выход 30,0 тыс ₸; отдаёт больше наблюдаемого входа — вероятны внешние поступления"
100000000769919100,peripheral,0.5833,61,0.257774,"Признаков ролей нет: 1 отправителей, 0 получателей; вход 250,0 тыс ₸, выход 0,00 ₸"
100000002990675100,peripheral,0.9000,5,0.257774,"Признаков ролей нет: 1 отправителей, 0 получателей; вход 51,1 тыс ₸, выход 0,00 ₸"
100000004331458100,peripheral,0.5833,49,0.257774,"Признаков ролей нет: 2 отправителей, 0 получателей; вход 250,0 тыс ₸, выход 0,00 ₸"
100000002489253100,peripheral,0.9000,4,0.257659,"Признаков ролей нет: 1 отправителей, 0 получателей; вход 51,0 тыс ₸, выход 0,00 ₸"
100000004066647100,peripheral,0.9000,17,0.257659,"Признаков ролей нет: 1 отправителей, 0 получателей; вход 51,0 тыс ₸, выход 0,00 ₸"
100000008583971100,peripheral,0.6400,0,0.257659,"Признаков ролей нет: 2 отправителей, 0 получателей; вход 51,0 тыс ₸, выход 0,00 ₸; исходящие не прослежены (колено 4)"
100000003192309100,peripheral,0.9000,1,0.257636,"Признаков ролей нет: 1 отправителей, 1 получателей; вход 17,2 тыс ₸, выход 213,0 тыс ₸; отдаёт больше наблюдаемого входа — вероятны внешние поступления"
100000005849100100,peripheral,0.9000,3,0.257107,"Признаков ролей нет: 1 отправителей, 0 получателей; вход 33,3 тыс ₸, выход 0,00 ₸"
100000002567887100,peripheral,0.9000,5,0.256969,"Признаков ролей нет: 1 отправителей, 0 получателей; вход 50,9 тыс ₸, выход 0,00 ₸"
100000008043184100,peripheral,0.9000,16,0.256738,"Признаков ролей нет: 1 отправителей, 0 получателей; вход 50,6 тыс ₸, выход 0,00 ₸"
100000008659445100,peripheral,0.7000,43,0.256341,"Признаков ролей нет: 3 отправителей, 4 получателей; вход 138,5 тыс ₸, выход 875,1 тыс ₸; seed: входящие неполные"
100000003899325100,peripheral,0.9000,6,0.256278,"Признаков ролей нет: 1 отправителей, 0 получателей; вход 50,1 тыс ₸, выход 0,00 ₸"
100000000795374100,peripheral,0.9000,6,0.256163,"Признаков ролей нет: 1 отправителей, 0 получателей; вход 50,0 тыс ₸, выход 0,00 ₸"
100000001550388100,peripheral,0.9000,0,0.256163,"Признаков ролей нет: 1 отправителей, 0 получателей; вход 50,0 тыс ₸, выход 0,00 ₸"
100000001745217100,peripheral,0.9000,0,0.256163,"Признаков ролей нет: 1 отправителей, 0 получателей; вход 50,0 тыс ₸, выход 0,00 ₸"
100000002713974100,peripheral,0.7200,6,0.256163,"Признаков ролей нет: 1 отправителей, 0 получателей; вход 50,0 тыс ₸, выход 0,00 ₸; исходящие не прослежены (колено 4)"
100000003293377100,peripheral,0.9000,5,0.256163,"Признаков ролей нет: 1 отправителей, 0 получателей; вход 50,0 тыс ₸, выход 0,00 ₸"
100000003711830100,peripheral,0.9000,6,0.256163,"Признаков ролей нет: 1 отправителей, 0 получателей; вход 50,0 тыс ₸, выход 0,00 ₸"
100000004019056100,peripheral,0.7200,13,0.256163,"Признаков ролей нет: 1 отправителей, 0 получателей; вход 50,0 тыс ₸, выход 0,00 ₸; исходящие не прослежены (колено 4)"
100000005142589100,peripheral,0.9000,0,0.256163,"Признаков ролей нет: 1 отправителей, 0 получателей; вход 50,0 тыс ₸, выход 0,00 ₸"
100000005189258100,peripheral,0.7200,5,0.256163,"Признаков ролей нет: 1 отправителей, 0 получателей; вход 50,0 тыс ₸, выход 0,00 ₸; исходящие не прослежены (колено 4)"
100000006248077100,peripheral,0.9000,4,0.256163,"Признаков ролей нет: 1 отправителей, 0 получателей; вход 50,0 тыс ₸, выход 0,00 ₸"
100000006687202100,peripheral,0.9000,0,0.256163,"Признаков ролей нет: 1 отправителей, 0 получателей; вход 50,0 тыс ₸, выход 0,00 ₸"
100000007731977100,peripheral,0.7200,0,0.256163,"Признаков ролей нет: 1 отправителей, 0 получателей; вход 50,0 тыс ₸, выход 0,00 ₸; исходящие не прослежены (колено 4)"
100000007811950100,peripheral,0.7200,26,0.256163,"Признаков ролей нет: 1 отправителей, 0 получателей; вход 50,0 тыс ₸, выход 0,00 ₸; исходящие не прослежены (колено 4)"
100000008308418100,peripheral,0.7200,0,0.256163,"Признаков ролей нет: 1 отправителей, 0 получателей; вход 50,0 тыс ₸, выход 0,00 ₸; исходящие не прослежены (колено 4)"
100000004904960100,peripheral,0.8000,0,0.256071,"Признаков ролей нет: 2 отправителей, 0 получателей; вход 32,0 тыс ₸, выход 0,00 ₸"
100000000850297100,transit,1.0000,11,0.255449,"Признаки транзита: дальше 100% входа (коридор 80–120%); вход 17,5 тыс ₸, выход 17,5 тыс ₸"
100000002591469100,peripheral,0.6072,10,0.254437,"Признаков ролей нет: 1 отправителей, 0 получателей; вход 235,7 тыс ₸, выход 0,00 ₸"
100000005342513100,peripheral,0.9000,1,0.254206,"Признаков ролей нет: 1 отправителей, 1 получателей; вход 235,0 тыс ₸, выход 30,0 тыс ₸"
100000002475601100,peripheral,0.6128,20,0.253631,"Признаков ролей нет: 1 отправителей, 0 получателей; вход 232,3 тыс ₸, выход 0,00 ₸"
100000003089018100,peripheral,0.6167,2,0.253056,"Признаков ролей нет: 1 отправителей, 0 получателей; вход 230,0 тыс ₸, выход 0,00 ₸"
100000004732589100,peripheral,0.6208,11,0.252250,"Признаков ролей нет: 1 отправителей, 0 получателей; вход 227,5 тыс ₸, выход 0,00 ₸"
100000000297649100,peripheral,0.9000,12,0.251951,"Признаков ролей нет: 1 отправителей, 1 получателей; вход 40,0 тыс ₸, выход 70,6 тыс ₸; отдаёт больше наблюдаемого входа — вероятны внешние поступления"
100000005620225100,peripheral,0.8000,0,0.251790,"Признаков ролей нет: 2 отправителей, 0 получателей; вход 49,8 тыс ₸, выход 0,00 ₸"
100000006734554100,peripheral,0.9000,29,0.251582,"Признаков ролей нет: 1 отправителей, 1 получателей; вход 16,5 тыс ₸, выход 25,0 тыс ₸; отдаёт больше наблюдаемого входа — вероятны внешние поступления"
100000007747786100,distributor,1.0000,10,0.251525,"Веерное распределение: 31 получателей (порог 10); вход 0,00 ₸, выход 4,2 млн ₸; seed: входящие неполные"
100000002615479100,peripheral,0.6333,2,0.251444,"Признаков ролей нет: 1 отправителей, 0 получателей; вход 220,0 тыс ₸, выход 0,00 ₸"
100000008638859100,peripheral,0.7200,17,0.250961,"Признаков ролей нет: 1 отправителей, 0 получателей; вход 34,0 тыс ₸, выход 0,00 ₸; исходящие не прослежены (колено 4)"
100000002971593100,peripheral,0.7200,5,0.250869,"Признаков ролей нет: 1 отправителей, 0 получателей; вход 49,0 тыс ₸, выход 0,00 ₸; исходящие не прослежены (колено 4)"
100000003568904100,peripheral,0.7200,13,0.250754,"Признаков ролей нет: 1 отправителей, 0 получателей; вход 49,0 тыс ₸, выход 0,00 ₸; исходящие не прослежены (колено 4)"
100000004549591100,peripheral,0.7200,38,0.250754,"Признаков ролей нет: 1 отправителей, 0 получателей; вход 49,0 тыс ₸, выход 0,00 ₸; исходящие не прослежены (колено 4)"
100000001960517100,peripheral,0.6667,8,0.250662,"Признаков ролей нет: 1 отправителей, 0 получателей; вход 200,0 тыс ₸, выход 0,00 ₸"
100000003031890100,peripheral,0.6417,25,0.250524,"Признаков ролей нет: 1 отправителей, 0 получателей; вход 215,0 тыс ₸, выход 0,00 ₸"
100000004979264100,peripheral,0.7200,2,0.250109,"Признаков ролей нет: 1 отправителей, 0 получателей; вход 39,8 тыс ₸, выход 0,00 ₸; исходящие не прослежены (колено 4)"
100000002214383100,peripheral,0.7200,1,0.249948,"Признаков ролей нет: 1 отправителей, 0 получателей; вход 213,0 тыс ₸, выход 0,00 ₸; исходящие не прослежены (колено 4)"
100000004261340100,peripheral,0.7200,0,0.249948,"Признаков ролей нет: 1 отправителей, 0 получателей; вход 48,5 тыс ₸, выход 0,00 ₸; исходящие не прослежены (колено 4)"
100000006527156100,peripheral,0.7200,47,0.249948,"Признаков ролей нет: 1 отправителей, 0 получателей; вход 48,5 тыс ₸, выход 0,00 ₸; исходящие не прослежены (колено 4)"
100000008680731100,distributor,1.0000,12,0.249402,"Веерное распределение: 27 получателей (порог 10); вход 0,00 ₸, выход 1,5 млн ₸; seed: входящие неполные"
100000001597424100,peripheral,0.9000,14,0.249373,"Признаков ролей нет: 1 отправителей, 0 получателей; вход 48,1 тыс ₸, выход 0,00 ₸"
100000002952631100,peripheral,0.9000,4,0.249258,"Признаков ролей нет: 1 отправителей, 0 получателей; вход 48,0 тыс ₸, выход 0,00 ₸"
100000002689717100,peripheral,0.7200,7,0.249028,"Признаков ролей нет: 1 отправителей, 0 получателей; вход 47,5 тыс ₸, выход 0,00 ₸; исходящие не прослежены (колено 4)"
100000002750956100,peripheral,0.9000,0,0.248912,"Признаков ролей нет: 1 отправителей, 0 получателей; вход 47,4 тыс ₸, выход 0,00 ₸"
100000002862113100,peripheral,0.9000,14,0.248797,"Признаков ролей нет: 1 отправителей, 0 получателей; вход 47,4 тыс ₸, выход 0,00 ₸"
100000001160401100,peripheral,0.9000,0,0.248452,"Признаков ролей нет: 1 отправителей, 0 получателей; вход 47,2 тыс ₸, выход 0,00 ₸"
100000004291560100,peripheral,0.9000,0,0.248452,"Признаков ролей нет: 1 отправителей, 0 получателей; вход 47,2 тыс ₸, выход 0,00 ₸"
100000001270349100,peripheral,0.6667,8,0.248107,"Признаков ролей нет: 1 отправителей, 0 получателей; вход 200,0 тыс ₸, выход 0,00 ₸"
100000002784085100,peripheral,0.6667,2,0.248107,"Признаков ролей нет: 1 отправителей, 0 получателей; вход 200,0 тыс ₸, выход 0,00 ₸"
100000004130144100,peripheral,0.6667,10,0.248107,"Признаков ролей нет: 1 отправителей, 0 получателей; вход 200,0 тыс ₸, выход 0,00 ₸"
100000007641801100,peripheral,0.6667,10,0.248107,"Признаков ролей нет: 1 отправителей, 0 получателей; вход 200,0 тыс ₸, выход 0,00 ₸"
100000008748795100,peripheral,0.9000,0,0.247877,"Признаков ролей нет: 1 отправителей, 0 получателей; вход 47,1 тыс ₸, выход 0,00 ₸"
100000006789108100,peripheral,0.9000,11,0.247808,"Признаков ролей нет: 1 отправителей, 0 получателей; вход 37,5 тыс ₸, выход 0,00 ₸"
100000007629121100,peripheral,0.9000,3,0.247785,"Признаков ролей нет: 1 отправителей, 0 получателей; вход 29,0 тыс ₸, выход 0,00 ₸"
100000000878006100,peripheral,0.9000,5,0.247762,"Признаков ролей нет: 1 отправителей, 0 получателей; вход 47,0 тыс ₸, выход 0,00 ₸"
100000004584730100,peripheral,0.7200,45,0.247646,"Признаков ролей нет: 1 отправителей, 0 получателей; вход 47,0 тыс ₸, выход 0,00 ₸; исходящие не прослежены (колено 4)"
100000002301828100,peripheral,0.9000,16,0.247186,"Признаков ролей нет: 1 отправителей, 0 получателей; вход 47,0 тыс ₸, выход 0,00 ₸"
100000008071620100,peripheral,0.9000,0,0.247071,"Признаков ролей нет: 1 отправителей, 0 получателей; вход 47,0 тыс ₸, выход 0,00 ₸"
100000002838519100,peripheral,0.9000,14,0.246956,"Признаков ролей нет: 1 отправителей, 0 получателей; вход 46,9 тыс ₸, выход 0,00 ₸"
100000002703376100,peripheral,0.9000,0,0.246611,"Признаков ролей нет: 1 отправителей, 0 получателей; вход 46,5 тыс ₸, выход 0,00 ₸"
100000001549194100,peripheral,0.9000,14,0.246496,"Признаков ролей нет: 1 отправителей, 0 получателей; вход 46,5 тыс ₸, выход 0,00 ₸"
100000008628818100,peripheral,0.7200,7,0.246265,"Признаков ролей нет: 1 отправителей, 0 получателей; вход 46,3 тыс ₸, выход 0,00 ₸; исходящие не прослежены (колено 4)"
100000000790311100,peripheral,0.9000,15,0.246150,"Признаков ролей нет: 1 отправителей, 0 получателей; вход 46,3 тыс ₸, выход 0,00 ₸"
100000002796853100,peripheral,0.9000,63,0.245920,"Признаков ролей нет: 1 отправителей, 1 получателей; вход 199,0 тыс ₸, выход 46,2 тыс ₸"
100000007539296100,peripheral,0.7200,5,0.245805,"Признаков ролей нет: 1 отправителей, 0 получателей; вход 46,0 тыс ₸, выход 0,00 ₸; исходящие не прослежены (колено 4)"
100000006122699100,peripheral,0.8000,4,0.245460,"Признаков ролей нет: 2 отправителей, 0 получателей; вход 45,9 тыс ₸, выход 0,00 ₸"
100000001339466100,peripheral,0.9000,3,0.245207,"Признаков ролей нет: 1 отправителей, 0 получателей; вход 30,0 тыс ₸, выход 0,00 ₸"
100000008680912100,peripheral,0.9000,0,0.244999,"Признаков ролей нет: 1 отправителей, 1 получателей; вход 45,1 тыс ₸, выход 6,0 тыс ₸"
100000001633685100,peripheral,0.7000,0,0.244884,"Признаков ролей нет: 3 отправителей, 0 получателей; вход 45,0 тыс ₸, выход 0,00 ₸"
100000002232266100,peripheral,0.9000,6,0.244884,"Признаков ролей нет: 1 отправителей, 0 получателей; вход 45,0 тыс ₸, выход 0,00 ₸"
100000002896506100,peripheral,0.7200,5,0.244884,"Признаков ролей нет: 1 отправителей, 0 получателей; вход 45,0 тыс ₸, выход 0,00 ₸; исходящие не прослежены (колено 4)"
100000003061115100,peripheral,0.7200,0,0.244884,"Признаков ролей нет: 1 отправителей, 0 получателей; вход 45,0 тыс ₸, выход 0,00 ₸; исходящие не прослежены (колено 4)"
100000004991593100,peripheral,0.7200,6,0.244884,"Признаков ролей нет: 1 отправителей, 0 получателей; вход 45,0 тыс ₸, выход 0,00 ₸; исходящие не прослежены (колено 4)"
100000005723580100,peripheral,0.7200,2,0.244585,"Признаков ролей нет: 1 отправителей, 0 получателей; вход 35,0 тыс ₸, выход 0,00 ₸; исходящие не прослежены (колено 4)"
100000002528544100,peripheral,0.6785,20,0.244539,"Признаков ролей нет: 1 отправителей, 0 получателей; вход 192,9 тыс ₸, выход 0,00 ₸"
100000007283257100,peripheral,0.6800,65,0.244079,"Признаков ролей нет: 1 отправителей, 0 получателей; вход 192,0 тыс ₸, выход 0,00 ₸"
100000007153161100,peripheral,0.7200,0,0.243273,"Признаков ролей нет: 1 отправителей, 0 получателей; вход 45,0 тыс ₸, выход 0,00 ₸; исходящие не прослежены (колено 4)"
100000008432942100,peripheral,0.9000,0,0.243158,"Признаков ролей нет: 1 отправителей, 0 получателей; вход 44,5 тыс ₸, выход 0,00 ₸"
100000002308091100,peripheral,0.6888,9,0.242583,"Признаков ролей нет: 1 отправителей, 0 получателей; вход 186,7 тыс ₸, выход 0,00 ₸"
100000008251939100,peripheral,0.7200,7,0.242467,"Признаков ролей нет: 1 отправителей, 0 получателей; вход 44,4 тыс ₸, выход 0,00 ₸; исходящие не прослежены (колено 4)"
100000008406609100,peripheral,0.9000,19,0.242398,"Признаков ролей нет: 1 отправителей, 0 получателей; вход 34,0 тыс ₸, выход 0,00 ₸"
100000002886166100,peripheral,0.6917,25,0.242352,"Признаков ролей нет: 1 отправителей, 0 получателей; вход 185,0 тыс ₸, выход 0,00 ₸"
100000000572276100,peripheral,0.9000,1,0.242329,"Признаков ролей нет: 1 отправителей, 1 получателей; вход 13,1 тыс ₸, выход 34,5 тыс ₸; отдаёт больше наблюдаемого входа — вероятны внешние поступления"
100000005754335100,peripheral,0.9000,42,0.242237,"Признаков ролей нет: 1 отправителей, 0 получателей; вход 44,0 тыс ₸, выход 0,00 ₸"
100000003232675100,peripheral,0.7200,13,0.242122,"Признаков ролей нет: 1 отправителей, 0 получателей; вход 44,0 тыс ₸, выход 0,00 ₸; исходящие не прослежены (колено 4)"
100000002371892100,peripheral,0.7200,62,0.242007,"Признаков ролей нет: 1 отправителей, 0 получателей; вход 43,8 тыс ₸, выход 0,00 ₸; исходящие не прослежены (колено 4)"
100000001477796100,peripheral,0.6967,3,0.241547,"Признаков ролей нет: 1 отправителей, 0 получателей; вход 182,0 тыс ₸, выход 0,00 ₸"
100000005008589100,peripheral,0.9000,0,0.241432,"Признаков ролей нет: 1 отправителей, 0 получателей; вход 42,8 тыс ₸, выход 0,00 ₸"
100000003581109100,peripheral,0.9000,0,0.241202,"Признаков ролей нет: 1 отправителей, 0 получателей; вход 42,8 тыс ₸, выход 0,00 ₸"
100000002182176100,peripheral,0.9000,0,0.241086,"Признаков ролей нет: 1 отправителей, 0 получателей; вход 42,5 тыс ₸, выход 0,00 ₸"
100000001641951100,peripheral,0.9000,3,0.240994,"Признаков ролей нет: 1 отправителей, 0 получателей; вход 25,0 тыс ₸, выход 0,00 ₸"
100000008297199100,peripheral,0.9000,0,0.240971,"Признаков ролей нет: 1 отправителей, 0 получателей; вход 42,3 тыс ₸, выход 0,00 ₸"
100000001818442100,peripheral,0.9000,7,0.240856,"Признаков ролей нет: 1 отправителей, 0 получателей; вход 42,2 тыс ₸, выход 0,00 ₸"
100000007867364100,peripheral,0.7200,17,0.240741,"Признаков ролей нет: 1 отправителей, 0 получателей; вход 41,9 тыс ₸, выход 0,00 ₸; исходящие не прослежены (колено 4)"
100000004526651100,peripheral,0.7200,2,0.240672,"Признаков ролей нет: 1 отправителей, 0 получателей; вход 33,0 тыс ₸, выход 0,00 ₸; исходящие не прослежены (колено 4)"
100000006490615100,peripheral,0.7200,13,0.240511,"Признаков ролей нет: 1 отправителей, 0 получателей; вход 41,6 тыс ₸, выход 0,00 ₸; исходящие не прослежены (колено 4)"
100000006048193100,peripheral,0.9000,0,0.240396,"Признаков ролей нет: 1 отправителей, 0 получателей; вход 41,6 тыс ₸, выход 0,00 ₸"
100000008680061100,peripheral,0.7200,5,0.240166,"Признаков ролей нет: 1 отправителей, 0 получателей; вход 41,3 тыс ₸, выход 0,00 ₸; исходящие не прослежены (колено 4)"
100000002748581100,peripheral,0.9000,14,0.240051,"Признаков ролей нет: 1 отправителей, 0 получателей; вход 41,2 тыс ₸, выход 0,00 ₸"
100000004071070100,peripheral,0.8000,0,0.239936,"Признаков ролей нет: 2 отправителей, 1 получателей; вход 41,0 тыс ₸, выход 6,0 тыс ₸"
100000008331280100,peripheral,0.7200,27,0.239936,"Признаков ролей нет: 1 отправителей, 0 получателей; вход 41,0 тыс ₸, выход 0,00 ₸; исходящие не прослежены (колено 4)"
100000008417359100,peripheral,0.9000,16,0.239475,"Признаков ролей нет: 1 отправителей, 2 получателей; вход 40,8 тыс ₸, выход 110,8 тыс ₸; отдаёт больше наблюдаемого входа — вероятны внешние поступления"
100000000408846100,peripheral,0.9000,27,0.239245,"Признаков ролей нет: 1 отправителей, 0 получателей; вход 40,5 тыс ₸, выход 0,00 ₸"
100000003831201100,peripheral,0.9000,0,0.239245,"Признаков ролей нет: 1 отправителей, 0 получателей; вход 40,5 тыс ₸, выход 0,00 ₸"
100000005668605100,peripheral,0.7000,19,0.239182,"Признаков ролей нет: 3 отправителей, 0 получателей; вход 94,5 тыс ₸, выход 0,00 ₸; seed: входящие неполные"
100000004890713100,peripheral,0.7200,7,0.239015,"Признаков ролей нет: 1 отправителей, 0 получателей; вход 40,5 тыс ₸, выход 0,00 ₸; исходящие не прослежены (колено 4)"
100000008664469100,peripheral,0.9000,3,0.238923,"Признаков ролей нет: 1 отправителей, 0 получателей; вход 25,0 тыс ₸, выход 0,00 ₸"
100000004979283100,peripheral,0.9000,7,0.238785,"Признаков ролей нет: 1 отправителей, 0 получателей; вход 40,1 тыс ₸, выход 0,00 ₸"
100000001220124100,peripheral,0.7200,6,0.238554,"Признаков ролей нет: 1 отправителей, 0 получателей; вход 40,0 тыс ₸, выход 0,00 ₸; исходящие не прослежены (колено 4)"
100000003091142100,peripheral,0.7200,0,0.238554,"Признаков ролей нет: 1 отправителей, 0 получателей; вход 40,0 тыс ₸, выход 0,00 ₸; исходящие не прослежены (колено 4)"
100000003289281100,peripheral,0.7200,0,0.238554,"Признаков ролей нет: 1 отправителей, 0 получателей; вход 40,0 тыс ₸, выход 0,00 ₸; исходящие не прослежены (колено 4)"
100000003943247100,peripheral,0.9000,0,0.238554,"Признаков ролей нет: 1 отправителей, 0 получателей; вход 40,0 тыс ₸, выход 0,00 ₸"
100000006351075100,peripheral,0.7200,41,0.238554,"Признаков ролей нет: 1 отправителей, 0 получателей; вход 40,0 тыс ₸, выход 0,00 ₸; исходящие не прослежены (колено 4)"
100000002981527100,peripheral,0.7200,2,0.238094,"Признаков ролей нет: 1 отправителей, 0 получателей; вход 168,0 тыс ₸, выход 0,00 ₸"
100000004144536100,peripheral,0.6000,25,0.238094,"Признаков ролей нет: 4 отправителей, 0 получателей; вход 168,0 тыс ₸, выход 0,00 ₸"
100000002628146100,peripheral,0.9000,32,0.237219,"Признаков ролей нет: 1 отправителей, 0 получателей; вход 30,5 тыс ₸, выход 0,00 ₸"
100000003603979100,peripheral,0.7250,25,0.237058,"Признаков ролей нет: 1 отправителей, 0 получателей; вход 165,0 тыс ₸, выход 0,00 ₸"
100000002951898100,peripheral,0.9000,14,0.236828,"Признаков ролей нет: 1 отправителей, 0 получателей; вход 40,0 тыс ₸, выход 0,00 ₸"
100000002132479100,peripheral,0.8333,14,0.236644,"Признаков ролей нет: 1 отправителей, 1 получателей; вход 30,0 тыс ₸, выход 20,0 тыс ₸"
100000008686234100,peripheral,0.9000,0,0.236598,"Признаков ролей нет: 1 отправителей, 0 получателей; вход 39,8 тыс ₸, выход 0,00 ₸"
100000007618425100,peripheral,0.9000,16,0.236138,"Признаков ролей нет: 1 отправителей, 0 получателей; вход 39,3 тыс ₸, выход 0,00 ₸"
100000005079473100,peripheral,0.7200,6,0.236023,"Признаков ролей нет: 1 отправителей, 0 получателей; вход 39,3 тыс ₸, выход 0,00 ₸; исходящие не прослежены (колено 4)"
100000006612238100,peripheral,0.9000,1,0.235792,"Признаков ролей нет: 1 отправителей, 1 получателей; вход 160,0 тыс ₸, выход 25,0 тыс ₸"
100000004321983100,peripheral,0.9000,8,0.235769,"Признаков ролей нет: 1 отправителей, 2 получателей; вход 10,8 тыс ₸, выход 36,2 тыс ₸; отдаёт больше наблюдаемого входа — вероятны внешние поступления"
100000004488265100,peripheral,0.9000,6,0.235332,"Признаков ролей нет: 1 отправителей, 0 получателей; вход 38,7 тыс ₸, выход 0,00 ₸"
100000002188586100,peripheral,0.7200,7,0.235102,"Признаков ролей нет: 1 отправителей, 0 получателей; вход 38,3 тыс ₸, выход 0,00 ₸; исходящие не прослежены (колено 4)"
100000002809896100,peripheral,0.9000,7,0.234987,"Признаков ролей нет: 1 отправителей, 0 получателей; вход 38,0 тыс ₸, выход 0,00 ₸"
100000003888271100,peripheral,0.9000,44,0.234757,"Признаков ролей нет: 1 отправителей, 2 получателей; вход 12,2 тыс ₸, выход 25,6 тыс ₸; отдаёт больше наблюдаемого входа — вероятны внешние поступления"
100000004664515100,peripheral,0.9000,0,0.234526,"Признаков ролей нет: 1 отправителей, 0 получателей; вход 37,7 тыс ₸, выход 0,00 ₸"
100000004713684100,peripheral,0.9000,0,0.234411,"Признаков ролей нет: 1 отправителей, 0 получателей; вход 37,5 тыс ₸, выход 0,00 ₸"
100000002257794100,peripheral,0.7433,25,0.234181,"Признаков ролей нет: 1 отправителей, 0 получателей; вход 154,0 тыс ₸, выход 0,00 ₸"
100000002824176100,peripheral,0.7600,8,0.233168,"Признаков ролей нет: 1 отправителей, 0 получателей; вход 144,0 тыс ₸, выход 0,00 ₸"
100000003109805100,peripheral,0.9000,16,0.233145,"Признаков ролей нет: 1 отправителей, 0 получателей; вход 36,9 тыс ₸, выход 0,00 ₸"
100000000861294100,peripheral,0.7500,8,0.232915,"Признаков ролей нет: 1 отправителей, 0 получателей; вход 150,0 тыс ₸, выход 0,00 ₸"
100000002170580100,peripheral,0.7500,11,0.232915,"Признаков ролей нет: 1 отправителей, 0 получателей; вход 150,0 тыс ₸, выход 0,00 ₸"
100000008762832100,peripheral,0.9000,3,0.232915,"Признаков ролей нет: 1 отправителей, 1 получателей; вход 150,0 тыс ₸, выход 85,0 тыс ₸"
100000000961900100,peripheral,0.8000,0,0.232685,"Признаков ролей нет: 2 отправителей, 0 получателей; вход 36,0 тыс ₸, выход 0,00 ₸"
100000006706519100,peripheral,0.7200,0,0.232685,"Признаков ролей нет: 1 отправителей, 0 получателей; вход 36,0 тыс ₸, выход 0,00 ₸; исходящие не прослежены (колено 4)"
100000008491390100,peripheral,0.9000,0,0.232685,"Признаков ролей нет: 1 отправителей, 0 получателей; вход 36,0 тыс ₸, выход 0,00 ₸"
100000005852946100,peripheral,0.9000,3,0.232363,"Признаков ролей нет: 1 отправителей, 0 получателей; вход 23,7 тыс ₸, выход 0,00 ₸"
100000008717375100,peripheral,0.9000,3,0.232156,"Признаков ролей нет: 1 отправителей, 0 получателей; вход 29,5 тыс ₸, выход 0,00 ₸"
100000001784279100,peripheral,0.9000,0,0.231994,"Признаков ролей нет: 1 отправителей, 0 получателей; вход 35,7 тыс ₸, выход 0,00 ₸"
100000007960337100,peripheral,0.7200,6,0.231649,"Признаков ролей нет: 1 отправителей, 0 получателей; вход 35,5 тыс ₸, выход 0,00 ₸; исходящие не прослежены (колено 4)"
100000005561741100,peripheral,0.9000,7,0.231396,"Признаков ролей нет: 1 отправителей, 0 получателей; вход 25,0 тыс ₸, выход 0,00 ₸"
100000006679055100,peripheral,0.9000,3,0.231396,"Признаков ролей нет: 1 отправителей, 0 получателей; вход 25,0 тыс ₸, выход 0,00 ₸"
100000000287768100,peripheral,0.9000,0,0.231304,"Признаков ролей нет: 1 отправителей, 0 получателей; вход 35,2 тыс ₸, выход 0,00 ₸"
100000004697956100,transit,1.0000,8,0.231281,"Признаки транзита: дальше 100% входа (коридор 80–120%); вход 10,0 тыс ₸, выход 10,0 тыс ₸"
100000000737152100,peripheral,0.7200,0,0.231189,"Признаков ролей нет: 1 отправителей, 0 получателей; вход 35,0 тыс ₸, выход 0,00 ₸; исходящие не прослежены (колено 4)"
100000004911971100,peripheral,0.7200,36,0.231189,"Признаков ролей нет: 1 отправителей, 0 получателей; вход 35,0 тыс ₸, выход 0,00 ₸; исходящие не прослежены (колено 4)"
100000008436257100,peripheral,0.8000,16,0.231189,"Признаков ролей нет: 2 отправителей, 0 получателей; вход 35,0 тыс ₸, выход 0,00 ₸"
100000008652094100,peripheral,0.9000,0,0.231189,"Признаков ролей нет: 1 отправителей, 0 получателей; вход 35,0 тыс ₸, выход 0,00 ₸"
100000002613929100,peripheral,0.9000,2,0.230775,"Признаков ролей нет: 1 отправителей, 0 получателей; вход 28,6 тыс ₸, выход 0,00 ₸"
100000002593038100,peripheral,0.9000,12,0.230659,"Признаков ролей нет: 1 отправителей, 0 получателей; вход 28,5 тыс ₸, выход 0,00 ₸"
100000002028158100,peripheral,0.9000,15,0.229923,"Признаков ролей нет: 1 отправителей, 0 получателей; вход 34,8 тыс ₸, выход 0,00 ₸"
100000004959752100,peripheral,0.9000,3,0.229831,"Признаков ролей нет: 1 отправителей, 0 получателей; вход 22,2 тыс ₸, выход 0,00 ₸"
100000002914245100,peripheral,0.7656,20,0.229232,"Признаков ролей нет: 1 отправителей, 0 получателей; вход 140,6 тыс ₸, выход 0,00 ₸"
100000000954884100,peripheral,0.9000,35,0.229002,"Признаков ролей нет: 1 отправителей, 0 получателей; вход 34,0 тыс ₸, выход 0,00 ₸"
100000002478829100,peripheral,0.7200,22,0.229002,"Признаков ролей нет: 1 отправителей, 0 получателей; вход 34,0 тыс ₸, выход 0,00 ₸; исходящие не прослежены (колено 4)"
100000008738325100,peripheral,0.9000,19,0.228306,"Признаков ролей нет: 1 отправителей, 1 получателей; вход 36,5 тыс ₸, выход 54,0 тыс ₸; seed: входящие неполные"
100000008503177100,peripheral,0.9000,6,0.228197,"Признаков ролей нет: 1 отправителей, 0 получателей; вход 34,0 тыс ₸, выход 0,00 ₸"
100000002737980100,peripheral,0.9000,4,0.227161,"Признаков ролей нет: 1 отправителей, 0 получателей; вход 32,9 тыс ₸, выход 0,00 ₸"
100000000470237100,peripheral,0.7200,28,0.226931,"Признаков ролей нет: 1 отправителей, 0 получателей; вход 32,5 тыс ₸, выход 0,00 ₸; исходящие не прослежены (колено 4)"
100000000611474100,peripheral,0.9000,23,0.226585,"Признаков ролей нет: 1 отправителей, 0 получателей; вход 32,0 тыс ₸, выход 0,00 ₸"
100000003219438100,peripheral,0.9000,34,0.226585,"Признаков ролей нет: 1 отправителей, 0 получателей; вход 32,0 тыс ₸, выход 0,00 ₸"
100000008306857100,peripheral,0.7917,9,0.226378,"Признаков ролей нет: 1 отправителей, 0 получателей; вход 125,0 тыс ₸, выход 0,00 ₸"
100000004655046100,peripheral,0.7200,7,0.226217,"Признаков ролей нет: 1 отправителей, 0 получателей; вход 24,0 тыс ₸, выход 0,00 ₸; исходящие не прослежены (колено 4)"
100000008734279100,peripheral,0.7200,6,0.225780,"Признаков ролей нет: 1 отправителей, 0 получателей; вход 31,6 тыс ₸, выход 0,00 ₸; исходящие не прослежены (колено 4)"
100000002702968100,peripheral,0.7200,7,0.225665,"Признаков ролей нет: 1 отправителей, 0 получателей; вход 31,6 тыс ₸, выход 0,00 ₸; исходящие не прослежены (колено 4)"
100000003072676100,peripheral,0.9000,16,0.225550,"Признаков ролей нет: 1 отправителей, 0 получателей; вход 31,5 тыс ₸, выход 0,00 ₸"
100000008116374100,peripheral,0.9000,4,0.225204,"Признаков ролей нет: 1 отправителей, 0 получателей; вход 31,3 тыс ₸, выход 0,00 ₸"
100000005326681100,peripheral,0.9000,15,0.225089,"Признаков ролей нет: 1 отправителей, 0 получателей; вход 31,2 тыс ₸, выход 0,00 ₸"
100000007793871100,peripheral,0.9000,11,0.224905,"Признаков ролей нет: 1 отправителей, 0 получателей; вход 26,0 тыс ₸, выход 0,00 ₸"
100000004099450100,peripheral,0.9000,0,0.224514,"Признаков ролей нет: 1 отправителей, 0 получателей; вход 31,0 тыс ₸, выход 0,00 ₸"
100000002660298100,peripheral,0.7200,7,0.224284,"Признаков ролей нет: 1 отправителей, 0 получателей; вход 30,9 тыс ₸, выход 0,00 ₸; исходящие не прослежены (колено 4)"
100000006288612100,peripheral,0.7200,12,0.224053,"Признаков ролей нет: 1 отправителей, 0 получателей; вход 30,8 тыс ₸, выход 0,00 ₸; исходящие не прослежены (колено 4)"
100000001684867100,peripheral,0.9000,4,0.223938,"Признаков ролей нет: 1 отправителей, 0 получателей; вход 30,6 тыс ₸, выход 0,00 ₸"
100000004441291100,peripheral,0.9000,3,0.223386,"Признаков ролей нет: 1 отправителей, 0 получателей; вход 20,0 тыс ₸, выход 0,00 ₸"
100000005022964100,peripheral,0.9000,3,0.223386,"Признаков ролей нет: 1 отправителей, 0 получателей; вход 20,0 тыс ₸, выход 0,00 ₸"
100000000608031100,peripheral,0.7200,16,0.223248,"Признаков ролей нет: 1 отправителей, 0 получателей; вход 30,0 тыс ₸, выход 0,00 ₸; исходящие не прослежены (колено 4)"
100000001578517100,peripheral,0.9000,4,0.223248,"Признаков ролей нет: 1 отправителей, 0 получателей; вход 30,0 тыс ₸, выход 0,00 ₸"
100000001785161100,peripheral,0.8000,30,0.223248,"Признаков ролей нет: 2 отправителей, 0 получателей; вход 30,0 тыс ₸, выход 0,00 ₸"
100000002173070100,peripheral,0.9000,4,0.223248,"Признаков ролей нет: 1 отправителей, 0 получателей; вход 30,0 тыс ₸, выход 0,00 ₸"
100000002613776100,peripheral,0.9000,3,0.223248,"Признаков ролей нет: 1 отправителей, 0 получателей; вход 30,0 тыс ₸, выход 0,00 ₸"
100000002723674100,peripheral,0.7200,22,0.223248,"Признаков ролей нет: 1 отправителей, 0 получателей; вход 30,0 тыс ₸, выход 0,00 ₸; исходящие не прослежены (колено 4)"
100000003001138100,peripheral,0.7200,28,0.223248,"Признаков ролей нет: 1 отправителей, 0 получателей; вход 30,0 тыс ₸, выход 0,00 ₸; исходящие не прослежены (колено 4)"
100000003814002100,peripheral,0.9000,5,0.223248,"Признаков ролей нет: 1 отправителей, 0 получателей; вход 30,0 тыс ₸, выход 0,00 ₸"
100000003888527100,peripheral,0.9000,42,0.223248,"Признаков ролей нет: 1 отправителей, 0 получателей; вход 30,0 тыс ₸, выход 0,00 ₸"
100000004047887100,peripheral,0.7200,39,0.223248,"Признаков ролей нет: 1 отправителей, 0 получателей; вход 30,0 тыс ₸, выход 0,00 ₸; исходящие не прослежены (колено 4)"
100000004596284100,peripheral,0.7200,4,0.223248,"Признаков ролей нет: 1 отправителей, 0 получателей; вход 30,0 тыс ₸, выход 0,00 ₸; исходящие не прослежены (колено 4)"
100000005105153100,peripheral,0.9000,0,0.223248,"Признаков ролей нет: 1 отправителей, 0 получателей; вход 30,0 тыс ₸, выход 0,00 ₸"
100000005621418100,peripheral,0.7200,27,0.223248,"Признаков ролей нет: 1 отправителей, 0 получателей; вход 30,0 тыс ₸, выход 0,00 ₸; исходящие не прослежены (колено 4)"
100000006416061100,peripheral,0.7200,0,0.223248,"Признаков ролей нет: 1 отправителей, 0 получателей; вход 30,0 тыс ₸, выход 0,00 ₸; исходящие не прослежены (колено 4)"
100000008151098100,peripheral,0.7200,27,0.223248,"Признаков ролей нет: 1 отправителей, 0 получателей; вход 30,0 тыс ₸, выход 0,00 ₸; исходящие не прослежены (колено 4)"
100000008473765100,peripheral,0.9000,6,0.223248,"Признаков ролей нет: 1 отправителей, 0 получателей; вход 30,0 тыс ₸, выход 0,00 ₸"
100000004192107100,peripheral,0.9000,3,0.222833,"Признаков ролей нет: 1 отправителей, 0 получателей; вход 25,0 тыс ₸, выход 0,00 ₸"
100000005895525100,peripheral,0.8000,46,0.222787,"Признаков ролей нет: 1 отправителей, 0 получателей; вход 120,0 тыс ₸, выход 0,00 ₸"
100000008598972100,peripheral,0.8000,20,0.222787,"Признаков ролей нет: 1 отправителей, 0 получателей; вход 120,0 тыс ₸, выход 0,00 ₸"
100000005498992100,distributor,0.8000,2,0.222236,"Веерное распределение: 16 получателей (порог 10); вход 0,00 ₸, выход 2,3 млн ₸; seed: входящие неполные"
100000002214664100,peripheral,0.9000,1,0.221153,"Признаков ролей нет: 1 отправителей, 1 получателей; вход 8,0 тыс ₸, выход 77,0 тыс ₸; отдаёт больше наблюдаемого входа — вероятны внешние поступления"
100000004292885100,peripheral,0.8122,1,0.219680,"Признаков ролей нет: 1 отправителей, 0 получателей; вход 112,7 тыс ₸, выход 0,00 ₸"
100000001114385100,peripheral,0.9000,3,0.218644,"Признаков ролей нет: 1 отправителей, 0 получателей; вход 29,5 тыс ₸, выход 0,00 ₸"
100000002861485100,peripheral,0.9000,4,0.218529,"Признаков ролей нет: 1 отправителей, 0 получателей; вход 29,3 тыс ₸, выход 0,00 ₸"
100000003040087100,peripheral,0.7200,7,0.218299,"Признаков ролей нет: 1 отправителей, 0 получателей; вход 29,0 тыс ₸, выход 0,00 ₸; исходящие не прослежены (колено 4)"
100000005362848100,peripheral,0.9000,7,0.218299,"Признаков ролей нет: 1 отправителей, 0 получателей; вход 29,0 тыс ₸, выход 0,00 ₸"
100000005547096100,peripheral,0.9000,49,0.218184,"Признаков ролей нет: 1 отправителей, 2 получателей; вход 8,0 тыс ₸, выход 226,3 тыс ₸; отдаёт больше наблюдаемого входа — вероятны внешние поступления"
100000003112578100,peripheral,0.8315,9,0.217747,"Признаков ролей нет: 1 отправителей, 0 получателей; вход 101,1 тыс ₸, выход 0,00 ₸"
100000002969048100,peripheral,0.8192,8,0.217724,"Признаков ролей нет: 1 отправителей, 0 получателей; вход 108,5 тыс ₸, выход 0,00 ₸"
100000002462183100,peripheral,0.8208,46,0.217378,"Признаков ролей нет: 1 отправителей, 0 получателей; вход 107,5 тыс ₸, выход 0,00 ₸"
100000001270470100,peripheral,0.7200,0,0.216918,"Признаков ролей нет: 1 отправителей, 0 получателей; вход 28,3 тыс ₸, выход 0,00 ₸; исходящие не прослежены (колено 4)"
100000002506987100,peripheral,0.7200,7,0.216573,"Признаков ролей нет: 1 отправителей, 0 получателей; вход 28,2 тыс ₸, выход 0,00 ₸; исходящие не прослежены (колено 4)"
100000007641183100,peripheral,0.9000,4,0.216458,"Признаков ролей нет: 1 отправителей, 0 получателей; вход 28,0 тыс ₸, выход 0,00 ₸"
100000008576528100,peripheral,0.9000,5,0.216458,"Признаков ролей нет: 1 отправителей, 0 получателей; вход 28,0 тыс ₸, выход 0,00 ₸"
100000004891562100,peripheral,0.7200,18,0.215767,"Признаков ролей нет: 1 отправителей, 0 получателей; вход 103,4 тыс ₸, выход 0,00 ₸; исходящие не прослежены (колено 4)"
100000004241142100,peripheral,0.7200,0,0.215652,"Признаков ролей нет: 1 отправителей, 0 получателей; вход 27,1 тыс ₸, выход 0,00 ₸; исходящие не прослежены (колено 4)"
100000003486846100,peripheral,0.7200,4,0.215537,"Признаков ролей нет: 1 отправителей, 0 получателей; вход 27,0 тыс ₸, выход 0,00 ₸; исходящие не прослежены (колено 4)"
100000004788983100,peripheral,0.7200,0,0.215537,"Признаков ролей нет: 1 отправителей, 0 получателей; вход 27,0 тыс ₸, выход 0,00 ₸; исходящие не прослежены (колено 4)"
100000002540623100,peripheral,0.8333,11,0.214616,"Признаков ролей нет: 1 отправителей, 0 получателей; вход 100,0 тыс ₸, выход 0,00 ₸"
100000002757797100,peripheral,0.8333,12,0.214616,"Признаков ролей нет: 1 отправителей, 0 получателей; вход 100,0 тыс ₸, выход 0,00 ₸"
100000005474472100,peripheral,0.8333,24,0.214616,"Признаков ролей нет: 1 отправителей, 0 получателей; вход 100,0 тыс ₸, выход 0,00 ₸"
100000008596924100,peripheral,0.8333,8,0.214616,"Признаков ролей нет: 1 отправителей, 0 получателей; вход 100,0 тыс ₸, выход 0,00 ₸"
100000007484343100,peripheral,0.8000,0,0.214501,"Признаков ролей нет: 2 отправителей, 0 получателей; вход 26,8 тыс ₸, выход 0,00 ₸"
100000004806903100,peripheral,0.9000,3,0.214409,"Признаков ролей нет: 1 отправителей, 0 получателей; вход 18,0 тыс ₸, выход 0,00 ₸"
100000008461217100,peripheral,0.7200,51,0.214409,"Признаков ролей нет: 1 отправителей, 0 получателей; вход 18,0 тыс ₸, выход 0,00 ₸; исходящие не прослежены (колено 4)"
100000001641789100,peripheral,0.9000,8,0.214294,"Признаков ролей нет: 1 отправителей, 0 получателей; вход 17,8 тыс ₸, выход 0,00 ₸"
100000006912294100,peripheral,0.9000,2,0.213834,"Признаков ролей нет: 1 отправителей, 2 получателей; вход 6,3 тыс ₸, выход 30,0 тыс ₸; отдаёт больше наблюдаемого входа — вероятны внешние поступления"
100000005589319100,peripheral,0.7200,3,0.211509,"Признаков ролей нет: 1 отправителей, 0 получателей; вход 26,0 тыс ₸, выход 0,00 ₸; исходящие не прослежены (колено 4)"
100000003148220100,peripheral,0.9000,59,0.210473,"Признаков ролей нет: 1 отправителей, 2 получателей; вход 5,7 тыс ₸, выход 43,4 тыс ₸; отдаёт больше наблюдаемого входа — вероятны внешние поступления"
100000004741837100,peripheral,0.9000,4,0.210473,"Признаков ролей нет: 1 отправителей, 0 получателей; вход 25,6 тыс ₸, выход 0,00 ₸"
100000002214207100,peripheral,0.7200,37,0.209898,"Признаков ролей нет: 1 отправителей, 0 получателей; вход 97,0 тыс ₸, выход 0,00 ₸; исходящие не прослежены (колено 4)"
100000002692044100,peripheral,0.8383,12,0.209898,"Признаков ролей нет: 1 отправителей, 0 получателей; вход 97,0 тыс ₸, выход 0,00 ₸"
100000008672603100,peripheral,0.9000,3,0.209829,"Признаков ролей нет: 1 отправителей, 0 получателей; вход 21,2 тыс ₸, выход 0,00 ₸"
100000002194329100,peripheral,0.9000,0,0.209667,"Признаков ролей нет: 1 отправителей, 0 получателей; вход 25,2 тыс ₸, выход 0,00 ₸"
100000005532138100,peripheral,0.9000,10,0.209552,"Признаков ролей нет: 1 отправителей, 0 получателей; вход 25,0 тыс ₸, выход 0,00 ₸"
100000004908173100,peripheral,0.7200,2,0.209483,"Признаков ролей нет: 1 отправителей, 0 получателей; вход 21,0 тыс ₸, выход 0,00 ₸; исходящие не прослежены (колено 4)"
100000000404740100,peripheral,0.7200,26,0.209437,"Признаков ролей нет: 1 отправителей, 0 получателей; вход 25,0 тыс ₸, выход 0,00 ₸; исходящие не прослежены (колено 4)"
100000000560751100,peripheral,0.9000,13,0.209437,"Признаков ролей нет: 1 отправителей, 0 получателей; вход 25,0 тыс ₸, выход 0,00 ₸"
100000001130176100,peripheral,0.9000,0,0.209437,"Признаков ролей нет: 1 отправителей, 0 получателей; вход 25,0 тыс ₸, выход 0,00 ₸"
100000001598625100,peripheral,0.7200,6,0.209437,"Признаков ролей нет: 1 отправителей, 0 получателей; вход 25,0 тыс ₸, выход 0,00 ₸; исходящие не прослежены (колено 4)"
100000002229615100,peripheral,0.7200,22,0.209437,"Признаков ролей нет: 1 отправителей, 0 получателей; вход 25,0 тыс ₸, выход 0,00 ₸; исходящие не прослежены (колено 4)"
100000002369454100,peripheral,0.7200,6,0.209437,"Признаков ролей нет: 1 отправителей, 0 получателей; вход 25,0 тыс ₸, выход 0,00 ₸; исходящие не прослежены (колено 4)"
100000002708624100,peripheral,0.9000,26,0.209437,"Признаков ролей нет: 1 отправителей, 0 получателей; вход 25,0 тыс ₸, выход 0,00 ₸"
100000004291663100,peripheral,0.7200,0,0.209437,"Признаков ролей нет: 1 отправителей, 0 получателей; вход 25,0 тыс ₸, выход 0,00 ₸; исходящие не прослежены (колено 4)"
100000005661528100,peripheral,0.9000,6,0.209437,"Признаков ролей нет: 1 отправителей, 0 получателей; вход 25,0 тыс ₸, выход 0,00 ₸"
100000005809252100,peripheral,0.9000,5,0.209437,"Признаков ролей нет: 1 отправителей, 0 получателей; вход 25,0 тыс ₸, выход 0,00 ₸"
100000005932987100,peripheral,0.9000,34,0.209437,"Признаков ролей нет: 1 отправителей, 0 получателей; вход 25,0 тыс ₸, выход 0,00 ₸"
100000006919124100,peripheral,0.9000,0,0.209437,"Признаков ролей нет: 1 отправителей, 0 получателей; вход 25,0 тыс ₸, выход 0,00 ₸"
100000007487729100,peripheral,0.9000,0,0.209437,"Признаков ролей нет: 1 отправителей, 0 получателей; вход 25,0 тыс ₸, выход 0,00 ₸"
100000007863304100,peripheral,0.9000,5,0.209437,"Признаков ролей нет: 1 отправителей, 0 получателей; вход 25,0 тыс ₸, выход 0,00 ₸"
100000008502995100,peripheral,0.9000,0,0.209437,"Признаков ролей нет: 1 отправителей, 0 получателей; вход 25,0 тыс ₸, выход 0,00 ₸"
100000008588665100,peripheral,0.7200,0,0.209437,"Признаков ролей нет: 1 отправителей, 0 получателей; вход 25,0 тыс ₸, выход 0,00 ₸; исходящие не прослежены (колено 4)"
100000008686214100,peripheral,0.9000,6,0.209437,"Признаков ролей нет: 1 отправителей, 0 получателей; вход 25,0 тыс ₸, выход 0,00 ₸"
100000001848426100,peripheral,0.8408,8,0.209322,"Признаков ролей нет: 1 отправителей, 0 получателей; вход 95,5 тыс ₸, выход 0,00 ₸"
100000004613582100,peripheral,0.9000,10,0.207826,"Признаков ролей нет: 1 отправителей, 1 получателей; вход 5,0 тыс ₸, выход 9,5 тыс ₸; отдаёт больше наблюдаемого входа — вероятны внешние поступления"
100000003073398100,peripheral,0.8451,8,0.207366,"Признаков ролей нет: 1 отправителей, 0 получателей; вход 93,0 тыс ₸, выход 0,00 ₸"
100000004571634100,peripheral,0.7200,11,0.207297,"Признаков ролей нет: 1 отправителей, 0 получателей; вход 20,0 тыс ₸, выход 0,00 ₸; исходящие не прослежены (колено 4)"
100000001648936100,peripheral,0.8454,8,0.207135,"Признаков ролей нет: 1 отправителей, 0 получателей; вход 92,7 тыс ₸, выход 0,00 ₸"
100000003239379100,peripheral,0.8458,12,0.207020,"Признаков ролей нет: 1 отправителей, 0 получателей; вход 92,5 тыс ₸, выход 0,00 ₸"
100000001251686100,peripheral,0.9000,3,0.206882,"Признаков ролей нет: 1 отправителей, 0 получателей; вход 18,0 тыс ₸, выход 0,00 ₸"
100000003087877100,peripheral,0.8475,20,0.206675,"Признаков ролей нет: 1 отправителей, 0 получателей; вход 91,5 тыс ₸, выход 0,00 ₸"
100000003132484100,peripheral,0.8500,2,0.205754,"Признаков ролей нет: 1 отправителей, 0 получателей; вход 90,0 тыс ₸, выход 0,00 ₸"
100000004225615100,peripheral,0.8500,2,0.205754,"Признаков ролей нет: 1 отправителей, 0 получателей; вход 90,0 тыс ₸, выход 0,00 ₸"
100000005203590100,peripheral,0.8500,8,0.205754,"Признаков ролей нет: 1 отправителей, 0 получателей; вход 90,0 тыс ₸, выход 0,00 ₸"
100000008071749100,peripheral,0.7200,7,0.205754,"Признаков ролей нет: 1 отправителей, 0 получателей; вход 24,9 тыс ₸, выход 0,00 ₸; исходящие не прослежены (колено 4)"
100000002554175100,peripheral,0.9000,7,0.205409,"Признаков ролей нет: 1 отправителей, 0 получателей; вход 24,6 тыс ₸, выход 0,00 ₸"
100000005709551100,peripheral,0.9000,13,0.205294,"Признаков ролей нет: 1 отправителей, 0 получателей; вход 24,6 тыс ₸, выход 0,00 ₸"
100000002646887100,peripheral,0.9000,2,0.204949,"Признаков ролей нет: 1 отправителей, 0 получателей; вход 24,4 тыс ₸, выход 0,00 ₸"
100000008454065100,peripheral,0.9000,14,0.204719,"Признаков ролей нет: 1 отправителей, 0 получателей; вход 24,1 тыс ₸, выход 0,00 ₸"
100000002836052100,peripheral,0.9000,3,0.204396,"Признаков ролей нет: 1 отправителей, 0 получателей; вход 15,0 тыс ₸, выход 0,00 ₸"
100000003622955100,peripheral,0.7200,11,0.204396,"Признаков ролей нет: 1 отправителей, 0 получателей; вход 15,0 тыс ₸, выход 0,00 ₸; исходящие не прослежены (колено 4)"
100000000600707100,peripheral,0.7200,37,0.204373,"Признаков ролей нет: 1 отправителей, 0 получателей; вход 89,0 тыс ₸, выход 0,00 ₸; исходящие не прослежены (колено 4)"
100000000971908100,peripheral,0.8517,8,0.204373,"Признаков ролей нет: 1 отправителей, 0 получателей; вход 89,0 тыс ₸, выход 0,00 ₸"
100000003166755100,peripheral,0.9000,3,0.204373,"Признаков ролей нет: 1 отправителей, 0 получателей; вход 24,0 тыс ₸, выход 0,00 ₸"
100000000634341100,peripheral,0.7200,0,0.204258,"Признаков ролей нет: 1 отправителей, 0 получателей; вход 24,0 тыс ₸, выход 0,00 ₸; исходящие не прослежены (колено 4)"
100000005497148100,peripheral,0.7200,5,0.204258,"Признаков ролей нет: 1 отправителей, 0 получателей; вход 24,0 тыс ₸, выход 0,00 ₸; исходящие не прослежены (колено 4)"
100000000943371100,peripheral,0.9000,13,0.203130,"Признаков ролей нет: 1 отправителей, 0 получателей; вход 15,5 тыс ₸, выход 0,00 ₸"
100000005226217100,peripheral,0.7200,2,0.203084,"Признаков ролей нет: 1 отправителей, 0 получателей; вход 17,5 тыс ₸, выход 0,00 ₸; исходящие не прослежены (колено 4)"
100000001280798100,peripheral,0.9000,7,0.202992,"Признаков ролей нет: 1 отправителей, 0 получателей; вход 23,8 тыс ₸, выход 0,00 ₸"
100000003123296100,peripheral,0.8563,12,0.202992,"Признаков ролей нет: 1 отправителей, 0 получателей; вход 86,2 тыс ₸, выход 0,00 ₸"
100000001632325100,peripheral,0.8573,1,0.202762,"Признаков ролей нет: 1 отправителей, 0 получателей; вход 85,6 тыс ₸, выход 0,00 ₸"
100000003900547100,peripheral,0.9000,4,0.202762,"Признаков ролей нет: 1 отправителей, 0 получателей; вход 23,7 тыс ₸, выход 0,00 ₸"
100000005093521100,peripheral,0.9000,3,0.202555,"Признаков ролей нет: 1 отправителей, 0 получателей; вход 15,2 тыс ₸, выход 0,00 ₸"
100000003970394100,peripheral,0.8583,12,0.202532,"Признаков ролей нет: 1 отправителей, 0 получателей; вход 85,0 тыс ₸, выход 0,00 ₸"
100000003095610100,peripheral,0.9000,7,0.202072,"Признаков ролей нет: 1 отправителей, 0 получателей; вход 23,7 тыс ₸, выход 0,00 ₸"
100000002948492100,peripheral,0.9000,14,0.201956,"Признаков ролей нет: 1 отправителей, 0 получателей; вход 23,7 тыс ₸, выход 0,00 ₸"
100000001262647100,peripheral,0.9000,15,0.201841,"Признаков ролей нет: 1 отправителей, 0 получателей; вход 23,6 тыс ₸, выход 0,00 ₸"
100000002662768100,peripheral,0.8595,3,0.201726,"Признаков ролей нет: 1 отправителей, 0 получателей; вход 84,3 тыс ₸, выход 0,00 ₸"
100000002870937100,peripheral,0.8605,10,0.201496,"Признаков ролей нет: 1 отправителей, 0 получателей; вход 83,7 тыс ₸, выход 0,00 ₸"
100000003173783100,peripheral,0.7200,30,0.201151,"Признаков ролей нет: 1 отправителей, 0 получателей; вход 23,5 тыс ₸, выход 0,00 ₸; исходящие не прослежены (колено 4)"
100000001248999100,peripheral,0.9000,16,0.200575,"Признаков ролей нет: 1 отправителей, 0 получателей; вход 23,4 тыс ₸, выход 0,00 ₸"
100000007999728100,peripheral,0.9000,14,0.200230,"Признаков ролей нет: 1 отправителей, 0 получателей; вход 23,2 тыс ₸, выход 0,00 ₸"
100000003865939100,peripheral,0.8642,69,0.200115,"Признаков ролей нет: 1 отправителей, 0 получателей; вход 81,5 тыс ₸, выход 0,00 ₸"
100000002871199100,peripheral,0.9000,14,0.200000,"Признаков ролей нет: 1 отправителей, 0 получателей; вход 23,2 тыс ₸, выход 0,00 ₸"
100000001550419100,peripheral,0.9000,14,0.199655,"Признаков ролей нет: 1 отправителей, 0 получателей; вход 23,0 тыс ₸, выход 0,00 ₸"
100000002566204100,peripheral,0.8653,11,0.199655,"Признаков ролей нет: 1 отправителей, 0 получателей; вход 80,8 тыс ₸, выход 0,00 ₸"
100000003039473100,peripheral,0.9000,4,0.199655,"Признаков ролей нет: 1 отправителей, 0 получателей; вход 23,0 тыс ₸, выход 0,00 ₸"
100000004635886100,peripheral,0.9000,4,0.199655,"Признаков ролей нет: 1 отправителей, 0 получателей; вход 23,0 тыс ₸, выход 0,00 ₸"
100000008730021100,peripheral,0.8741,15,0.199332,"Признаков ролей нет: 1 отправителей, 0 получателей; вход 75,6 тыс ₸, выход 0,00 ₸"
100000001969496100,peripheral,0.9000,14,0.198849,"Признаков ролей нет: 1 отправителей, 0 получателей; вход 22,7 тыс ₸, выход 0,00 ₸"
100000006562026100,peripheral,0.8000,53,0.198757,"Признаков ролей нет: 2 отправителей, 0 получателей; вход 75,0 тыс ₸, выход 0,00 ₸"
100000004611571100,peripheral,0.9000,0,0.198734,"Признаков ролей нет: 1 отправителей, 0 получателей; вход 22,6 тыс ₸, выход 0,00 ₸"
100000002481735100,peripheral,0.9000,4,0.198504,"Признаков ролей нет: 1 отправителей, 0 получателей; вход 22,4 тыс ₸, выход 0,00 ₸"
100000001952325100,peripheral,0.8702,1,0.198389,"Признаков ролей нет: 1 отправителей, 0 получателей; вход 77,9 тыс ₸, выход 0,00 ₸"
100000002723439100,peripheral,0.7200,33,0.198320,"Признаков ролей нет: 1 отправителей, 0 получателей; вход 18,0 тыс ₸, выход 0,00 ₸; исходящие не прослежены (колено 4)"
100000002534091100,peripheral,0.9000,6,0.198274,"Признаков ролей нет: 1 отправителей, 0 получателей; вход 22,2 тыс ₸, выход 0,00 ₸"
100000006989232100,peripheral,0.9000,0,0.198044,"Признаков ролей нет: 1 отправителей, 0 получателей; вход 22,2 тыс ₸, выход 0,00 ₸"
100000005939154100,peripheral,0.9000,4,0.197928,"Признаков ролей нет: 1 отправителей, 0 получателей; вход 22,0 тыс ₸, выход 0,00 ₸"
100000008778010100,peripheral,0.7200,1,0.197928,"Признаков ролей нет: 1 отправителей, 0 получателей; вход 77,0 тыс ₸, выход 0,00 ₸; исходящие не прослежены (колено 4)"
100000008737422100,peripheral,0.8718,1,0.197813,"Признаков ролей нет: 1 отправителей, 0 получателей; вход 76,9 тыс ₸, выход 0,00 ₸"
100000005931985100,peripheral,0.8733,9,0.197468,"Признаков ролей нет: 1 отправителей, 0 получателей; вход 76,0 тыс ₸, выход 0,00 ₸"
100000008712827100,peripheral,0.8733,1,0.197468,"Признаков ролей нет: 1 отправителей, 0 получателей; вход 76,0 тыс ₸, выход 0,00 ₸"
100000000967918100,peripheral,0.9000,0,0.196432,"Признаков ролей нет: 1 отправителей, 0 получателей; вход 21,2 тыс ₸, выход 0,00 ₸"
100000003500764100,peripheral,0.7200,16,0.196087,"Признаков ролей нет: 1 отправителей, 0 получателей; вход 21,0 тыс ₸, выход 0,00 ₸; исходящие не прослежены (колено 4)"
100000004792397100,peripheral,0.8775,1,0.195396,"Признаков ролей нет: 1 отправителей, 0 получателей; вход 73,5 тыс ₸, выход 0,00 ₸"
100000008718811100,peripheral,0.8778,1,0.195166,"Признаков ролей нет: 1 отправителей, 0 получателей; вход 73,3 тыс ₸, выход 0,00 ₸"
100000006030946100,peripheral,0.8779,1,0.195051,"Признаков ролей нет: 1 отправителей, 0 получателей; вход 73,3 тыс ₸, выход 0,00 ₸"
100000006844004100,peripheral,0.9000,0,0.194821,"Признаков ролей нет: 1 отправителей, 0 получателей; вход 20,6 тыс ₸, выход 0,00 ₸"
100000002488629100,peripheral,0.8782,8,0.194706,"Признаков ролей нет: 1 отправителей, 0 получателей; вход 73,0 тыс ₸, выход 0,00 ₸"
100000002757791100,peripheral,0.8782,8,0.194706,"Признаков ролей нет: 1 отправителей, 0 получателей; вход 73,0 тыс ₸, выход 0,00 ₸"
100000001286703100,peripheral,0.7200,39,0.194591,"Признаков ролей нет: 1 отправителей, 0 получателей; вход 20,5 тыс ₸, выход 0,00 ₸; исходящие не прослежены (колено 4)"
100000000673915100,peripheral,0.7200,36,0.194246,"Признаков ролей нет: 1 отправителей, 0 получателей; вход 20,2 тыс ₸, выход 0,00 ₸; исходящие не прослежены (колено 4)"
100000004616845100,peripheral,0.7200,57,0.194246,"Признаков ролей нет: 1 отправителей, 0 получателей; вход 20,2 тыс ₸, выход 0,00 ₸; исходящие не прослежены (колено 4)"
100000000425407100,peripheral,0.9000,3,0.193900,"Признаков ролей нет: 1 отправителей, 0 получателей; вход 20,0 тыс ₸, выход 0,00 ₸"
100000000500040100,peripheral,0.7200,0,0.193900,"Признаков ролей нет: 1 отправителей, 0 получателей; вход 20,0 тыс ₸, выход 0,00 ₸; исходящие не прослежены (колено 4)"
100000000655469100,peripheral,0.7200,22,0.193900,"Признаков ролей нет: 1 отправителей, 0 получателей; вход 20,0 тыс ₸, выход 0,00 ₸; исходящие не прослежены (колено 4)"
100000001275557100,peripheral,0.7200,23,0.193900,"Признаков ролей нет: 1 отправителей, 0 получателей; вход 20,0 тыс ₸, выход 0,00 ₸; исходящие не прослежены (колено 4)"
100000001420847100,peripheral,0.9000,17,0.193900,"Признаков ролей нет: 1 отправителей, 0 получателей; вход 20,0 тыс ₸, выход 0,00 ₸"
100000001845505100,peripheral,0.7200,6,0.193900,"Признаков ролей нет: 1 отправителей, 0 получателей; вход 20,0 тыс ₸, выход 0,00 ₸; исходящие не прослежены (колено 4)"
100000002227989100,peripheral,0.7200,22,0.193900,"Признаков ролей нет: 1 отправителей, 0 получателей; вход 20,0 тыс ₸, выход 0,00 ₸; исходящие не прослежены (колено 4)"
100000002305477100,peripheral,0.7200,22,0.193900,"Признаков ролей нет: 1 отправителей, 0 получателей; вход 20,0 тыс ₸, выход 0,00 ₸; исходящие не прослежены (колено 4)"
100000002459164100,peripheral,0.9000,0,0.193900,"Признаков ролей нет: 1 отправителей, 0 получателей; вход 20,0 тыс ₸, выход 0,00 ₸"
100000002546921100,peripheral,0.9000,14,0.193900,"Признаков ролей нет: 1 отправителей, 0 получателей; вход 20,0 тыс ₸, выход 0,00 ₸"
100000002578653100,peripheral,0.9000,47,0.193900,"Признаков ролей нет: 1 отправителей, 0 получателей; вход 20,0 тыс ₸, выход 0,00 ₸"
100000002748511100,peripheral,0.7200,4,0.193900,"Признаков ролей нет: 1 отправителей, 0 получателей; вход 20,0 тыс ₸, выход 0,00 ₸; исходящие не прослежены (колено 4)"
100000003066385100,peripheral,0.8000,0,0.193900,"Признаков ролей нет: 2 отправителей, 0 получателей; вход 20,0 тыс ₸, выход 0,00 ₸"
100000003177533100,peripheral,0.7200,6,0.193900,"Признаков ролей нет: 1 отправителей, 0 получателей; вход 20,0 тыс ₸, выход 0,00 ₸; исходящие не прослежены (колено 4)"
100000003370425100,peripheral,0.7200,13,0.193900,"Признаков ролей нет: 1 отправителей, 0 получателей; вход 20,0 тыс ₸, выход 0,00 ₸; исходящие не прослежены (колено 4)"
100000003594472100,peripheral,0.9000,31,0.193900,"Признаков ролей нет: 1 отправителей, 0 получателей; вход 20,0 тыс ₸, выход 0,00 ₸"
100000004070530100,peripheral,0.7200,39,0.193900,"Признаков ролей нет: 1 отправителей, 0 получателей; вход 20,0 тыс ₸, выход 0,00 ₸; исходящие не прослежены (колено 4)"
100000004350094100,peripheral,0.7200,17,0.193900,"Признаков ролей нет: 1 отправителей, 0 получателей; вход 20,0 тыс ₸, выход 0,00 ₸; исходящие не прослежены (колено 4)"
100000004467157100,peripheral,0.9000,34,0.193900,"Признаков ролей нет: 1 отправителей, 1 получателей; вход 20,0 тыс ₸, выход 7,0 тыс ₸"
100000004674178100,peripheral,0.7200,26,0.193900,"Признаков ролей нет: 1 отправителей, 0 получателей; вход 20,0 тыс ₸, выход 0,00 ₸; исходящие не прослежены (колено 4)"
100000004687282100,peripheral,0.9000,4,0.193900,"Признаков ролей нет: 1 отправителей, 0 получателей; вход 20,0 тыс ₸, выход 0,00 ₸"
100000004791226100,peripheral,0.7200,0,0.193900,"Признаков ролей нет: 1 отправителей, 0 получателей; вход 20,0 тыс ₸, выход 0,00 ₸; исходящие не прослежены (колено 4)"
100000004856746100,peripheral,0.7200,34,0.193900,"Признаков ролей нет: 1 отправителей, 0 получателей; вход 20,0 тыс ₸, выход 0,00 ₸; исходящие не прослежены (колено 4)"
100000004988240100,peripheral,0.7200,0,0.193900,"Признаков ролей нет: 1 отправителей, 0 получателей; вход 20,0 тыс ₸, выход 0,00 ₸; исходящие не прослежены (колено 4)"
100000006512787100,peripheral,0.7200,0,0.193900,"Признаков ролей нет: 1 отправителей, 0 получателей; вход 20,0 тыс ₸, выход 0,00 ₸; исходящие не прослежены (колено 4)"
100000006787636100,peripheral,0.9000,54,0.193900,"Признаков ролей нет: 1 отправителей, 0 получателей; вход 20,0 тыс ₸, выход 0,00 ₸"
100000006918814100,peripheral,0.7200,3,0.193900,"Признаков ролей нет: 1 отправителей, 0 получателей; вход 20,0 тыс ₸, выход 0,00 ₸; исходящие не прослежены (колено 4)"
100000007988344100,peripheral,0.7200,0,0.193900,"Признаков ролей нет: 1 отправителей, 0 получателей; вход 20,0 тыс ₸, выход 0,00 ₸; исходящие не прослежены (колено 4)"
100000008416433100,peripheral,0.9000,14,0.193900,"Признаков ролей нет: 1 отправителей, 0 получателей; вход 20,0 тыс ₸, выход 0,00 ₸"
100000008471634100,peripheral,0.7200,26,0.193900,"Признаков ролей нет: 1 отправителей, 0 получателей; вход 20,0 тыс ₸, выход 0,00 ₸; исходящие не прослежены (колено 4)"
100000008474391100,peripheral,0.9000,23,0.193900,"Признаков ролей нет: 1 отправителей, 0 получателей; вход 20,0 тыс ₸, выход 0,00 ₸"
100000008629504100,peripheral,0.7200,0,0.193900,"Признаков ролей нет: 1 отправителей, 0 получателей; вход 20,0 тыс ₸, выход 0,00 ₸; исходящие не прослежены (колено 4)"
100000008682426100,peripheral,0.9000,14,0.193900,"Признаков ролей нет: 1 отправителей, 0 получателей; вход 20,0 тыс ₸, выход 0,00 ₸"
100000001380986100,peripheral,0.8831,2,0.193440,"Признаков ролей нет: 1 отправителей, 0 получателей; вход 70,2 тыс ₸, выход 0,00 ₸"
100000004030553100,peripheral,0.7200,20,0.193095,"Признаков ролей нет: 1 отправителей, 0 получателей; вход 70,0 тыс ₸, выход 0,00 ₸; исходящие не прослежены (колено 4)"
100000005877725100,peripheral,0.8833,1,0.193095,"Признаков ролей нет: 1 отправителей, 0 получателей; вход 70,0 тыс ₸, выход 0,00 ₸"
100000006008169100,peripheral,0.8833,12,0.193095,"Признаков ролей нет: 1 отправителей, 0 получателей; вход 70,0 тыс ₸, выход 0,00 ₸"
100000008776420100,peripheral,0.8842,1,0.191253,"Признаков ролей нет: 1 отправителей, 0 получателей; вход 69,5 тыс ₸, выход 0,00 ₸"
100000008314863100,peripheral,0.9000,3,0.190931,"Признаков ролей нет: 1 отправителей, 0 получателей; вход 12,0 тыс ₸, выход 0,00 ₸"
100000004192865100,peripheral,0.8889,29,0.190218,"Признаков ролей нет: 1 отправителей, 0 получателей; вход 66,7 тыс ₸, выход 0,00 ₸"
100000008712991100,peripheral,0.8898,1,0.189872,"Признаков ролей нет: 1 отправителей, 0 получателей; вход 66,1 тыс ₸, выход 0,00 ₸"
100000004358004100,distributor,0.5500,3,0.189522,"Веерное распределение: 11 получателей (порог 10); вход 0,00 ₸, выход 980,9 тыс ₸; seed: входящие неполные"
100000002199091100,peripheral,0.8917,1,0.189412,"Признаков ролей нет: 1 отправителей, 0 получателей; вход 65,0 тыс ₸, выход 0,00 ₸"
100000004066370100,peripheral,0.7200,37,0.189412,"Признаков ролей нет: 1 отправителей, 0 получателей; вход 65,0 тыс ₸, выход 0,00 ₸; исходящие не прослежены (колено 4)"
100000005782886100,peripheral,0.7200,2,0.189389,"Признаков ролей нет: 1 отправителей, 0 получателей; вход 14,0 тыс ₸, выход 0,00 ₸; исходящие не прослежены (колено 4)"
100000008060273100,peripheral,0.9000,3,0.188744,"Признаков ролей нет: 1 отправителей, 0 получателей; вход 10,0 тыс ₸, выход 0,00 ₸"
100000005608515100,peripheral,0.8933,10,0.188031,"Признаков ролей нет: 1 отправителей, 0 получателей; вход 64,0 тыс ₸, выход 0,00 ₸"
100000006989106100,peripheral,0.8933,10,0.188031,"Признаков ролей нет: 1 отправителей, 0 получателей; вход 64,0 тыс ₸, выход 0,00 ₸"
100000000580561100,peripheral,0.8000,44,0.187772,"Признаков ролей нет: 2 отправителей, 3 получателей; вход 28,0 тыс ₸, выход 1,5 млн ₸; seed: входящие неполные"
100000004445291100,peripheral,0.9000,26,0.187225,"Признаков ролей нет: 1 отправителей, 0 получателей; вход 19,5 тыс ₸, выход 0,00 ₸"
100000003567087100,peripheral,0.8965,1,0.186880,"Признаков ролей нет: 1 отправителей, 0 получателей; вход 62,1 тыс ₸, выход 0,00 ₸"
100000008066326100,peripheral,0.9000,0,0.186880,"Признаков ролей нет: 1 отправителей, 0 получателей; вход 19,3 тыс ₸, выход 0,00 ₸"
100000007997939100,peripheral,0.7200,2,0.186742,"Признаков ролей нет: 1 отправителей, 0 получателей; вход 13,0 тыс ₸, выход 0,00 ₸; исходящие не прослежены (колено 4)"
100000001145749100,peripheral,0.9000,3,0.186673,"Признаков ролей нет: 1 отправителей, 0 получателей; вход 10,0 тыс ₸, выход 0,00 ₸"
100000006557763100,peripheral,0.9000,3,0.186673,"Признаков ролей нет: 1 отправителей, 0 получателей; вход 10,0 тыс ₸, выход 0,00 ₸"
100000006684930100,peripheral,0.9000,13,0.186673,"Признаков ролей нет: 1 отправителей, 0 получателей; вход 10,0 тыс ₸, выход 0,00 ₸"
100000001298099100,peripheral,0.9000,7,0.186535,"Признаков ролей нет: 1 отправителей, 0 получателей; вход 19,0 тыс ₸, выход 0,00 ₸"
100000002844652100,peripheral,0.8977,10,0.186420,"Признаков ролей нет: 1 отправителей, 0 получателей; вход 61,4 тыс ₸, выход 0,00 ₸"
100000002653187100,peripheral,0.7200,12,0.186235,"Признаков ролей нет: 1 отправителей, 0 получателей; вход 15,0 тыс ₸, выход 0,00 ₸; исходящие не прослежены (колено 4)"
100000004674389100,peripheral,0.7200,11,0.186235,"Признаков ролей нет: 1 отправителей, 0 получателей; вход 15,0 тыс ₸, выход 0,00 ₸; исходящие не прослежены (колено 4)"
100000005168487100,peripheral,0.9000,11,0.186235,"Признаков ролей нет: 1 отправителей, 1 получателей; вход 15,0 тыс ₸, выход 103,5 тыс ₸; отдаёт больше наблюдаемого входа — вероятны внешние поступления"
100000003635660100,peripheral,0.9000,0,0.185844,"Признаков ролей нет: 1 отправителей, 0 получателей; вход 19,0 тыс ₸, выход 0,00 ₸"
100000000926766100,peripheral,0.9000,26,0.185729,"Признаков ролей нет: 1 отправителей, 1 получателей; вход 18,8 тыс ₸, выход 6,0 тыс ₸"
100000008765627100,peripheral,0.9000,8,0.185729,"Признаков ролей нет: 1 отправителей, 0 получателей; вход 60,0 тыс ₸, выход 0,00 ₸"
100000002893020100,peripheral,0.9000,7,0.185269,"Признаков ролей нет: 1 отправителей, 0 получателей; вход 18,3 тыс ₸, выход 0,00 ₸"
100000000795033100,peripheral,0.9000,0,0.185154,"Признаков ролей нет: 1 отправителей, 0 получателей; вход 18,2 тыс ₸, выход 0,00 ₸"
100000004386286100,peripheral,0.7200,12,0.185131,"Признаков ролей нет: 1 отправителей, 0 получателей; вход 12,5 тыс ₸, выход 0,00 ₸; исходящие не прослежены (колено 4)"
100000001130553100,peripheral,0.7200,5,0.184923,"Признаков ролей нет: 1 отправителей, 0 получателей; вход 18,0 тыс ₸, выход 0,00 ₸; исходящие не прослежены (колено 4)"
100000002748040100,peripheral,0.7200,7,0.184923,"Признаков ролей нет: 1 отправителей, 0 получателей; вход 18,0 тыс ₸, выход 0,00 ₸; исходящие не прослежены (колено 4)"
100000005059998100,peripheral,0.9000,0,0.184923,"Признаков ролей нет: 1 отправителей, 0 получателей; вход 18,0 тыс ₸, выход 0,00 ₸"
100000006882208100,peripheral,0.9000,4,0.184923,"Признаков ролей нет: 1 отправителей, 0 получателей; вход 18,0 тыс ₸, выход 0,00 ₸"
100000008028628100,peripheral,0.9000,1,0.183082,"Признаков ролей нет: 1 отправителей, 0 получателей; вход 57,2 тыс ₸, выход 0,00 ₸"
100000002514975100,peripheral,0.7200,27,0.182852,"Признаков ролей нет: 1 отправителей, 0 получателей; вход 17,9 тыс ₸, выход 0,00 ₸; исходящие не прослежены (колено 4)"
100000002305007100,peripheral,0.9000,1,0.182622,"Признаков ролей нет: 1 отправителей, 0 получателей; вход 56,0 тыс ₸, выход 0,00 ₸"
100000004041294100,peripheral,0.7200,26,0.182622,"Признаков ролей нет: 1 отправителей, 0 получателей; вход 17,8 тыс ₸, выход 0,00 ₸; исходящие не прослежены (колено 4)"
100000002864680100,peripheral,0.9000,12,0.182392,"Признаков ролей нет: 1 отправителей, 0 получателей; вход 55,9 тыс ₸, выход 0,00 ₸"
100000008745489100,peripheral,0.9000,1,0.182046,"Признаков ролей нет: 1 отправителей, 0 получателей; вход 55,5 тыс ₸, выход 0,00 ₸"
100000005553088100,peripheral,0.7200,6,0.181126,"Признаков ролей нет: 1 отправителей, 0 получателей; вход 17,5 тыс ₸, выход 0,00 ₸; исходящие не прослежены (колено 4)"
100000008710913100,peripheral,0.7200,2,0.180826,"Признаков ролей нет: 1 отправителей, 0 получателей; вход 14,0 тыс ₸, выход 0,00 ₸; исходящие не прослежены (колено 4)"
100000008736760100,peripheral,0.9000,1,0.180780,"Признаков ролей нет: 1 отправителей, 0 получателей; вход 54,8 тыс ₸, выход 0,00 ₸"
100000001249054100,peripheral,0.7200,7,0.180550,"Признаков ролей нет: 1 отправителей, 0 получателей; вход 17,4 тыс ₸, выход 0,00 ₸; исходящие не прослежены (колено 4)"
100000008008463100,peripheral,0.9000,8,0.180320,"Признаков ролей нет: 1 отправителей, 0 получателей; вход 54,2 тыс ₸, выход 0,00 ₸"
100000008701944100,peripheral,0.9000,15,0.179998,"Признаков ролей нет: 1 отправителей, 0 получателей; вход 52,1 тыс ₸, выход 0,00 ₸"
100000006385877100,peripheral,0.7962,2,0.179860,"Признаков ролей нет: 1 отправителей, 1 получателей; вход 53,7 тыс ₸, выход 36,6 тыс ₸"
100000001696818100,peripheral,0.9000,3,0.179514,"Признаков ролей нет: 1 отправителей, 0 получателей; вход 53,5 тыс ₸, выход 0,00 ₸"
100000008737958100,peripheral,0.8000,1,0.179284,"Признаков ролей нет: 2 отправителей, 0 получателей; вход 53,4 тыс ₸, выход 0,00 ₸"
100000008219168100,peripheral,0.9000,10,0.179169,"Признаков ролей нет: 1 отправителей, 0 получателей; вход 53,2 тыс ₸, выход 0,00 ₸"
100000000912487100,peripheral,0.9000,3,0.179146,"Признаков ролей нет: 1 отправителей, 0 получателей; вход 10,0 тыс ₸, выход 0,00 ₸"
100000001202637100,peripheral,0.7200,7,0.179146,"Признаков ролей нет: 1 отправителей, 0 получателей; вход 10,0 тыс ₸, выход 0,00 ₸; исходящие не прослежены (колено 4)"
100000002540033100,peripheral,0.7200,21,0.179146,"Признаков ролей нет: 1 отправителей, 0 получателей; вход 10,0 тыс ₸, выход 0,00 ₸; исходящие не прослежены (колено 4)"
100000003904497100,peripheral,0.7200,2,0.179146,"Признаков ролей нет: 1 отправителей, 0 получателей; вход 10,0 тыс ₸, выход 0,00 ₸; исходящие не прослежены (колено 4)"
100000008767065100,peripheral,0.9000,21,0.179146,"Признаков ролей нет: 1 отправителей, 0 получателей; вход 10,0 тыс ₸, выход 0,00 ₸"
100000008746673100,peripheral,0.9000,1,0.179054,"Признаков ролей нет: 1 отправителей, 0 получателей; вход 53,0 тыс ₸, выход 0,00 ₸"
100000008762728100,peripheral,0.9000,4,0.178824,"Признаков ролей нет: 1 отправителей, 0 получателей; вход 17,0 тыс ₸, выход 0,00 ₸"
100000003010908100,peripheral,0.7200,7,0.178709,"Признаков ролей нет: 1 отправителей, 0 получателей; вход 17,0 тыс ₸, выход 0,00 ₸; исходящие не прослежены (колено 4)"
100000008029279100,peripheral,0.9000,6,0.178709,"Признаков ролей нет: 1 отправителей, 0 получателей; вход 17,0 тыс ₸, выход 0,00 ₸"
100000007303047100,peripheral,0.9000,1,0.177788,"Признаков ролей нет: 1 отправителей, 0 получателей; вход 52,2 тыс ₸, выход 0,00 ₸"
100000000981693100,peripheral,0.7200,0,0.177673,"Признаков ролей нет: 1 отправителей, 0 получателей; вход 16,5 тыс ₸, выход 0,00 ₸; исходящие не прослежены (колено 4)"
100000004257714100,peripheral,0.9000,1,0.177673,"Признаков ролей нет: 1 отправителей, 0 получателей; вход 52,2 тыс ₸, выход 0,00 ₸"
100000006866831100,peripheral,0.7200,0,0.177673,"Признаков ролей нет: 1 отправителей, 0 получателей; вход 16,5 тыс ₸, выход 0,00 ₸; исходящие не прослежены (колено 4)"
100000004841728100,peripheral,0.9000,1,0.177558,"Признаков ролей нет: 1 отправителей, 0 получателей; вход 52,2 тыс ₸, выход 0,00 ₸"
100000002597623100,peripheral,0.9000,0,0.177097,"Признаков ролей нет: 1 отправителей, 0 получателей; вход 16,4 тыс ₸, выход 0,00 ₸"
100000008684452100,peripheral,0.9000,1,0.177097,"Признаков ролей нет: 1 отправителей, 0 получателей; вход 51,8 тыс ₸, выход 0,00 ₸"
100000003096787100,peripheral,0.7200,7,0.176982,"Признаков ролей нет: 1 отправителей, 0 получателей; вход 16,4 тыс ₸, выход 0,00 ₸; исходящие не прослежены (колено 4)"
100000001065481100,peripheral,0.7200,13,0.176522,"Признаков ролей нет: 1 отправителей, 0 получателей; вход 16,0 тыс ₸, выход 0,00 ₸; исходящие не прослежены (колено 4)"
100000002727288100,peripheral,0.9000,15,0.176522,"Признаков ролей нет: 1 отправителей, 0 получателей; вход 16,0 тыс ₸, выход 0,00 ₸"
100000007653094100,peripheral,0.7200,13,0.176522,"Признаков ролей нет: 1 отправителей, 0 получателей; вход 16,0 тыс ₸, выход 0,00 ₸; исходящие не прослежены (колено 4)"
100000008304115100,peripheral,0.9000,12,0.176522,"Признаков ролей нет: 1 отправителей, 0 получателей; вход 51,0 тыс ₸, выход 0,00 ₸"
100000003009900100,peripheral,0.9000,7,0.175601,"Признаков ролей нет: 1 отправителей, 0 получателей; вход 16,0 тыс ₸, выход 0,00 ₸"
100000002528978100,peripheral,0.7200,7,0.175486,"Признаков ролей нет: 1 отправителей, 0 получателей; вход 15,9 тыс ₸, выход 0,00 ₸; исходящие не прослежены (колено 4)"
100000003024542100,peripheral,0.9000,3,0.175394,"Признаков ролей нет: 1 отправителей, 0 получателей; вход 8,5 тыс ₸, выход 0,00 ₸"
100000003713616100,peripheral,0.9000,4,0.175371,"Признаков ролей нет: 1 отправителей, 0 получателей; вход 15,9 тыс ₸, выход 0,00 ₸"
100000007597382100,peripheral,0.9000,5,0.175256,"Признаков ролей нет: 1 отправителей, 0 получателей; вход 15,7 тыс ₸, выход 0,00 ₸"
100000005940652100,peripheral,0.9000,40,0.175049,"Признаков ролей нет: 1 отправителей, 0 получателей; вход 8,4 тыс ₸, выход 0,00 ₸"
100000001250022100,peripheral,0.9000,8,0.175026,"Признаков ролей нет: 1 отправителей, 0 получателей; вход 50,0 тыс ₸, выход 0,00 ₸"
100000002369443100,peripheral,0.9000,1,0.175026,"Признаков ролей нет: 1 отправителей, 0 получателей; вход 50,0 тыс ₸, выход 0,00 ₸"
100000002842337100,peripheral,0.9000,10,0.175026,"Признаков ролей нет: 1 отправителей, 0 получателей; вход 50,0 тыс ₸, выход 0,00 ₸"
100000003922499100,peripheral,0.9000,12,0.175026,"Признаков ролей нет: 1 отправителей, 0 получателей; вход 50,0 тыс ₸, выход 0,00 ₸"
100000004491749100,peripheral,0.9000,8,0.175026,"Признаков ролей нет: 1 отправителей, 0 получателей; вход 50,0 тыс ₸, выход 0,00 ₸"
100000008772058100,peripheral,0.9000,1,0.175026,"Признаков ролей нет: 1 отправителей, 0 получателей; вход 50,0 тыс ₸, выход 0,00 ₸"
100000008774237100,peripheral,0.9000,25,0.175026,"Признаков ролей нет: 1 отправителей, 1 получателей; вход 50,0 тыс ₸, выход 10,0 тыс ₸"
100000004921657100,peripheral,0.9000,3,0.174704,"Признаков ролей нет: 1 отправителей, 1 получателей; вход 8,3 тыс ₸, выход 22,2 тыс ₸; отдаёт больше наблюдаемого входа — вероятны внешние поступления"
100000004222274100,peripheral,0.7200,0,0.173645,"Признаков ролей нет: 1 отправителей, 0 получателей; вход 15,5 тыс ₸, выход 0,00 ₸; исходящие не прослежены (колено 4)"
100000001138376100,peripheral,0.9000,15,0.173300,"Признаков ролей нет: 1 отправителей, 0 получателей; вход 15,3 тыс ₸, выход 0,00 ₸"
100000005172860100,peripheral,0.9000,0,0.173184,"Признаков ролей нет: 1 отправителей, 0 получателей; вход 15,2 тыс ₸, выход 0,00 ₸"
100000002733083100,peripheral,0.7200,7,0.173069,"Признаков ролей нет: 1 отправителей, 0 получателей; вход 15,2 тыс ₸, выход 0,00 ₸; исходящие не прослежены (колено 4)"
100000000424935100,peripheral,0.7200,28,0.172839,"Признаков ролей нет: 1 отправителей, 0 получателей; вход 15,0 тыс ₸, выход 0,00 ₸; исходящие не прослежены (колено 4)"
100000001530740100,peripheral,0.9000,4,0.172839,"Признаков ролей нет: 1 отправителей, 0 получателей; вход 15,0 тыс ₸, выход 0,00 ₸"
100000002231144100,peripheral,0.7200,22,0.172839,"Признаков ролей нет: 1 отправителей, 0 получателей; вход 15,0 тыс ₸, выход 0,00 ₸; исходящие не прослежены (колено 4)"
100000002304943100,peripheral,0.7200,22,0.172839,"Признаков ролей нет: 1 отправителей, 0 получателей; вход 15,0 тыс ₸, выход 0,00 ₸; исходящие не прослежены (колено 4)"
100000002707106100,peripheral,0.7200,14,0.172839,"Признаков ролей нет: 1 отправителей, 0 получателей; вход 15,0 тыс ₸, выход 0,00 ₸; исходящие не прослежены (колено 4)"
100000002945031100,peripheral,0.9000,13,0.172839,"Признаков ролей нет: 1 отправителей, 0 получателей; вход 15,0 тыс ₸, выход 0,00 ₸"
100000002975287100,peripheral,0.9000,16,0.172839,"Признаков ролей нет: 1 отправителей, 0 получателей; вход 15,0 тыс ₸, выход 0,00 ₸"
100000003036198100,peripheral,0.9000,3,0.172839,"Признаков ролей нет: 1 отправителей, 0 получателей; вход 15,0 тыс ₸, выход 0,00 ₸"
100000003083865100,peripheral,0.7200,7,0.172839,"Признаков ролей нет: 1 отправителей, 0 получателей; вход 15,0 тыс ₸, выход 0,00 ₸; исходящие не прослежены (колено 4)"
100000003093299100,peripheral,0.9000,0,0.172839,"Признаков ролей нет: 1 отправителей, 0 получателей; вход 15,0 тыс ₸, выход 0,00 ₸"
100000003166017100,peripheral,0.7200,7,0.172839,"Признаков ролей нет: 1 отправителей, 0 получателей; вход 15,0 тыс ₸, выход 0,00 ₸; исходящие не прослежены (колено 4)"
100000003241965100,peripheral,0.9000,7,0.172839,"Признаков ролей нет: 1 отправителей, 0 получателей; вход 15,0 тыс ₸, выход 0,00 ₸"
100000004379306100,peripheral,0.7200,6,0.172839,"Признаков ролей нет: 1 отправителей, 0 получателей; вход 15,0 тыс ₸, выход 0,00 ₸; исходящие не прослежены (колено 4)"
100000004564736100,peripheral,0.9000,23,0.172839,"Признаков ролей нет: 1 отправителей, 0 получателей; вход 15,0 тыс ₸, выход 0,00 ₸"
100000008011573100,peripheral,0.9000,16,0.172839,"Признаков ролей нет: 1 отправителей, 0 получателей; вход 15,0 тыс ₸, выход 0,00 ₸"
100000008524903100,peripheral,0.7200,0,0.172839,"Признаков ролей нет: 1 отправителей, 0 получателей; вход 15,0 тыс ₸, выход 0,00 ₸; исходящие не прослежены (колено 4)"
100000002812641100,peripheral,0.7440,2,0.170583,"Признаков ролей нет: 1 отправителей, 1 получателей; вход 10,0 тыс ₸, выход 7,0 тыс ₸"
100000003943483100,peripheral,0.9000,12,0.170583,"Признаков ролей нет: 1 отправителей, 0 получателей; вход 10,0 тыс ₸, выход 0,00 ₸"
100000004456564100,peripheral,0.9000,14,0.170583,"Признаков ролей нет: 1 отправителей, 0 получателей; вход 10,0 тыс ₸, выход 0,00 ₸"
100000005032294100,peripheral,0.9000,14,0.170583,"Признаков ролей нет: 1 отправителей, 0 получателей; вход 10,0 тыс ₸, выход 0,00 ₸"
100000005941908100,peripheral,0.9000,14,0.170583,"Признаков ролей нет: 1 отправителей, 0 получателей; вход 10,0 тыс ₸, выход 0,00 ₸"
100000008758106100,peripheral,0.7200,2,0.170583,"Признаков ролей нет: 1 отправителей, 0 получателей; вход 10,0 тыс ₸, выход 0,00 ₸; исходящие не прослежены (колено 4)"
100000008761132100,peripheral,0.7200,2,0.170583,"Признаков ролей нет: 1 отправителей, 0 получателей; вход 10,0 тыс ₸, выход 0,00 ₸; исходящие не прослежены (колено 4)"
100000008761220100,peripheral,0.7200,2,0.170583,"Признаков ролей нет: 1 отправителей, 0 получателей; вход 10,0 тыс ₸, выход 0,00 ₸; исходящие не прослежены (колено 4)"
100000008713685100,peripheral,0.9000,1,0.170537,"Признаков ролей нет: 1 отправителей, 0 получателей; вход 49,7 тыс ₸, выход 0,00 ₸"
100000008782421100,peripheral,0.9000,1,0.170422,"Признаков ролей нет: 1 отправителей, 0 получателей; вход 49,7 тыс ₸, выход 0,00 ₸"
100000001279875100,peripheral,0.9000,9,0.170077,"Признаков ролей нет: 1 отправителей, 0 получателей; вход 49,2 тыс ₸, выход 0,00 ₸"
100000008557672100,peripheral,0.9000,1,0.169847,"Признаков ролей нет: 1 отправителей, 0 получателей; вход 49,1 тыс ₸, выход 0,00 ₸"
100000008677518100,peripheral,0.9000,1,0.169156,"Признаков ролей нет: 1 отправителей, 0 получателей; вход 48,7 тыс ₸, выход 0,00 ₸"
100000008289539100,peripheral,0.9000,15,0.169041,"Признаков ролей нет: 1 отправителей, 0 получателей; вход 14,9 тыс ₸, выход 0,00 ₸"
100000001380107100,peripheral,0.9000,55,0.168604,"Признаков ролей нет: 1 отправителей, 0 получателей; вход 6,0 тыс ₸, выход 0,00 ₸"
100000001808684100,peripheral,0.5527,8,0.168466,"Признаков ролей нет: 1 отправителей, 1 получателей; вход 48,4 тыс ₸, выход 37,7 тыс ₸"
100000005495211100,peripheral,0.7200,0,0.168236,"Признаков ролей нет: 1 отправителей, 0 получателей; вход 14,5 тыс ₸, выход 0,00 ₸; исходящие не прослежены (колено 4)"
100000003650146100,peripheral,0.9000,4,0.168121,"Признаков ролей нет: 1 отправителей, 0 получателей; вход 14,4 тыс ₸, выход 0,00 ₸"
100000001690439100,peripheral,0.9000,5,0.168006,"Признаков ролей нет: 1 отправителей, 0 получателей; вход 14,2 тыс ₸, выход 0,00 ₸"
100000005187208100,peripheral,0.9000,5,0.167775,"Признаков ролей нет: 1 отправителей, 0 получателей; вход 14,2 тыс ₸, выход 0,00 ₸"
100000008525136100,peripheral,0.7200,0,0.167660,"Признаков ролей нет: 1 отправителей, 0 получателей; вход 14,1 тыс ₸, выход 0,00 ₸; исходящие не прослежены (колено 4)"
100000005961971100,peripheral,0.9000,1,0.167545,"Признаков ролей нет: 1 отправителей, 0 получателей; вход 47,4 тыс ₸, выход 0,00 ₸"
100000003078839100,peripheral,0.7200,6,0.167430,"Признаков ролей нет: 1 отправителей, 0 получателей; вход 14,0 тыс ₸, выход 0,00 ₸; исходящие не прослежены (колено 4)"
100000006161893100,peripheral,0.9000,4,0.167430,"Признаков ролей нет: 1 отправителей, 0 получателей; вход 14,0 тыс ₸, выход 0,00 ₸"
100000008474308100,peripheral,0.7143,12,0.167430,"Признаков ролей нет: 1 отправителей, 1 получателей; вход 14,0 тыс ₸, выход 10,0 тыс ₸"
100000008749618100,peripheral,0.9000,1,0.167430,"Признаков ролей нет: 1 отправителей, 0 получателей; вход 47,3 тыс ₸, выход 0,00 ₸"
100000008745725100,peripheral,0.9000,1,0.166970,"Признаков ролей нет: 1 отправителей, 0 получателей; вход 47,1 тыс ₸, выход 0,00 ₸"
100000008768896100,peripheral,0.9000,1,0.166970,"Признаков ролей нет: 1 отправителей, 0 получателей; вход 47,1 тыс ₸, выход 0,00 ₸"
100000002952756100,peripheral,0.9000,9,0.166509,"Признаков ролей нет: 1 отправителей, 0 получателей; вход 47,0 тыс ₸, выход 0,00 ₸"
100000004502048100,peripheral,0.7200,17,0.166164,"Признаков ролей нет: 1 отправителей, 0 получателей; вход 13,9 тыс ₸, выход 0,00 ₸; исходящие не прослежены (колено 4)"
100000002320495100,peripheral,0.7200,16,0.165819,"Признаков ролей нет: 1 отправителей, 0 получателей; вход 13,5 тыс ₸, выход 0,00 ₸; исходящие не прослежены (колено 4)"
100000008677368100,peripheral,0.7200,10,0.165704,"Признаков ролей нет: 1 отправителей, 0 получателей; вход 13,5 тыс ₸, выход 0,00 ₸; исходящие не прослежены (колено 4)"
100000004167082100,peripheral,0.7200,13,0.165474,"Признаков ролей нет: 1 отправителей, 0 получателей; вход 13,3 тыс ₸, выход 0,00 ₸; исходящие не прослежены (колено 4)"
100000004691350100,peripheral,0.7200,50,0.165474,"Признаков ролей нет: 1 отправителей, 0 получателей; вход 13,3 тыс ₸, выход 0,00 ₸; исходящие не прослежены (колено 4)"
100000003927792100,peripheral,0.9000,15,0.164898,"Признаков ролей нет: 1 отправителей, 0 получателей; вход 13,1 тыс ₸, выход 0,00 ₸"
100000001089055100,peripheral,0.7200,16,0.164783,"Признаков ролей нет: 1 отправителей, 0 получателей; вход 13,0 тыс ₸, выход 0,00 ₸; исходящие не прослежены (колено 4)"
100000004096559100,peripheral,0.9000,10,0.164783,"Признаков ролей нет: 1 отправителей, 0 получателей; вход 46,2 тыс ₸, выход 0,00 ₸"
100000005849862100,peripheral,0.7200,10,0.164783,"Признаков ролей нет: 1 отправителей, 0 получателей; вход 13,0 тыс ₸, выход 0,00 ₸; исходящие не прослежены (колено 4)"
100000001232297100,peripheral,0.9000,13,0.164231,"Признаков ролей нет: 1 отправителей, 2 получателей; вход 5,0 тыс ₸, выход 45,0 тыс ₸; отдаёт больше наблюдаемого входа — вероятны внешние поступления"
100000004285800100,peripheral,0.9000,0,0.164231,"Признаков ролей нет: 1 отправителей, 1 получателей; вход 5,0 тыс ₸, выход 15,0 тыс ₸; отдаёт больше наблюдаемого входа — вероятны внешние поступления"
100000006523053100,peripheral,0.9000,3,0.164231,"Признаков ролей нет: 1 отправителей, 0 получателей; вход 5,0 тыс ₸, выход 0,00 ₸"
100000008754747100,peripheral,0.9000,1,0.164093,"Признаков ролей нет: 1 отправителей, 0 получателей; вход 45,5 тыс ₸, выход 0,00 ₸"
100000002706810100,peripheral,0.7200,18,0.163747,"Признаков ролей нет: 1 отправителей, 0 получателей; вход 45,0 тыс ₸, выход 0,00 ₸; исходящие не прослежены (колено 4)"
100000007861311100,peripheral,0.9000,10,0.163747,"Признаков ролей нет: 1 отправителей, 0 получателей; вход 45,0 тыс ₸, выход 0,00 ₸"
100000002742067100,peripheral,0.9000,15,0.163517,"Признаков ролей нет: 1 отправителей, 0 получателей; вход 12,7 тыс ₸, выход 0,00 ₸"
100000005496254100,peripheral,0.9000,0,0.163402,"Признаков ролей нет: 1 отправителей, 0 получателей; вход 12,7 тыс ₸, выход 0,00 ₸"
100000002832753100,peripheral,0.7200,15,0.163172,"Признаков ролей нет: 1 отправителей, 0 получателей; вход 12,5 тыс ₸, выход 0,00 ₸; исходящие не прослежены (колено 4)"
100000004232712100,peripheral,0.7200,5,0.163172,"Признаков ролей нет: 1 отправителей, 0 получателей; вход 12,5 тыс ₸, выход 0,00 ₸; исходящие не прослежены (колено 4)"
100000002908521100,peripheral,0.9000,1,0.161906,"Признаков ролей нет: 1 отправителей, 0 получателей; вход 44,5 тыс ₸, выход 0,00 ₸"
100000008772246100,peripheral,0.9000,1,0.161906,"Признаков ролей нет: 1 отправителей, 0 получателей; вход 44,5 тыс ₸, выход 0,00 ₸"
100000000978041100,peripheral,0.9000,1,0.161676,"Признаков ролей нет: 1 отправителей, 0 получателей; вход 44,4 тыс ₸, выход 0,00 ₸"
100000004254434100,peripheral,0.9000,1,0.161676,"Признаков ролей нет: 1 отправителей, 0 получателей; вход 44,4 тыс ₸, выход 0,00 ₸"
100000008744849100,peripheral,0.9000,1,0.161676,"Признаков ролей нет: 1 отправителей, 0 получателей; вход 44,4 тыс ₸, выход 0,00 ₸"
100000001415126100,peripheral,0.9000,19,0.161653,"Признаков ролей нет: 1 отправителей, 0 получателей; вход 27,0 тыс ₸, выход 0,00 ₸; seed: входящие неполные"
100000000870121100,peripheral,0.9000,13,0.161446,"Признаков ролей нет: 1 отправителей, 0 получателей; вход 12,0 тыс ₸, выход 0,00 ₸"
100000004158362100,peripheral,0.9000,0,0.161446,"Признаков ролей нет: 1 отправителей, 0 получателей; вход 12,0 тыс ₸, выход 0,00 ₸"
100000002558173100,peripheral,0.9000,32,0.161261,"Признаков ролей нет: 1 отправителей, 0 получателей; вход 9,3 тыс ₸, выход 0,00 ₸"
100000008688881100,peripheral,0.9000,1,0.161215,"Признаков ролей нет: 1 отправителей, 0 получателей; вход 44,2 тыс ₸, выход 0,00 ₸"
100000002258492100,peripheral,0.7200,19,0.160916,"Признаков ролей нет: 1 отправителей, 0 получателей; вход 9,0 тыс ₸, выход 0,00 ₸; исходящие не прослежены (колено 4)"
100000008782800100,peripheral,0.9000,1,0.160640,"Признаков ролей нет: 1 отправителей, 0 получателей; вход 43,4 тыс ₸, выход 0,00 ₸"
100000008687617100,peripheral,0.9000,1,0.160525,"Признаков ролей нет: 1 отправителей, 0 получателей; вход 43,4 тыс ₸, выход 0,00 ₸"
100000008661585100,peripheral,0.9000,1,0.160410,"Признаков ролей нет: 1 отправителей, 0 получателей; вход 43,1 тыс ₸, выход 0,00 ₸"
100000008776298100,peripheral,0.9000,1,0.160180,"Признаков ролей нет: 1 отправителей, 0 получателей; вход 42,8 тыс ₸, выход 0,00 ₸"
100000008724279100,peripheral,0.9000,4,0.160064,"Признаков ролей нет: 1 отправителей, 0 получателей; вход 11,8 тыс ₸, выход 0,00 ₸"
100000008751349100,peripheral,0.9000,27,0.159949,"Признаков ролей нет: 1 отправителей, 0 получателей; вход 11,6 тыс ₸, выход 0,00 ₸"
100000003218308100,peripheral,0.9000,0,0.159604,"Признаков ролей нет: 1 отправителей, 0 получателей; вход 11,2 тыс ₸, выход 0,00 ₸"
100000004206046100,peripheral,0.9000,4,0.159489,"Признаков ролей нет: 1 отправителей, 0 получателей; вход 11,1 тыс ₸, выход 0,00 ₸"
100000006471232100,peripheral,0.9000,1,0.159489,"Признаков ролей нет: 1 отправителей, 0 получателей; вход 41,8 тыс ₸, выход 0,00 ₸"
100000002793851100,peripheral,0.9000,4,0.159374,"Признаков ролей нет: 1 отправителей, 0 получателей; вход 11,1 тыс ₸, выход 0,00 ₸"
100000002095257100,peripheral,0.9000,12,0.159305,"Признаков ролей нет: 1 отправителей, 0 получателей; вход 8,5 тыс ₸, выход 0,00 ₸"
100000002721825100,peripheral,0.9000,0,0.159259,"Признаков ролей нет: 1 отправителей, 0 получателей; вход 11,0 тыс ₸, выход 0,00 ₸"
100000007381662100,peripheral,0.7200,0,0.159259,"Признаков ролей нет: 1 отправителей, 0 получателей; вход 11,0 тыс ₸, выход 0,00 ₸; исходящие не прослежены (колено 4)"
100000008141170100,peripheral,0.9000,4,0.159259,"Признаков ролей нет: 1 отправителей, 0 получателей; вход 11,0 тыс ₸, выход 0,00 ₸"
100000008327791100,peripheral,0.7200,16,0.159259,"Признаков ролей нет: 1 отправителей, 0 получателей; вход 11,0 тыс ₸, выход 0,00 ₸; исходящие не прослежены (колено 4)"
100000008717340100,peripheral,0.9000,1,0.159144,"Признаков ролей нет: 1 отправителей, 0 получателей; вход 41,5 тыс ₸, выход 0,00 ₸"
100000006746688100,peripheral,0.9000,1,0.158798,"Признаков ролей нет: 1 отправителей, 0 получателей; вход 41,0 тыс ₸, выход 0,00 ₸"
100000001429930100,peripheral,0.9000,13,0.158632,"Признаков ролей нет: 1 отправителей, 0 получателей; вход 26,0 тыс ₸, выход 0,00 ₸; seed: входящие неполные"
100000002818726100,peripheral,0.9000,13,0.158568,"Признаков ролей нет: 1 отправителей, 0 получателей; вход 10,9 тыс ₸, выход 0,00 ₸"
100000006693788100,peripheral,0.7200,0,0.158223,"Признаков ролей нет: 1 отправителей, 0 получателей; вход 10,8 тыс ₸, выход 0,00 ₸; исходящие не прослежены (колено 4)"
100000008745474100,peripheral,0.9000,1,0.158223,"Признаков ролей нет: 1 отправителей, 0 получателей; вход 40,6 тыс ₸, выход 0,00 ₸"
100000000733373100,peripheral,0.9000,4,0.158108,"Признаков ролей нет: 1 отправителей, 0 получателей; вход 10,7 тыс ₸, выход 0,00 ₸"
100000003086040100,peripheral,0.9000,0,0.157993,"Признаков ролей нет: 1 отправителей, 0 получателей; вход 10,5 тыс ₸, выход 0,00 ₸"
100000001418900100,peripheral,0.9000,1,0.157763,"Признаков ролей нет: 1 отправителей, 0 получателей; вход 40,1 тыс ₸, выход 0,00 ₸"
100000003134937100,peripheral,0.9000,4,0.157648,"Признаков ролей нет: 1 отправителей, 0 получателей; вход 10,3 тыс ₸, выход 0,00 ₸"
100000007140834100,peripheral,0.9000,8,0.157533,"Признаков ролей нет: 1 отправителей, 0 получателей; вход 10,2 тыс ₸, выход 0,00 ₸"
100000005100475100,peripheral,0.9000,8,0.157417,"Признаков ролей нет: 1 отправителей, 0 получателей; вход 40,0 тыс ₸, выход 0,00 ₸"
100000005636951100,peripheral,0.7200,8,0.157417,"Признаков ролей нет: 1 отправителей, 0 получателей; вход 40,0 тыс ₸, выход 0,00 ₸; исходящие не прослежены (колено 4)"
100000006369769100,peripheral,0.9000,1,0.157417,"Признаков ролей нет: 1 отправителей, 0 получателей; вход 40,0 тыс ₸, выход 0,00 ₸"
100000000299820100,peripheral,0.7200,6,0.157187,"Признаков ролей нет: 1 отправителей, 0 получателей; вход 10,0 тыс ₸, выход 0,00 ₸; исходящие не прослежены (колено 4)"
100000001290243100,peripheral,0.9000,4,0.157187,"Признаков ролей нет: 1 отправителей, 0 получателей; вход 10,0 тыс ₸, выход 0,00 ₸"
100000002227960100,peripheral,0.7200,22,0.157187,"Признаков ролей нет: 1 отправителей, 0 получателей; вход 10,0 тыс ₸, выход 0,00 ₸; исходящие не прослежены (колено 4)"
100000002726055100,peripheral,0.7200,22,0.157187,"Признаков ролей нет: 1 отправителей, 0 получателей; вход 10,0 тыс ₸, выход 0,00 ₸; исходящие не прослежены (колено 4)"
100000002728246100,peripheral,0.7200,5,0.157187,"Признаков ролей нет: 1 отправителей, 0 получателей; вход 10,0 тыс ₸, выход 0,00 ₸; исходящие не прослежены (колено 4)"
100000002809568100,peripheral,0.9000,0,0.157187,"Признаков ролей нет: 1 отправителей, 0 получателей; вход 10,0 тыс ₸, выход 0,00 ₸"
100000002981489100,peripheral,0.7200,5,0.157187,"Признаков ролей нет: 1 отправителей, 0 получателей; вход 10,0 тыс ₸, выход 0,00 ₸; исходящие не прослежены (колено 4)"
100000002999140100,peripheral,0.7200,12,0.157187,"Признаков ролей нет: 1 отправителей, 0 получателей; вход 10,0 тыс ₸, выход 0,00 ₸; исходящие не прослежены (колено 4)"
100000003006633100,peripheral,0.9000,35,0.157187,"Признаков ролей нет: 1 отправителей, 0 получателей; вход 10,0 тыс ₸, выход 0,00 ₸"
100000003105089100,peripheral,0.7200,22,0.157187,"Признаков ролей нет: 1 отправителей, 0 получателей; вход 10,0 тыс ₸, выход 0,00 ₸; исходящие не прослежены (колено 4)"
100000003146511100,peripheral,0.7200,13,0.157187,"Признаков ролей нет: 1 отправителей, 0 получателей; вход 10,0 тыс ₸, выход 0,00 ₸; исходящие не прослежены (колено 4)"
100000003449074100,peripheral,0.9000,0,0.157187,"Признаков ролей нет: 1 отправителей, 0 получателей; вход 10,0 тыс ₸, выход 0,00 ₸"
100000003632533100,peripheral,0.7200,5,0.157187,"Признаков ролей нет: 1 отправителей, 0 получателей; вход 10,0 тыс ₸, выход 0,00 ₸; исходящие не прослежены (колено 4)"
100000003962994100,peripheral,0.9000,38,0.157187,"Признаков ролей нет: 1 отправителей, 0 получателей; вход 10,0 тыс ₸, выход 0,00 ₸"
100000004049912100,peripheral,0.7200,17,0.157187,"Признаков ролей нет: 1 отправителей, 0 получателей; вход 10,0 тыс ₸, выход 0,00 ₸; исходящие не прослежены (колено 4)"
100000004177936100,peripheral,0.7200,6,0.157187,"Признаков ролей нет: 1 отправителей, 0 получателей; вход 10,0 тыс ₸, выход 0,00 ₸; исходящие не прослежены (колено 4)"
100000004185681100,peripheral,0.9000,3,0.157187,"Признаков ролей нет: 1 отправителей, 0 получателей; вход 10,0 тыс ₸, выход 0,00 ₸"
100000004260869100,peripheral,0.7200,4,0.157187,"Признаков ролей нет: 1 отправителей, 0 получателей; вход 10,0 тыс ₸, выход 0,00 ₸; исходящие не прослежены (колено 4)"
100000004265639100,peripheral,0.7200,6,0.157187,"Признаков ролей нет: 1 отправителей, 0 получателей; вход 10,0 тыс ₸, выход 0,00 ₸; исходящие не прослежены (колено 4)"
100000004272302100,peripheral,0.7200,47,0.157187,"Признаков ролей нет: 1 отправителей, 0 получателей; вход 10,0 тыс ₸, выход 0,00 ₸; исходящие не прослежены (колено 4)"
100000004400361100,peripheral,0.9000,4,0.157187,"Признаков ролей нет: 1 отправителей, 0 получателей; вход 10,0 тыс ₸, выход 0,00 ₸"
100000004750897100,peripheral,0.9000,15,0.157187,"Признаков ролей нет: 1 отправителей, 0 получателей; вход 10,0 тыс ₸, выход 0,00 ₸"
100000004850609100,peripheral,0.7200,0,0.157187,"Признаков ролей нет: 1 отправителей, 0 получателей; вход 10,0 тыс ₸, выход 0,00 ₸; исходящие не прослежены (колено 4)"
100000004970752100,peripheral,0.9000,0,0.157187,"Признаков ролей нет: 1 отправителей, 0 получателей; вход 10,0 тыс ₸, выход 0,00 ₸"
100000004981068100,peripheral,0.7200,6,0.157187,"Признаков ролей нет: 1 отправителей, 0 получателей; вход 10,0 тыс ₸, выход 0,00 ₸; исходящие не прослежены (колено 4)"
100000004991812100,peripheral,0.9000,23,0.157187,"Признаков ролей нет: 1 отправителей, 0 получателей; вход 10,0 тыс ₸, выход 0,00 ₸"
100000005030592100,peripheral,0.9000,15,0.157187,"Признаков ролей нет: 1 отправителей, 0 получателей; вход 10,0 тыс ₸, выход 0,00 ₸"
100000005041147100,peripheral,0.7200,0,0.157187,"Признаков ролей нет: 1 отправителей, 0 получателей; вход 10,0 тыс ₸, выход 0,00 ₸; исходящие не прослежены (колено 4)"
100000005142492100,peripheral,0.9000,8,0.157187,"Признаков ролей нет: 1 отправителей, 1 получателей; вход 10,0 тыс ₸, выход 57,0 тыс ₸; отдаёт больше наблюдаемого входа — вероятны внешние поступления"
100000006171671100,peripheral,0.7200,0,0.157187,"Признаков ролей нет: 1 отправителей, 0 получателей; вход 10,0 тыс ₸, выход 0,00 ₸; исходящие не прослежены (колено 4)"
100000006965162100,peripheral,0.9000,28,0.157187,"Признаков ролей нет: 1 отправителей, 0 получателей; вход 10,0 тыс ₸, выход 0,00 ₸"
100000007173936100,peripheral,0.9000,30,0.157187,"Признаков ролей нет: 1 отправителей, 0 получателей; вход 10,0 тыс ₸, выход 0,00 ₸"
100000008708025100,peripheral,0.9000,28,0.157187,"Признаков ролей нет: 1 отправителей, 0 получателей; вход 10,0 тыс ₸, выход 0,00 ₸"
100000008733049100,peripheral,0.9000,15,0.157187,"Признаков ролей нет: 1 отправителей, 0 получателей; вход 10,0 тыс ₸, выход 0,00 ₸"
100000008778753100,peripheral,0.7200,26,0.157187,"Признаков ролей нет: 1 отправителей, 0 получателей; вход 10,0 тыс ₸, выход 0,00 ₸; исходящие не прослежены (колено 4)"
100000003671721100,peripheral,0.9000,7,0.156704,"Признаков ролей нет: 1 отправителей, 0 получателей; вход 5,0 тыс ₸, выход 0,00 ₸"
100000008767027100,peripheral,0.9000,21,0.156704,"Признаков ролей нет: 1 отправителей, 0 получателей; вход 5,0 тыс ₸, выход 0,00 ₸"
100000008770483100,peripheral,0.7200,48,0.156704,"Признаков ролей нет: 1 отправителей, 0 получателей; вход 5,0 тыс ₸, выход 0,00 ₸; исходящие не прослежены (колено 4)"
100000008762843100,peripheral,0.7200,2,0.155852,"Признаков ролей нет: 1 отправителей, 0 получателей; вход 7,0 тыс ₸, выход 0,00 ₸; исходящие не прослежены (колено 4)"
100000008762885100,peripheral,0.7200,2,0.155852,"Признаков ролей нет: 1 отправителей, 0 получателей; вход 7,0 тыс ₸, выход 0,00 ₸; исходящие не прослежены (колено 4)"
100000007938486100,peripheral,0.9000,1,0.155231,"Признаков ролей нет: 1 отправителей, 0 получателей; вход 39,5 тыс ₸, выход 0,00 ₸"
100000008735384100,peripheral,0.9000,1,0.154770,"Признаков ролей нет: 1 отправителей, 0 получателей; вход 39,2 тыс ₸, выход 0,00 ₸"
100000008771819100,peripheral,0.9000,1,0.154310,"Признаков ролей нет: 1 отправителей, 0 получателей; вход 38,9 тыс ₸, выход 0,00 ₸"
100000001307612100,peripheral,0.9000,1,0.154080,"Признаков ролей нет: 1 отправителей, 0 получателей; вход 38,5 тыс ₸, выход 0,00 ₸"
100000002299948100,peripheral,0.9000,32,0.154011,"Признаков ролей нет: 1 отправителей, 0 получателей; вход 6,8 тыс ₸, выход 0,00 ₸"
100000005370580100,peripheral,0.9000,13,0.153625,"Признаков ролей нет: 1 отправителей, 0 получателей; вход 24,1 тыс ₸, выход 0,00 ₸; seed: входящие неполные"
100000008687671100,peripheral,0.9000,1,0.153274,"Признаков ролей нет: 1 отправителей, 0 получателей; вход 37,5 тыс ₸, выход 0,00 ₸"
100000008671081100,peripheral,0.9000,1,0.152814,"Признаков ролей нет: 1 отправителей, 0 получателей; вход 37,2 тыс ₸, выход 0,00 ₸"
100000002369510100,peripheral,0.9000,1,0.152699,"Признаков ролей нет: 1 отправителей, 0 получателей; вход 37,1 тыс ₸, выход 0,00 ₸"
100000008749405100,peripheral,0.9000,1,0.152699,"Признаков ролей нет: 1 отправителей, 0 получателей; вход 37,1 тыс ₸, выход 0,00 ₸"
100000007737775100,peripheral,0.9000,33,0.152515,"Признаков ролей нет: 1 отправителей, 0 получателей; вход 6,0 тыс ₸, выход 0,00 ₸"
100000002211413100,peripheral,0.9000,1,0.152354,"Признаков ролей нет: 1 отправителей, 0 получателей; вход 37,0 тыс ₸, выход 0,00 ₸"
100000002340562100,peripheral,0.9000,10,0.151893,"Признаков ролей нет: 1 отправителей, 0 получателей; вход 36,6 тыс ₸, выход 0,00 ₸"
100000008695133100,peripheral,0.9000,1,0.151778,"Признаков ролей нет: 1 отправителей, 0 получателей; вход 36,6 тыс ₸, выход 0,00 ₸"
100000008741372100,peripheral,0.9000,1,0.151088,"Признаков ролей нет: 1 отправителей, 0 получателей; вход 36,0 тыс ₸, выход 0,00 ₸"
100000005901606100,peripheral,0.9000,1,0.150742,"Признаков ролей нет: 1 отправителей, 0 получателей; вход 35,7 тыс ₸, выход 0,00 ₸"
100000008753193100,peripheral,0.9000,1,0.150282,"Признаков ролей нет: 1 отправителей, 0 получателей; вход 35,2 тыс ₸, выход 0,00 ₸"
100000004463277100,peripheral,0.9000,29,0.150052,"Признаков ролей нет: 1 отправителей, 0 получателей; вход 35,0 тыс ₸, выход 0,00 ₸"
100000004494983100,peripheral,0.9000,1,0.150052,"Признаков ролей нет: 1 отправителей, 0 получателей; вход 35,0 тыс ₸, выход 0,00 ₸"
100000008673001100,peripheral,0.8667,19,0.149568,"Признаков ролей нет: 1 отправителей, 0 получателей; вход 80,0 тыс ₸, выход 0,00 ₸; seed: входящие неполные"
100000004780083100,peripheral,0.7200,60,0.149016,"Признаков ролей нет: 1 отправителей, 0 получателей; вход 10,0 тыс ₸, выход 0,00 ₸; исходящие не прослежены (колено 4)"
100000006476758100,peripheral,0.9000,11,0.148717,"Признаков ролей нет: 1 отправителей, 0 получателей; вход 5,2 тыс ₸, выход 0,00 ₸"
100000002589019100,peripheral,0.9000,12,0.148671,"Признаков ролей нет: 1 отправителей, 0 получателей; вход 34,7 тыс ₸, выход 0,00 ₸"
100000005357034100,peripheral,0.9000,0,0.148671,"Признаков ролей нет: 1 отправителей, 0 получателей; вход 9,8 тыс ₸, выход 0,00 ₸"
100000001557930100,peripheral,0.9000,8,0.148556,"Признаков ролей нет: 1 отправителей, 0 получателей; вход 34,6 тыс ₸, выход 0,00 ₸"
100000006522972100,peripheral,0.9000,5,0.148441,"Признаков ролей нет: 1 отправителей, 0 получателей; вход 9,5 тыс ₸, выход 0,00 ₸"
100000008745676100,peripheral,0.7200,1,0.148441,"Признаков ролей нет: 1 отправителей, 0 получателей; вход 34,5 тыс ₸, выход 0,00 ₸; исходящие не прослежены (колено 4)"
100000005910895100,peripheral,0.7200,33,0.148372,"Признаков ролей нет: 1 отправителей, 0 получателей; вход 5,1 тыс ₸, выход 0,00 ₸; исходящие не прослежены (колено 4)"
100000008612257100,peripheral,0.9000,16,0.148325,"Признаков ролей нет: 1 отправителей, 0 получателей; вход 9,5 тыс ₸, выход 0,00 ₸"
100000005237935150,peripheral,0.9000,9,0.148210,"Признаков ролей нет: 1 отправителей, 0 получателей; вход 34,5 тыс ₸, выход 0,00 ₸"
100000003646145100,peripheral,0.7200,32,0.148141,"Признаков ролей нет: 1 отправителей, 0 получателей; вход 5,0 тыс ₸, выход 0,00 ₸; исходящие не прослежены (колено 4)"
100000008758607100,peripheral,0.7200,2,0.148141,"Признаков ролей нет: 1 отправителей, 0 получателей; вход 5,0 тыс ₸, выход 0,00 ₸; исходящие не прослежены (колено 4)"
100000008762005100,peripheral,0.7200,2,0.148141,"Признаков ролей нет: 1 отправителей, 0 получателей; вход 5,0 тыс ₸, выход 0,00 ₸; исходящие не прослежены (колено 4)"
100000008766031100,peripheral,0.7200,2,0.148141,"Признаков ролей нет: 1 отправителей, 0 получателей; вход 5,0 тыс ₸, выход 0,00 ₸; исходящие не прослежены (колено 4)"
100000008766764100,peripheral,0.7200,2,0.148141,"Признаков ролей нет: 1 отправителей, 0 получателей; вход 5,0 тыс ₸, выход 0,00 ₸; исходящие не прослежены (колено 4)"
100000008775747100,peripheral,0.7200,2,0.148141,"Признаков ролей нет: 1 отправителей, 0 получателей; вход 5,0 тыс ₸, выход 0,00 ₸; исходящие не прослежены (колено 4)"
100000003044518100,peripheral,0.9000,10,0.147980,"Признаков ролей нет: 1 отправителей, 0 получателей; вход 34,4 тыс ₸, выход 0,00 ₸"
100000007005380100,peripheral,0.9000,5,0.147980,"Признаков ролей нет: 1 отправителей, 0 получателей; вход 9,4 тыс ₸, выход 0,00 ₸"
100000002603371100,peripheral,0.9000,0,0.147865,"Признаков ролей нет: 1 отправителей, 0 получателей; вход 9,3 тыс ₸, выход 0,00 ₸"
100000008667795100,peripheral,0.9000,1,0.147865,"Признаков ролей нет: 1 отправителей, 0 получателей; вход 34,0 тыс ₸, выход 0,00 ₸"
100000008667799100,peripheral,0.9000,1,0.147865,"Признаков ролей нет: 1 отправителей, 0 получателей; вход 34,0 тыс ₸, выход 0,00 ₸"
100000003481025100,peripheral,0.7200,0,0.147520,"Признаков ролей нет: 1 отправителей, 0 получателей; вход 9,0 тыс ₸, выход 0,00 ₸; исходящие не прослежены (колено 4)"
100000006658598100,peripheral,0.9000,4,0.147520,"Признаков ролей нет: 1 отправителей, 0 получателей; вход 9,0 тыс ₸, выход 0,00 ₸"
100000006903193100,peripheral,0.7200,0,0.147520,"Признаков ролей нет: 1 отправителей, 0 получателей; вход 9,0 тыс ₸, выход 0,00 ₸; исходящие не прослежены (колено 4)"
100000008677215100,peripheral,0.9000,23,0.147520,"Признаков ролей нет: 1 отправителей, 0 получателей; вход 9,0 тыс ₸, выход 0,00 ₸"
100000008695566100,peripheral,0.9000,1,0.146829,"Признаков ролей нет: 1 отправителей, 0 получателей; вход 33,7 тыс ₸, выход 0,00 ₸"
100000002810870100,peripheral,0.9000,1,0.146714,"Признаков ролей нет: 1 отправителей, 0 получателей; вход 33,7 тыс ₸, выход 0,00 ₸"
100000008470470100,peripheral,0.9000,1,0.146599,"Признаков ролей нет: 1 отправителей, 0 получателей; вход 33,5 тыс ₸, выход 0,00 ₸"
100000006177176100,peripheral,0.9000,4,0.146484,"Признаков ролей нет: 1 отправителей, 0 получателей; вход 8,9 тыс ₸, выход 0,00 ₸"
100000000542087100,peripheral,0.7200,36,0.146024,"Признаков ролей нет: 1 отправителей, 0 получателей; вход 8,5 тыс ₸, выход 0,00 ₸; исходящие не прослежены (колено 4)"
100000008715513100,peripheral,0.7200,18,0.145794,"Признаков ролей нет: 1 отправителей, 0 получателей; вход 32,5 тыс ₸, выход 0,00 ₸; исходящие не прослежены (колено 4)"
100000000481716100,peripheral,0.9000,7,0.145103,"Признаков ролей нет: 1 отправителей, 0 получателей; вход 8,0 тыс ₸, выход 0,00 ₸"
100000002597074100,peripheral,0.7200,0,0.145103,"Признаков ролей нет: 1 отправителей, 0 получателей; вход 8,0 тыс ₸, выход 0,00 ₸; исходящие не прослежены (колено 4)"
100000003792647100,peripheral,0.7200,5,0.145103,"Признаков ролей нет: 1 отправителей, 0 получателей; вход 8,0 тыс ₸, выход 0,00 ₸; исходящие не прослежены (колено 4)"
100000004433250100,peripheral,0.7200,0,0.145103,"Признаков ролей нет: 1 отправителей, 0 получателей; вход 8,0 тыс ₸, выход 0,00 ₸; исходящие не прослежены (колено 4)"
100000005730108100,peripheral,0.9000,0,0.145103,"Признаков ролей нет: 1 отправителей, 0 получателей; вход 8,0 тыс ₸, выход 0,00 ₸"
100000008696919100,peripheral,0.9000,1,0.144873,"Признаков ролей нет: 1 отправителей, 0 получателей; вход 31,9 тыс ₸, выход 0,00 ₸"
100000002158488100,peripheral,0.9000,1,0.144758,"Признаков ролей нет: 1 отправителей, 0 получателей; вход 31,7 тыс ₸, выход 0,00 ₸"
100000008655035100,peripheral,0.9000,10,0.144666,"Признаков ролей нет: 1 отправителей, 0 получателей; вход 30,0 тыс ₸, выход 0,00 ₸"
100000002670463100,peripheral,0.7200,18,0.144297,"Признаков ролей нет: 1 отправителей, 0 получателей; вход 31,5 тыс ₸, выход 0,00 ₸; исходящие не прослежены (колено 4)"
100000008779584100,peripheral,0.9000,1,0.144182,"Признаков ролей нет: 1 отправителей, 0 получателей; вход 31,4 тыс ₸, выход 0,00 ₸"
100000008684767100,peripheral,0.9000,1,0.143837,"Признаков ролей нет: 1 отправителей, 0 получателей; вход 31,1 тыс ₸, выход 0,00 ₸"
100000008769097100,peripheral,0.9000,1,0.143837,"Признаков ролей нет: 1 отправителей, 0 получателей; вход 31,1 тыс ₸, выход 0,00 ₸"
100000004553349100,peripheral,0.9000,5,0.143722,"Признаков ролей нет: 1 отправителей, 0 получателей; вход 7,8 тыс ₸, выход 0,00 ₸"
100000003996562100,peripheral,0.9000,0,0.143607,"Признаков ролей нет: 1 отправителей, 0 получателей; вход 7,7 тыс ₸, выход 0,00 ₸"
100000005367180100,peripheral,0.7200,6,0.143607,"Признаков ролей нет: 1 отправителей, 0 получателей; вход 7,7 тыс ₸, выход 0,00 ₸; исходящие не прослежены (колено 4)"
100000007982908100,peripheral,0.9000,1,0.143607,"Признаков ролей нет: 1 отправителей, 0 получателей; вход 31,1 тыс ₸, выход 0,00 ₸"
100000008736173100,peripheral,0.9000,1,0.143492,"Признаков ролей нет: 1 отправителей, 0 получателей; вход 31,1 тыс ₸, выход 0,00 ₸"
100000004797167100,peripheral,0.7200,20,0.143377,"Признаков ролей нет: 1 отправителей, 0 получателей; вход 31,0 тыс ₸, выход 0,00 ₸; исходящие не прослежены (колено 4)"
100000007749092100,peripheral,0.9000,4,0.143262,"Признаков ролей нет: 1 отправителей, 1 получателей; вход 7,7 тыс ₸, выход 70,4 тыс ₸; отдаёт больше наблюдаемого входа — вероятны внешние поступления"
100000004493586100,peripheral,0.9000,0,0.143147,"Признаков ролей нет: 1 отправителей, 0 получателей; вход 7,5 тыс ₸, выход 0,00 ₸"
100000004848236100,peripheral,0.7200,0,0.143147,"Признаков ролей нет: 1 отправителей, 0 получателей; вход 7,5 тыс ₸, выход 0,00 ₸; исходящие не прослежены (колено 4)"
100000005010159100,peripheral,0.7200,6,0.142571,"Признаков ролей нет: 1 отправителей, 0 получателей; вход 7,1 тыс ₸, выход 0,00 ₸; исходящие не прослежены (колено 4)"
100000000018102100,peripheral,0.7200,0,0.142456,"Признаков ролей нет: 1 отправителей, 0 получателей; вход 7,0 тыс ₸, выход 0,00 ₸; исходящие не прослежены (колено 4)"
100000002324543100,peripheral,0.9000,2,0.142456,"Признаков ролей нет: 1 отправителей, 0 получателей; вход 30,2 тыс ₸, выход 0,00 ₸"
100000003950749100,peripheral,0.7200,4,0.142456,"Признаков ролей нет: 1 отправителей, 0 получателей; вход 7,0 тыс ₸, выход 0,00 ₸; исходящие не прослежены (колено 4)"
100000005127767100,peripheral,0.9000,38,0.142456,"Признаков ролей нет: 1 отправителей, 0 получателей; вход 7,0 тыс ₸, выход 0,00 ₸"
100000002794197100,peripheral,0.9000,10,0.142341,"Признаков ролей нет: 1 отправителей, 0 получателей; вход 30,1 тыс ₸, выход 0,00 ₸"
100000001852140100,peripheral,0.9000,59,0.142111,"Признаков ролей нет: 1 отправителей, 0 получателей; вход 30,0 тыс ₸, выход 0,00 ₸"
100000002391278100,peripheral,0.9000,8,0.142111,"Признаков ролей нет: 1 отправителей, 1 получателей; вход 30,0 тыс ₸, выход 52,7 тыс ₸; отдаёт больше наблюдаемого входа — вероятны внешние поступления"
100000002820010100,peripheral,0.9000,8,0.142111,"Признаков ролей нет: 1 отправителей, 0 получателей; вход 30,0 тыс ₸, выход 0,00 ₸"
100000003157333100,peripheral,0.9000,8,0.142111,"Признаков ролей нет: 1 отправителей, 0 получателей; вход 30,0 тыс ₸, выход 0,00 ₸"
100000003980083100,peripheral,0.9000,68,0.142111,"Признаков ролей нет: 1 отправителей, 0 получателей; вход 30,0 тыс ₸, выход 0,00 ₸"
100000004058740100,peripheral,0.9000,1,0.142111,"Признаков ролей нет: 1 отправителей, 0 получателей; вход 30,0 тыс ₸, выход 0,00 ₸"
100000004687099100,peripheral,0.9000,10,0.142111,"Признаков ролей нет: 1 отправителей, 0 получателей; вход 30,0 тыс ₸, выход 0,00 ₸"
100000004825069100,peripheral,0.9000,1,0.142111,"Признаков ролей нет: 1 отправителей, 0 получателей; вход 30,0 тыс ₸, выход 0,00 ₸"
100000005082652100,peripheral,0.9000,10,0.142111,"Признаков ролей нет: 1 отправителей, 0 получателей; вход 30,0 тыс ₸, выход 0,00 ₸"
100000008727982100,peripheral,0.7200,8,0.142111,"Признаков ролей нет: 1 отправителей, 0 получателей; вход 30,0 тыс ₸, выход 0,00 ₸; исходящие не прослежены (колено 4)"
100000001297206100,peripheral,0.7200,0,0.140730,"Признаков ролей нет: 1 отправителей, 0 получателей; вход 6,8 тыс ₸, выход 0,00 ₸; исходящие не прослежены (колено 4)"
100000004800452100,peripheral,0.7200,5,0.140384,"Признаков ролей нет: 1 отправителей, 0 получателей; вход 6,5 тыс ₸, выход 0,00 ₸; исходящие не прослежены (колено 4)"
100000000627521100,peripheral,0.7200,39,0.140269,"Признаков ролей нет: 1 отправителей, 0 получателей; вход 6,5 тыс ₸, выход 0,00 ₸; исходящие не прослежены (колено 4)"
100000000782285100,peripheral,0.9000,0,0.139694,"Признаков ролей нет: 1 отправителей, 0 получателей; вход 6,2 тыс ₸, выход 0,00 ₸"
100000008173359100,peripheral,0.9000,4,0.139579,"Признаков ролей нет: 1 отправителей, 0 получателей; вход 6,1 тыс ₸, выход 0,00 ₸"
100000000783406100,peripheral,0.9000,35,0.139464,"Признаков ролей нет: 1 отправителей, 0 получателей; вход 6,1 тыс ₸, выход 0,00 ₸"
100000002184107100,peripheral,0.9000,35,0.139464,"Признаков ролей нет: 1 отправителей, 0 получателей; вход 6,1 тыс ₸, выход 0,00 ₸"
100000006444163100,peripheral,0.9000,0,0.139234,"Признаков ролей нет: 1 отправителей, 0 получателей; вход 6,0 тыс ₸, выход 0,00 ₸"
100000003838587100,peripheral,0.7200,14,0.139118,"Признаков ролей нет: 1 отправителей, 0 получателей; вход 6,0 тыс ₸, выход 0,00 ₸; исходящие не прослежены (колено 4)"
100000005205745100,peripheral,0.9000,8,0.139118,"Признаков ролей нет: 1 отправителей, 0 получателей; вход 6,0 тыс ₸, выход 0,00 ₸"
100000008321975100,peripheral,0.7200,22,0.137968,"Признаков ролей нет: 1 отправителей, 0 получателей; вход 5,9 тыс ₸, выход 0,00 ₸; исходящие не прослежены (колено 4)"
100000007382152100,peripheral,0.9000,0,0.137852,"Признаков ролей нет: 1 отправителей, 0 получателей; вход 5,9 тыс ₸, выход 0,00 ₸"
100000008738658100,peripheral,0.9000,1,0.137852,"Признаков ролей нет: 1 отправителей, 0 получателей; вход 29,9 тыс ₸, выход 0,00 ₸"
100000004377043100,peripheral,0.7200,28,0.137507,"Признаков ролей нет: 1 отправителей, 0 получателей; вход 5,7 тыс ₸, выход 0,00 ₸; исходящие не прослежены (колено 4)"
100000008782056100,peripheral,0.9000,1,0.137277,"Признаков ролей нет: 1 отправителей, 0 получателей; вход 29,1 тыс ₸, выход 0,00 ₸"
100000001498732100,peripheral,0.7200,2,0.137162,"Признаков ролей нет: 1 отправителей, 0 получателей; вход 5,5 тыс ₸, выход 0,00 ₸; исходящие не прослежены (колено 4)"
100000004013952100,peripheral,0.7200,0,0.137162,"Признаков ролей нет: 1 отправителей, 0 получателей; вход 5,5 тыс ₸, выход 0,00 ₸; исходящие не прослежены (колено 4)"
100000004569637100,peripheral,0.7200,6,0.137162,"Признаков ролей нет: 1 отправителей, 0 получателей; вход 5,5 тыс ₸, выход 0,00 ₸; исходящие не прослежены (колено 4)"
100000005146665100,peripheral,0.7200,57,0.137162,"Признаков ролей нет: 1 отправителей, 0 получателей; вход 5,5 тыс ₸, выход 0,00 ₸; исходящие не прослежены (колено 4)"
100000005996909100,peripheral,0.9000,15,0.137162,"Признаков ролей нет: 1 отправителей, 0 получателей; вход 5,5 тыс ₸, выход 0,00 ₸"
100000008074304100,peripheral,0.7200,5,0.137162,"Признаков ролей нет: 1 отправителей, 0 получателей; вход 5,5 тыс ₸, выход 0,00 ₸; исходящие не прослежены (колено 4)"
100000008283183100,peripheral,0.9000,1,0.137162,"Признаков ролей нет: 1 отправителей, 0 получателей; вход 29,0 тыс ₸, выход 0,00 ₸"
100000005198498100,peripheral,0.9000,1,0.136356,"Признаков ролей нет: 1 отправителей, 0 получателей; вход 28,8 тыс ₸, выход 0,00 ₸"
100000005293969100,peripheral,0.7200,0,0.136356,"Признаков ролей нет: 1 отправителей, 0 получателей; вход 5,5 тыс ₸, выход 0,00 ₸; исходящие не прослежены (колено 4)"
100000008255655100,peripheral,0.7200,16,0.136126,"Признаков ролей нет: 1 отправителей, 0 получателей; вход 5,4 тыс ₸, выход 0,00 ₸; исходящие не прослежены (колено 4)"
100000008507703100,peripheral,0.9000,1,0.136126,"Признаков ролей нет: 1 отправителей, 0 получателей; вход 28,5 тыс ₸, выход 0,00 ₸"
100000000957746100,peripheral,0.7200,16,0.136011,"Признаков ролей нет: 1 отправителей, 0 получателей; вход 5,3 тыс ₸, выход 0,00 ₸; исходящие не прослежены (колено 4)"
100000008753061100,peripheral,0.9000,1,0.135896,"Признаков ролей нет: 1 отправителей, 0 получателей; вход 28,4 тыс ₸, выход 0,00 ₸"
100000008055972100,peripheral,0.9000,1,0.135781,"Признаков ролей нет: 1 отправителей, 0 получателей; вход 28,3 тыс ₸, выход 0,00 ₸"
100000003986141100,peripheral,0.9000,16,0.135551,"Признаков ролей нет: 1 отправителей, 0 получателей; вход 5,3 тыс ₸, выход 0,00 ₸"
100000005025629100,peripheral,0.7200,5,0.135436,"Признаков ролей нет: 1 отправителей, 0 получателей; вход 5,2 тыс ₸, выход 0,00 ₸; исходящие не прослежены (колено 4)"
100000008653041100,peripheral,0.9000,1,0.135321,"Признаков ролей нет: 1 отправителей, 0 получателей; вход 28,0 тыс ₸, выход 0,00 ₸"
100000000369781100,peripheral,0.7200,5,0.134745,"Признаков ролей нет: 1 отправителей, 0 получателей; вход 5,0 тыс ₸, выход 0,00 ₸; исходящие не прослежены (колено 4)"
100000000581682100,peripheral,0.7200,28,0.134745,"Признаков ролей нет: 1 отправителей, 0 получателей; вход 5,0 тыс ₸, выход 0,00 ₸; исходящие не прослежены (колено 4)"
100000000765628100,peripheral,0.9000,4,0.134745,"Признаков ролей нет: 1 отправителей, 0 получателей; вход 5,0 тыс ₸, выход 0,00 ₸"
100000002621915100,peripheral,0.9000,4,0.134745,"Признаков ролей нет: 1 отправителей, 0 получателей; вход 5,0 тыс ₸, выход 0,00 ₸"
100000002994441100,peripheral,0.7200,6,0.134745,"Признаков ролей нет: 1 отправителей, 0 получателей; вход 5,0 тыс ₸, выход 0,00 ₸; исходящие не прослежены (колено 4)"
100000003214786100,peripheral,0.7200,0,0.134745,"Признаков ролей нет: 1 отправителей, 0 получателей; вход 5,0 тыс ₸, выход 0,00 ₸; исходящие не прослежены (колено 4)"
100000003626268100,peripheral,0.7200,6,0.134745,"Признаков ролей нет: 1 отправителей, 0 получателей; вход 5,0 тыс ₸, выход 0,00 ₸; исходящие не прослежены (колено 4)"
100000003786516100,peripheral,0.7200,0,0.134745,"Признаков ролей нет: 1 отправителей, 0 получателей; вход 5,0 тыс ₸, выход 0,00 ₸; исходящие не прослежены (колено 4)"
100000004107228100,peripheral,0.7200,3,0.134745,"Признаков ролей нет: 1 отправителей, 0 получателей; вход 5,0 тыс ₸, выход 0,00 ₸; исходящие не прослежены (колено 4)"
100000004403548100,peripheral,0.7200,6,0.134745,"Признаков ролей нет: 1 отправителей, 0 получателей; вход 5,0 тыс ₸, выход 0,00 ₸; исходящие не прослежены (колено 4)"
100000004472936100,peripheral,0.7200,13,0.134745,"Признаков ролей нет: 1 отправителей, 0 получателей; вход 5,0 тыс ₸, выход 0,00 ₸; исходящие не прослежены (колено 4)"
100000004629688100,peripheral,0.9000,15,0.134745,"Признаков ролей нет: 1 отправителей, 1 получателей; вход 5,0 тыс ₸, выход 15,0 тыс ₸; отдаёт больше наблюдаемого входа — вероятны внешние поступления"
100000004765639100,peripheral,0.9000,0,0.134745,"Признаков ролей нет: 1 отправителей, 2 получателей; вход 5,0 тыс ₸, выход 11,0 тыс ₸; отдаёт больше наблюдаемого входа — вероятны внешние поступления"
100000005186109100,peripheral,0.9000,15,0.134745,"Признаков ролей нет: 1 отправителей, 0 получателей; вход 5,0 тыс ₸, выход 0,00 ₸"
100000005209352100,peripheral,0.7200,0,0.134745,"Признаков ролей нет: 1 отправителей, 0 получателей; вход 5,0 тыс ₸, выход 0,00 ₸; исходящие не прослежены (колено 4)"
100000005370558100,peripheral,0.7200,0,0.134745,"Признаков ролей нет: 1 отправителей, 0 получателей; вход 5,0 тыс ₸, выход 0,00 ₸; исходящие не прослежены (колено 4)"
100000006573438100,peripheral,0.9000,42,0.134745,"Признаков ролей нет: 1 отправителей, 0 получателей; вход 5,0 тыс ₸, выход 0,00 ₸"
100000006735545100,peripheral,0.7200,6,0.134745,"Признаков ролей нет: 1 отправителей, 0 получателей; вход 5,0 тыс ₸, выход 0,00 ₸; исходящие не прослежены (колено 4)"
100000008649416100,peripheral,0.7200,16,0.134745,"Признаков ролей нет: 1 отправителей, 0 получателей; вход 5,0 тыс ₸, выход 0,00 ₸; исходящие не прослежены (колено 4)"
100000001954903100,peripheral,0.9000,11,0.134630,"Признаков ролей нет: 1 отправителей, 0 получателей; вход 27,1 тыс ₸, выход 0,00 ₸"
100000001308856100,peripheral,0.9000,1,0.134400,"Признаков ролей нет: 1 отправителей, 0 получателей; вход 27,0 тыс ₸, выход 0,00 ₸"
100000002103448100,peripheral,0.9000,1,0.134400,"Признаков ролей нет: 1 отправителей, 0 получателей; вход 27,0 тыс ₸, выход 0,00 ₸"
100000005328215100,peripheral,0.9000,11,0.134400,"Признаков ролей нет: 1 отправителей, 0 получателей; вход 27,0 тыс ₸, выход 0,00 ₸"
100000006701983100,peripheral,0.9000,1,0.134400,"Признаков ролей нет: 1 отправителей, 0 получателей; вход 27,0 тыс ₸, выход 0,00 ₸"
100000008691495100,peripheral,0.9000,1,0.134400,"Признаков ролей нет: 1 отправителей, 0 получателей; вход 27,0 тыс ₸, выход 0,00 ₸"
100000005395727100,peripheral,0.9000,15,0.134032,"Признаков ролей нет: 1 отправителей, 0 получателей; вход 17,0 тыс ₸, выход 0,00 ₸; seed: входящие неполные"
100000008690762100,peripheral,0.9000,1,0.133249,"Признаков ролей нет: 1 отправителей, 0 получателей; вход 26,8 тыс ₸, выход 0,00 ₸"
100000002214570100,peripheral,0.9000,1,0.132904,"Признаков ролей нет: 1 отправителей, 0 получателей; вход 26,5 тыс ₸, выход 0,00 ₸"
100000008666075100,peripheral,0.9000,1,0.132673,"Признаков ролей нет: 1 отправителей, 0 получателей; вход 26,2 тыс ₸, выход 0,00 ₸"
100000004435304100,peripheral,0.9000,1,0.132558,"Признаков ролей нет: 1 отправителей, 0 получателей; вход 26,2 тыс ₸, выход 0,00 ₸"
100000004783447100,peripheral,0.9000,1,0.132558,"Признаков ролей нет: 1 отправителей, 0 получателей; вход 26,2 тыс ₸, выход 0,00 ₸"
100000005674387100,peripheral,0.9000,1,0.132558,"Признаков ролей нет: 1 отправителей, 0 получателей; вход 26,2 тыс ₸, выход 0,00 ₸"
100000006491272100,peripheral,0.9000,1,0.132558,"Признаков ролей нет: 1 отправителей, 0 получателей; вход 26,2 тыс ₸, выход 0,00 ₸"
100000008656043100,peripheral,0.9000,1,0.132558,"Признаков ролей нет: 1 отправителей, 0 получателей; вход 26,2 тыс ₸, выход 0,00 ₸"
100000008662216100,peripheral,0.9000,1,0.132558,"Признаков ролей нет: 1 отправителей, 0 получателей; вход 26,2 тыс ₸, выход 0,00 ₸"
100000008671129100,peripheral,0.9000,1,0.132558,"Признаков ролей нет: 1 отправителей, 0 получателей; вход 26,2 тыс ₸, выход 0,00 ₸"
100000008695689100,peripheral,0.9000,1,0.132558,"Признаков ролей нет: 1 отправителей, 0 получателей; вход 26,2 тыс ₸, выход 0,00 ₸"
100000008707810100,peripheral,0.9000,1,0.132558,"Признаков ролей нет: 1 отправителей, 0 получателей; вход 26,2 тыс ₸, выход 0,00 ₸"
100000008734364100,peripheral,0.9000,1,0.132558,"Признаков ролей нет: 1 отправителей, 0 получателей; вход 26,2 тыс ₸, выход 0,00 ₸"
100000004634420100,peripheral,0.9000,1,0.131408,"Признаков ролей нет: 1 отправителей, 0 получателей; вход 26,1 тыс ₸, выход 0,00 ₸"
100000005685783100,peripheral,0.7200,1,0.131408,"Признаков ролей нет: 1 отправителей, 0 получателей; вход 26,1 тыс ₸, выход 0,00 ₸; исходящие не прослежены (колено 4)"
100000008717802100,peripheral,0.9000,1,0.131408,"Признаков ролей нет: 1 отправителей, 0 получателей; вход 26,1 тыс ₸, выход 0,00 ₸"
100000008764654100,peripheral,0.9000,1,0.131408,"Признаков ролей нет: 1 отправителей, 0 получателей; вход 26,1 тыс ₸, выход 0,00 ₸"
100000008776720100,peripheral,0.9000,1,0.131408,"Признаков ролей нет: 1 отправителей, 0 получателей; вход 26,1 тыс ₸, выход 0,00 ₸"
100000004218576100,peripheral,0.9000,1,0.130717,"Признаков ролей нет: 1 отправителей, 0 получателей; вход 26,1 тыс ₸, выход 0,00 ₸"
100000005092518100,peripheral,0.9000,1,0.130717,"Признаков ролей нет: 1 отправителей, 0 получателей; вход 26,1 тыс ₸, выход 0,00 ₸"
100000008773876100,peripheral,0.9000,1,0.130487,"Признаков ролей нет: 1 отправителей, 0 получателей; вход 26,1 тыс ₸, выход 0,00 ₸"
100000005228059100,peripheral,0.9000,1,0.130372,"Признаков ролей нет: 1 отправителей, 0 получателей; вход 26,0 тыс ₸, выход 0,00 ₸"
100000000703902100,peripheral,0.9000,1,0.129221,"Признаков ролей нет: 1 отправителей, 0 получателей; вход 25,5 тыс ₸, выход 0,00 ₸"
100000008697670100,peripheral,0.9000,1,0.128991,"Признаков ролей нет: 1 отправителей, 0 получателей; вход 25,4 тыс ₸, выход 0,00 ₸"
100000004213658100,peripheral,0.9000,1,0.128876,"Признаков ролей нет: 1 отправителей, 0 получателей; вход 25,3 тыс ₸, выход 0,00 ₸"
100000006326645100,peripheral,0.9000,1,0.128645,"Признаков ролей нет: 1 отправителей, 0 получателей; вход 25,3 тыс ₸, выход 0,00 ₸"
100000002680477100,peripheral,0.9000,9,0.128300,"Признаков ролей нет: 1 отправителей, 0 получателей; вход 25,0 тыс ₸, выход 0,00 ₸"
100000003617552100,peripheral,0.9000,29,0.128300,"Признаков ролей нет: 1 отправителей, 0 получателей; вход 25,0 тыс ₸, выход 0,00 ₸"
100000008383405100,peripheral,0.9000,24,0.128300,"Признаков ролей нет: 1 отправителей, 0 получателей; вход 25,0 тыс ₸, выход 0,00 ₸"
100000002858835100,peripheral,0.9000,1,0.123927,"Признаков ролей нет: 1 отправителей, 0 получателей; вход 24,4 тыс ₸, выход 0,00 ₸"
100000008753897100,peripheral,0.9000,1,0.123582,"Признаков ролей нет: 1 отправителей, 0 получателей; вход 24,1 тыс ₸, выход 0,00 ₸"
100000001870116100,peripheral,0.9000,1,0.123121,"Признаков ролей нет: 1 отправителей, 0 получателей; вход 24,0 тыс ₸, выход 0,00 ₸"
100000002373386100,peripheral,0.9000,1,0.123121,"Признаков ролей нет: 1 отправителей, 0 получателей; вход 24,0 тыс ₸, выход 0,00 ₸"
100000008688476100,peripheral,0.9000,1,0.123121,"Признаков ролей нет: 1 отправителей, 0 получателей; вход 24,0 тыс ₸, выход 0,00 ₸"
100000008691168100,peripheral,0.9000,1,0.123121,"Признаков ролей нет: 1 отправителей, 0 получателей; вход 24,0 тыс ₸, выход 0,00 ₸"
100000008765494100,peripheral,0.9000,1,0.123121,"Признаков ролей нет: 1 отправителей, 0 получателей; вход 24,0 тыс ₸, выход 0,00 ₸"
100000008744364100,peripheral,0.9000,1,0.121625,"Признаков ролей нет: 1 отправителей, 0 получателей; вход 23,7 тыс ₸, выход 0,00 ₸"
100000008771814100,peripheral,0.9000,1,0.121625,"Признаков ролей нет: 1 отправителей, 0 получателей; вход 23,7 тыс ₸, выход 0,00 ₸"
100000002216999100,peripheral,0.9000,1,0.121280,"Признаков ролей нет: 1 отправителей, 0 получателей; вход 23,7 тыс ₸, выход 0,00 ₸"
100000008708368100,peripheral,0.9000,1,0.121280,"Признаков ролей нет: 1 отправителей, 0 получателей; вход 23,7 тыс ₸, выход 0,00 ₸"
100000008722328100,peripheral,0.9000,1,0.121280,"Признаков ролей нет: 1 отправителей, 0 получателей; вход 23,7 тыс ₸, выход 0,00 ₸"
100000002913340100,peripheral,0.9000,1,0.120589,"Признаков ролей нет: 1 отправителей, 0 получателей; вход 23,6 тыс ₸, выход 0,00 ₸"
100000008688155100,peripheral,0.9000,1,0.120589,"Признаков ролей нет: 1 отправителей, 0 получателей; вход 23,6 тыс ₸, выход 0,00 ₸"
100000008671026100,peripheral,0.9000,1,0.120359,"Признаков ролей нет: 1 отправителей, 0 получателей; вход 23,5 тыс ₸, выход 0,00 ₸"
100000008680451100,peripheral,0.9000,1,0.120359,"Признаков ролей нет: 1 отправителей, 0 получателей; вход 23,5 тыс ₸, выход 0,00 ₸"
100000002603478100,peripheral,0.9000,12,0.120014,"Признаков ролей нет: 1 отправителей, 0 получателей; вход 23,5 тыс ₸, выход 0,00 ₸"
100000001273783100,peripheral,0.9000,11,0.118978,"Признаков ролей нет: 1 отправителей, 0 получателей; вход 23,2 тыс ₸, выход 0,00 ₸"
100000008769636100,peripheral,0.9000,1,0.118748,"Признаков ролей нет: 1 отправителей, 0 получателей; вход 23,1 тыс ₸, выход 0,00 ₸"
100000007347733100,peripheral,0.9000,53,0.118633,"Признаков ролей нет: 1 отправителей, 0 получателей; вход 23,0 тыс ₸, выход 0,00 ₸"
100000008690932100,peripheral,0.9000,1,0.118518,"Признаков ролей нет: 1 отправителей, 0 получателей; вход 23,0 тыс ₸, выход 0,00 ₸"
100000004400480100,peripheral,0.7200,9,0.118311,"Признаков ролей нет: 1 отправителей, 0 получателей; вход 21,7 тыс ₸, выход 0,00 ₸; исходящие не прослежены (колено 4)"
100000008745863100,peripheral,0.9000,1,0.118057,"Признаков ролей нет: 1 отправителей, 0 получателей; вход 22,9 тыс ₸, выход 0,00 ₸"
100000008661550100,peripheral,0.9000,1,0.117942,"Признаков ролей нет: 1 отправителей, 0 получателей; вход 22,8 тыс ₸, выход 0,00 ₸"
100000008130868100,peripheral,0.7200,9,0.117827,"Признаков ролей нет: 1 отправителей, 0 получателей; вход 22,8 тыс ₸, выход 0,00 ₸; исходящие не прослежены (колено 4)"
100000000581662100,peripheral,0.7200,9,0.117620,"Признаков ролей нет: 1 отправителей, 0 получателей; вход 21,2 тыс ₸, выход 0,00 ₸; исходящие не прослежены (колено 4)"
100000008686247100,peripheral,0.9000,24,0.116791,"Признаков ролей нет: 1 отправителей, 1 получателей; вход 22,0 тыс ₸, выход 5,0 тыс ₸"
100000008746025100,peripheral,0.9000,1,0.116791,"Признаков ролей нет: 1 отправителей, 0 получателей; вход 22,0 тыс ₸, выход 0,00 ₸"
100000003338583100,peripheral,0.9000,25,0.115871,"Признаков ролей нет: 1 отправителей, 0 получателей; вход 21,8 тыс ₸, выход 0,00 ₸"
100000001155773100,peripheral,0.9000,1,0.115640,"Признаков ролей нет: 1 отправителей, 0 получателей; вход 21,5 тыс ₸, выход 0,00 ₸"
100000008691330100,peripheral,0.9000,1,0.115525,"Признаков ролей нет: 1 отправителей, 0 получателей; вход 21,4 тыс ₸, выход 0,00 ₸"
100000003119550100,peripheral,0.9000,1,0.114950,"Признаков ролей нет: 1 отправителей, 0 получателей; вход 21,0 тыс ₸, выход 0,00 ₸"
100000008695495100,peripheral,0.9000,1,0.114950,"Признаков ролей нет: 1 отправителей, 0 получателей; вход 21,0 тыс ₸, выход 0,00 ₸"
100000008712036100,peripheral,0.9000,1,0.114950,"Признаков ролей нет: 1 отправителей, 0 получателей; вход 21,0 тыс ₸, выход 0,00 ₸"
100000008740793100,peripheral,0.9000,1,0.114950,"Признаков ролей нет: 1 отправителей, 0 получателей; вход 21,0 тыс ₸, выход 0,00 ₸"
100000008742266100,peripheral,0.9000,1,0.114950,"Признаков ролей нет: 1 отправителей, 0 получателей; вход 21,0 тыс ₸, выход 0,00 ₸"
100000008763688100,peripheral,0.9000,1,0.114950,"Признаков ролей нет: 1 отправителей, 0 получателей; вход 21,0 тыс ₸, выход 0,00 ₸"
100000002243354100,peripheral,0.9000,1,0.113914,"Признаков ролей нет: 1 отправителей, 0 получателей; вход 20,9 тыс ₸, выход 0,00 ₸"
100000001991973100,peripheral,0.7200,18,0.113799,"Признаков ролей нет: 1 отправителей, 0 получателей; вход 20,8 тыс ₸, выход 0,00 ₸; исходящие не прослежены (колено 4)"
100000002982252100,peripheral,0.9000,1,0.113339,"Признаков ролей нет: 1 отправителей, 0 получателей; вход 20,3 тыс ₸, выход 0,00 ₸"
100000008745643100,peripheral,0.9000,1,0.113224,"Признаков ролей нет: 1 отправителей, 0 получателей; вход 20,3 тыс ₸, выход 0,00 ₸"
100000002459163100,peripheral,0.9000,56,0.112878,"Признаков ролей нет: 1 отправителей, 0 получателей; вход 20,2 тыс ₸, выход 0,00 ₸"
100000001639766100,peripheral,0.9000,8,0.112763,"Признаков ролей нет: 1 отправителей, 0 получателей; вход 20,0 тыс ₸, выход 0,00 ₸"
100000002289937100,peripheral,0.9000,1,0.112763,"Признаков ролей нет: 1 отправителей, 0 получателей; вход 20,0 тыс ₸, выход 0,00 ₸"
100000005056870100,peripheral,0.9000,46,0.112763,"Признаков ролей нет: 1 отправителей, 0 получателей; вход 20,0 тыс ₸, выход 0,00 ₸"
100000005087923100,peripheral,0.7200,8,0.112763,"Признаков ролей нет: 1 отправителей, 0 получателей; вход 20,0 тыс ₸, выход 0,00 ₸; исходящие не прослежены (колено 4)"
100000005669845100,peripheral,0.9000,29,0.112763,"Признаков ролей нет: 1 отправителей, 0 получателей; вход 20,0 тыс ₸, выход 0,00 ₸"
100000005756535100,peripheral,0.9000,1,0.112763,"Признаков ролей нет: 1 отправителей, 0 получателей; вход 20,0 тыс ₸, выход 0,00 ₸"
100000006656003100,peripheral,0.9000,1,0.112763,"Признаков ролей нет: 1 отправителей, 1 получателей; вход 20,0 тыс ₸, выход 9,0 тыс ₸"
100000006710485100,peripheral,0.9000,1,0.112763,"Признаков ролей нет: 1 отправителей, 0 получателей; вход 20,0 тыс ₸, выход 0,00 ₸"
100000007175718100,peripheral,0.9000,46,0.112763,"Признаков ролей нет: 1 отправителей, 0 получателей; вход 20,0 тыс ₸, выход 0,00 ₸"
100000007337374100,peripheral,0.9000,1,0.112763,"Признаков ролей нет: 1 отправителей, 0 получателей; вход 20,0 тыс ₸, выход 0,00 ₸"
100000008693069100,peripheral,0.9000,1,0.112763,"Признаков ролей нет: 1 отправителей, 0 получателей; вход 20,0 тыс ₸, выход 0,00 ₸"
100000008745884100,peripheral,0.9000,1,0.112763,"Признаков ролей нет: 1 отправителей, 0 получателей; вход 20,0 тыс ₸, выход 0,00 ₸"
100000007982728100,peripheral,0.6000,8,0.111762,"Признаков ролей нет: 0 отправителей, 8 получателей; вход 0,00 ₸, выход 1,8 млн ₸; seed: входящие неполные"
100000008776310100,peripheral,0.9000,1,0.105628,"Признаков ролей нет: 1 отправителей, 0 получателей; вход 19,2 тыс ₸, выход 0,00 ₸"
100000003187359100,peripheral,0.9000,1,0.105513,"Признаков ролей нет: 1 отправителей, 0 получателей; вход 19,1 тыс ₸, выход 0,00 ₸"
100000008679986100,peripheral,0.9000,1,0.105398,"Признаков ролей нет: 1 отправителей, 0 получателей; вход 19,0 тыс ₸, выход 0,00 ₸"
100000008696692100,peripheral,0.9000,1,0.105398,"Признаков ролей нет: 1 отправителей, 0 получателей; вход 19,0 тыс ₸, выход 0,00 ₸"
100000008749063100,peripheral,0.9000,1,0.105398,"Признаков ролей нет: 1 отправителей, 0 получателей; вход 19,0 тыс ₸, выход 0,00 ₸"
100000004140994100,peripheral,0.9000,1,0.104477,"Признаков ролей нет: 1 отправителей, 0 получателей; вход 18,6 тыс ₸, выход 0,00 ₸"
100000002881669100,peripheral,0.9000,12,0.104362,"Признаков ролей нет: 1 отправителей, 0 получателей; вход 18,6 тыс ₸, выход 0,00 ₸"
100000003239859100,peripheral,0.9000,12,0.104362,"Признаков ролей нет: 1 отправителей, 0 получателей; вход 18,6 тыс ₸, выход 0,00 ₸"
100000001103905100,peripheral,0.9000,1,0.103786,"Признаков ролей нет: 1 отправителей, 0 получателей; вход 18,0 тыс ₸, выход 0,00 ₸"
100000001893287100,peripheral,0.9000,8,0.103786,"Признаков ролей нет: 1 отправителей, 1 получателей; вход 18,0 тыс ₸, выход 152,7 тыс ₸; отдаёт больше наблюдаемого входа — вероятны внешние поступления"
100000008712184100,peripheral,0.9000,1,0.103786,"Признаков ролей нет: 1 отправителей, 0 получателей; вход 18,0 тыс ₸, выход 0,00 ₸"
100000008715887100,peripheral,0.9000,1,0.103786,"Признаков ролей нет: 1 отправителей, 0 получателей; вход 18,0 тыс ₸, выход 0,00 ₸"
100000008716222100,peripheral,0.9000,1,0.103786,"Признаков ролей нет: 1 отправителей, 0 получателей; вход 18,0 тыс ₸, выход 0,00 ₸"
100000008754997100,peripheral,0.9000,1,0.103786,"Признаков ролей нет: 1 отправителей, 0 получателей; вход 18,0 тыс ₸, выход 0,00 ₸"
100000008777088100,peripheral,0.9000,1,0.103786,"Признаков ролей нет: 1 отправителей, 0 получателей; вход 18,0 тыс ₸, выход 0,00 ₸"
100000002116705100,peripheral,0.9000,1,0.101254,"Признаков ролей нет: 1 отправителей, 0 получателей; вход 17,6 тыс ₸, выход 0,00 ₸"
100000002511581100,peripheral,0.9000,1,0.101254,"Признаков ролей нет: 1 отправителей, 0 получателей; вход 17,6 тыс ₸, выход 0,00 ₸"
100000008687990100,peripheral,0.9000,1,0.101254,"Признаков ролей нет: 1 отправителей, 0 получателей; вход 17,6 тыс ₸, выход 0,00 ₸"
100000008735832100,peripheral,0.9000,1,0.101254,"Признаков ролей нет: 1 отправителей, 0 получателей; вход 17,6 тыс ₸, выход 0,00 ₸"
100000008755168100,peripheral,0.9000,1,0.101254,"Признаков ролей нет: 1 отправителей, 0 получателей; вход 17,6 тыс ₸, выход 0,00 ₸"
100000000907277100,peripheral,0.9000,1,0.100679,"Признаков ролей нет: 1 отправителей, 0 получателей; вход 17,5 тыс ₸, выход 0,00 ₸"
100000008667058100,peripheral,0.9000,1,0.100679,"Признаков ролей нет: 1 отправителей, 0 получателей; вход 17,5 тыс ₸, выход 0,00 ₸"
100000008691027100,peripheral,0.9000,1,0.100679,"Признаков ролей нет: 1 отправителей, 0 получателей; вход 17,5 тыс ₸, выход 0,00 ₸"
100000008729801100,peripheral,0.9000,1,0.100679,"Признаков ролей нет: 1 отправителей, 0 получателей; вход 17,5 тыс ₸, выход 0,00 ₸"
100000008683818100,peripheral,0.9000,1,0.099528,"Признаков ролей нет: 1 отправителей, 0 получателей; вход 17,4 тыс ₸, выход 0,00 ₸"
100000008767950100,peripheral,0.9000,1,0.099298,"Признаков ролей нет: 1 отправителей, 0 получателей; вход 17,4 тыс ₸, выход 0,00 ₸"
100000005995391100,peripheral,0.9000,1,0.099183,"Признаков ролей нет: 1 отправителей, 0 получателей; вход 17,2 тыс ₸, выход 0,00 ₸"
100000007022818100,peripheral,0.9000,1,0.099183,"Признаков ролей нет: 1 отправителей, 0 получателей; вход 17,2 тыс ₸, выход 0,00 ₸"
100000008309514100,peripheral,0.9000,1,0.099183,"Признаков ролей нет: 1 отправителей, 0 получателей; вход 17,2 тыс ₸, выход 0,00 ₸"
100000008684951100,peripheral,0.9000,1,0.099183,"Признаков ролей нет: 1 отправителей, 0 получателей; вход 17,2 тыс ₸, выход 0,00 ₸"
100000008706947100,peripheral,0.9000,1,0.099183,"Признаков ролей нет: 1 отправителей, 0 получателей; вход 17,2 тыс ₸, выход 0,00 ₸"
100000008708595100,peripheral,0.9000,1,0.099183,"Признаков ролей нет: 1 отправителей, 0 получателей; вход 17,2 тыс ₸, выход 0,00 ₸"
100000008749900100,peripheral,0.9000,1,0.098377,"Признаков ролей нет: 1 отправителей, 0 получателей; вход 17,1 тыс ₸, выход 0,00 ₸"
100000001111763100,peripheral,0.9000,1,0.098262,"Признаков ролей нет: 1 отправителей, 0 получателей; вход 17,1 тыс ₸, выход 0,00 ₸"
100000004491881100,peripheral,0.9000,1,0.098262,"Признаков ролей нет: 1 отправителей, 0 получателей; вход 17,1 тыс ₸, выход 0,00 ₸"
100000008749406100,peripheral,0.9000,1,0.098262,"Признаков ролей нет: 1 отправителей, 0 получателей; вход 17,1 тыс ₸, выход 0,00 ₸"
100000008767925100,peripheral,0.9000,1,0.098262,"Признаков ролей нет: 1 отправителей, 0 получателей; вход 17,1 тыс ₸, выход 0,00 ₸"
100000008759795100,peripheral,0.7200,18,0.097572,"Признаков ролей нет: 1 отправителей, 0 получателей; вход 17,0 тыс ₸, выход 0,00 ₸; исходящие не прослежены (колено 4)"
100000004286573100,peripheral,0.9000,12,0.096766,"Признаков ролей нет: 1 отправителей, 0 получателей; вход 16,6 тыс ₸, выход 0,00 ₸"
100000003336565100,peripheral,0.9000,1,0.096651,"Признаков ролей нет: 1 отправителей, 0 получателей; вход 16,6 тыс ₸, выход 0,00 ₸"
100000008662805100,peripheral,0.9000,1,0.096536,"Признаков ролей нет: 1 отправителей, 0 получателей; вход 16,5 тыс ₸, выход 0,00 ₸"
100000008771627100,peripheral,0.9000,1,0.096536,"Признаков ролей нет: 1 отправителей, 0 получателей; вход 16,5 тыс ₸, выход 0,00 ₸"
100000005847078100,peripheral,0.9000,1,0.095730,"Признаков ролей нет: 1 отправителей, 0 получателей; вход 16,3 тыс ₸, выход 0,00 ₸"
100000008664774100,peripheral,0.9000,1,0.095730,"Признаков ролей нет: 1 отправителей, 0 получателей; вход 16,3 тыс ₸, выход 0,00 ₸"
100000001389255100,peripheral,0.9000,1,0.095500,"Признаков ролей нет: 1 отправителей, 0 получателей; вход 16,1 тыс ₸, выход 0,00 ₸"
100000006491963100,peripheral,0.7200,18,0.095385,"Признаков ролей нет: 1 отправителей, 0 получателей; вход 16,0 тыс ₸, выход 0,00 ₸; исходящие не прослежены (колено 4)"
100000008720668100,peripheral,0.9000,1,0.095385,"Признаков ролей нет: 1 отправителей, 0 получателей; вход 16,0 тыс ₸, выход 0,00 ₸"
100000008736394100,peripheral,0.9000,1,0.095385,"Признаков ролей нет: 1 отправителей, 0 получателей; вход 16,0 тыс ₸, выход 0,00 ₸"
100000008749989100,peripheral,0.9000,1,0.095385,"Признаков ролей нет: 1 отправителей, 0 получателей; вход 16,0 тыс ₸, выход 0,00 ₸"
100000008755580100,peripheral,0.9000,1,0.095385,"Признаков ролей нет: 1 отправителей, 0 получателей; вход 16,0 тыс ₸, выход 0,00 ₸"
100000008668099100,peripheral,0.9000,1,0.094119,"Признаков ролей нет: 1 отправителей, 0 получателей; вход 15,7 тыс ₸, выход 0,00 ₸"
100000008686494100,peripheral,0.9000,1,0.094119,"Признаков ролей нет: 1 отправителей, 0 получателей; вход 15,7 тыс ₸, выход 0,00 ₸"
100000008716773100,peripheral,0.9000,1,0.093774,"Признаков ролей нет: 1 отправителей, 0 получателей; вход 15,7 тыс ₸, выход 0,00 ₸"
100000008732098100,peripheral,0.9000,1,0.093774,"Признаков ролей нет: 1 отправителей, 0 получателей; вход 15,7 тыс ₸, выход 0,00 ₸"
100000000661131100,peripheral,0.9000,1,0.093544,"Признаков ролей нет: 1 отправителей, 0 получателей; вход 15,6 тыс ₸, выход 0,00 ₸"
100000001953577100,peripheral,0.9000,1,0.093544,"Признаков ролей нет: 1 отправителей, 0 получателей; вход 15,6 тыс ₸, выход 0,00 ₸"
100000008663723100,peripheral,0.9000,1,0.093544,"Признаков ролей нет: 1 отправителей, 0 получателей; вход 15,6 тыс ₸, выход 0,00 ₸"
100000008672162100,peripheral,0.9000,1,0.093198,"Признаков ролей нет: 1 отправителей, 0 получателей; вход 15,6 тыс ₸, выход 0,00 ₸"
100000008708743100,peripheral,0.9000,1,0.093198,"Признаков ролей нет: 1 отправителей, 0 получателей; вход 15,6 тыс ₸, выход 0,00 ₸"
100000004497606100,peripheral,0.9000,1,0.092968,"Признаков ролей нет: 1 отправителей, 0 получателей; вход 15,5 тыс ₸, выход 0,00 ₸"
100000008670667100,peripheral,0.9000,1,0.092968,"Признаков ролей нет: 1 отправителей, 0 получателей; вход 15,5 тыс ₸, выход 0,00 ₸"
100000008718089100,peripheral,0.9000,1,0.092968,"Признаков ролей нет: 1 отправителей, 0 получателей; вход 15,5 тыс ₸, выход 0,00 ₸"
100000008720798100,peripheral,0.9000,1,0.092968,"Признаков ролей нет: 1 отправителей, 0 получателей; вход 15,5 тыс ₸, выход 0,00 ₸"
100000007631637100,peripheral,0.9000,1,0.092278,"Признаков ролей нет: 1 отправителей, 0 получателей; вход 15,3 тыс ₸, выход 0,00 ₸"
100000000831684100,peripheral,0.9000,12,0.091702,"Признаков ролей нет: 1 отправителей, 1 получателей; вход 15,0 тыс ₸, выход 50,0 тыс ₸; отдаёт больше наблюдаемого входа — вероятны внешние поступления"
100000000968253100,peripheral,0.9000,1,0.091702,"Признаков ролей нет: 1 отправителей, 0 получателей; вход 15,0 тыс ₸, выход 0,00 ₸"
100000004573782100,peripheral,0.9000,10,0.091702,"Признаков ролей нет: 1 отправителей, 0 получателей; вход 15,0 тыс ₸, выход 0,00 ₸"
100000006412162100,peripheral,0.7200,18,0.091702,"Признаков ролей нет: 1 отправителей, 0 получателей; вход 15,0 тыс ₸, выход 0,00 ₸; исходящие не прослежены (колено 4)"
100000008547295100,peripheral,0.9000,8,0.091702,"Признаков ролей нет: 1 отправителей, 0 получателей; вход 15,0 тыс ₸, выход 0,00 ₸"
100000008687492100,peripheral,0.9000,1,0.091702,"Признаков ролей нет: 1 отправителей, 0 получателей; вход 15,0 тыс ₸, выход 0,00 ₸"
100000008776576100,peripheral,0.9000,1,0.087674,"Признаков ролей нет: 1 отправителей, 0 получателей; вход 14,8 тыс ₸, выход 0,00 ₸"
100000008687733100,peripheral,0.9000,1,0.087559,"Признаков ролей нет: 1 отправителей, 0 получателей; вход 14,7 тыс ₸, выход 0,00 ₸"
100000002992171100,peripheral,0.9000,1,0.087444,"Признаков ролей нет: 1 отправителей, 0 получателей; вход 14,6 тыс ₸, выход 0,00 ₸"
100000008717341100,peripheral,0.9000,1,0.087444,"Признаков ролей нет: 1 отправителей, 0 получателей; вход 14,6 тыс ₸, выход 0,00 ₸"
100000008755361100,peripheral,0.9000,1,0.087444,"Признаков ролей нет: 1 отправителей, 0 получателей; вход 14,6 тыс ₸, выход 0,00 ₸"
100000008706846100,peripheral,0.9000,1,0.086868,"Признаков ролей нет: 1 отправителей, 0 получателей; вход 14,2 тыс ₸, выход 0,00 ₸"
100000002830055100,peripheral,0.9000,1,0.086293,"Признаков ролей нет: 1 отправителей, 0 получателей; вход 14,0 тыс ₸, выход 0,00 ₸"
100000008548853100,peripheral,0.9000,1,0.086293,"Признаков ролей нет: 1 отправителей, 0 получателей; вход 14,0 тыс ₸, выход 0,00 ₸"
100000008554390100,peripheral,0.7200,18,0.086293,"Признаков ролей нет: 1 отправителей, 0 получателей; вход 14,0 тыс ₸, выход 0,00 ₸; исходящие не прослежены (колено 4)"
100000008663007100,peripheral,0.9000,1,0.086293,"Признаков ролей нет: 1 отправителей, 0 получателей; вход 14,0 тыс ₸, выход 0,00 ₸"
100000008672493100,peripheral,0.9000,1,0.086293,"Признаков ролей нет: 1 отправителей, 0 получателей; вход 14,0 тыс ₸, выход 0,00 ₸"
100000001716579100,peripheral,0.9000,1,0.085142,"Признаков ролей нет: 1 отправителей, 0 получателей; вход 13,9 тыс ₸, выход 0,00 ₸"
100000008764436100,peripheral,0.9000,1,0.083991,"Признаков ролей нет: 1 отправителей, 0 получателей; вход 13,1 тыс ₸, выход 0,00 ₸"
100000008190442100,peripheral,0.9000,1,0.083646,"Признаков ролей нет: 1 отправителей, 0 получателей; вход 13,0 тыс ₸, выход 0,00 ₸"
100000008672480100,peripheral,0.9000,1,0.083646,"Признаков ролей нет: 1 отправителей, 0 получателей; вход 13,0 тыс ₸, выход 0,00 ₸"
100000008672762100,peripheral,0.9000,1,0.083646,"Признаков ролей нет: 1 отправителей, 0 получателей; вход 13,0 тыс ₸, выход 0,00 ₸"
100000008631800100,peripheral,0.7200,18,0.082610,"Признаков ролей нет: 1 отправителей, 0 получателей; вход 12,8 тыс ₸, выход 0,00 ₸; исходящие не прослежены (колено 4)"
100000008688109100,peripheral,0.9000,1,0.082495,"Признаков ролей нет: 1 отправителей, 0 получателей; вход 12,8 тыс ₸, выход 0,00 ₸"
100000008744799100,peripheral,0.9000,1,0.082150,"Признаков ролей нет: 1 отправителей, 0 получателей; вход 12,6 тыс ₸, выход 0,00 ₸"
100000002671806100,peripheral,0.9000,12,0.081689,"Признаков ролей нет: 1 отправителей, 0 получателей; вход 12,4 тыс ₸, выход 0,00 ₸"
100000002646745100,peripheral,0.9000,1,0.081574,"Признаков ролей нет: 1 отправителей, 0 получателей; вход 12,3 тыс ₸, выход 0,00 ₸"
100000005089460100,peripheral,0.9000,1,0.081574,"Признаков ролей нет: 1 отправителей, 0 получателей; вход 12,3 тыс ₸, выход 0,00 ₸"
100000005588444100,peripheral,0.9000,10,0.081574,"Признаков ролей нет: 1 отправителей, 0 получателей; вход 12,3 тыс ₸, выход 0,00 ₸"
100000007289427100,peripheral,0.9000,3,0.081574,"Признаков ролей нет: 1 отправителей, 0 получателей; вход 12,3 тыс ₸, выход 0,00 ₸"
100000008754608100,peripheral,0.9000,1,0.081574,"Признаков ролей нет: 1 отправителей, 0 получателей; вход 12,3 тыс ₸, выход 0,00 ₸"
100000008716439100,peripheral,0.9000,1,0.080999,"Признаков ролей нет: 1 отправителей, 0 получателей; вход 12,3 тыс ₸, выход 0,00 ₸"
100000003047800100,peripheral,0.7200,9,0.080884,"Признаков ролей нет: 1 отправителей, 0 получателей; вход 12,2 тыс ₸, выход 0,00 ₸; исходящие не прослежены (колено 4)"
100000008716072100,peripheral,0.9000,1,0.080424,"Признаков ролей нет: 1 отправителей, 0 получателей; вход 12,1 тыс ₸, выход 0,00 ₸"
100000001149815100,peripheral,0.9000,1,0.080308,"Признаков ролей нет: 1 отправителей, 0 получателей; вход 12,0 тыс ₸, выход 0,00 ₸"
100000002645046100,peripheral,0.7200,18,0.080308,"Признаков ролей нет: 1 отправителей, 0 получателей; вход 12,0 тыс ₸, выход 0,00 ₸; исходящие не прослежены (колено 4)"
100000002744581100,peripheral,0.9000,10,0.080308,"Признаков ролей нет: 1 отправителей, 0 получателей; вход 12,0 тыс ₸, выход 0,00 ₸"
100000002876914100,peripheral,0.7200,18,0.080308,"Признаков ролей нет: 1 отправителей, 0 получателей; вход 12,0 тыс ₸, выход 0,00 ₸; исходящие не прослежены (колено 4)"
100000004780327100,peripheral,0.7200,18,0.080308,"Признаков ролей нет: 1 отправителей, 0 получателей; вход 12,0 тыс ₸, выход 0,00 ₸; исходящие не прослежены (колено 4)"
100000008586731100,peripheral,0.9000,12,0.080308,"Признаков ролей нет: 1 отправителей, 0 получателей; вход 12,0 тыс ₸, выход 0,00 ₸"
100000004388209100,peripheral,0.9000,1,0.079042,"Признаков ролей нет: 1 отправителей, 0 получателей; вход 11,8 тыс ₸, выход 0,00 ₸"
100000002750332100,peripheral,0.9000,2,0.078582,"Признаков ролей нет: 1 отправителей, 0 получателей; вход 11,4 тыс ₸, выход 0,00 ₸"
100000008489604100,peripheral,0.9000,1,0.078122,"Признаков ролей нет: 1 отправителей, 0 получателей; вход 11,0 тыс ₸, выход 0,00 ₸"
100000002844897100,peripheral,0.9000,2,0.077201,"Признаков ролей нет: 1 отправителей, 0 получателей; вход 10,8 тыс ₸, выход 0,00 ₸"
100000004007197100,peripheral,0.9000,25,0.076165,"Признаков ролей нет: 1 отправителей, 0 получателей; вход 10,0 тыс ₸, выход 0,00 ₸"
100000000625169100,peripheral,0.9000,1,0.076050,"Признаков ролей нет: 1 отправителей, 0 получателей; вход 10,0 тыс ₸, выход 0,00 ₸"
100000000704700100,peripheral,0.7200,25,0.076050,"Признаков ролей нет: 1 отправителей, 0 получателей; вход 10,0 тыс ₸, выход 0,00 ₸; исходящие не прослежены (колено 4)"
100000000979567100,peripheral,0.9000,1,0.076050,"Признаков ролей нет: 1 отправителей, 0 получателей; вход 10,0 тыс ₸, выход 0,00 ₸"
100000002130400100,peripheral,0.7200,37,0.076050,"Признаков ролей нет: 1 отправителей, 0 получателей; вход 10,0 тыс ₸, выход 0,00 ₸; исходящие не прослежены (колено 4)"
100000004950490100,peripheral,0.9000,10,0.076050,"Признаков ролей нет: 1 отправителей, 0 получателей; вход 10,0 тыс ₸, выход 0,00 ₸"
100000008129393100,peripheral,0.9000,53,0.076050,"Признаков ролей нет: 1 отправителей, 0 получателей; вход 10,0 тыс ₸, выход 0,00 ₸"
100000008463968100,peripheral,0.9000,1,0.076050,"Признаков ролей нет: 1 отправителей, 0 получателей; вход 10,0 тыс ₸, выход 0,00 ₸"
100000008478414100,peripheral,0.9000,1,0.076050,"Признаков ролей нет: 1 отправителей, 0 получателей; вход 10,0 тыс ₸, выход 0,00 ₸"
100000001325618100,peripheral,0.7200,18,0.066728,"Признаков ролей нет: 1 отправителей, 0 получателей; вход 9,3 тыс ₸, выход 0,00 ₸; исходящие не прослежены (колено 4)"
100000004263867100,peripheral,0.7200,18,0.066383,"Признаков ролей нет: 1 отправителей, 0 получателей; вход 9,0 тыс ₸, выход 0,00 ₸; исходящие не прослежены (колено 4)"
100000004449824100,peripheral,0.7200,18,0.066383,"Признаков ролей нет: 1 отправителей, 0 получателей; вход 9,0 тыс ₸, выход 0,00 ₸; исходящие не прослежены (колено 4)"
100000001740277100,peripheral,0.9000,10,0.065232,"Признаков ролей нет: 1 отправителей, 1 получателей; вход 8,7 тыс ₸, выход 5,0 тыс ₸"
100000008708061100,peripheral,0.9000,1,0.065117,"Признаков ролей нет: 1 отправителей, 0 получателей; вход 8,7 тыс ₸, выход 0,00 ₸"
100000004971871100,peripheral,0.9000,59,0.065082,"Признаков ролей нет: 1 отправителей, 1 получателей; вход 25,4 тыс ₸, выход 5,7 тыс ₸; seed: входящие неполные"
100000008672200100,peripheral,0.9000,1,0.065002,"Признаков ролей нет: 1 отправителей, 0 получателей; вход 8,5 тыс ₸, выход 0,00 ₸"
100000008750464100,peripheral,0.9000,1,0.064772,"Признаков ролей нет: 1 отправителей, 0 получателей; вход 8,5 тыс ₸, выход 0,00 ₸"
100000005807278100,peripheral,0.9000,46,0.064196,"Признаков ролей нет: 1 отправителей, 0 получателей; вход 8,4 тыс ₸, выход 0,00 ₸"
100000001256409100,peripheral,0.7200,20,0.063966,"Признаков ролей нет: 1 отправителей, 0 получателей; вход 8,0 тыс ₸, выход 0,00 ₸; исходящие не прослежены (колено 4)"
100000001299443100,peripheral,0.7200,18,0.063966,"Признаков ролей нет: 1 отправителей, 0 получателей; вход 8,0 тыс ₸, выход 0,00 ₸; исходящие не прослежены (колено 4)"
100000008537380100,peripheral,0.9000,1,0.063966,"Признаков ролей нет: 1 отправителей, 0 получателей; вход 8,0 тыс ₸, выход 0,00 ₸"
100000003084870100,peripheral,0.7200,9,0.061687,"Признаков ролей нет: 1 отправителей, 0 получателей; вход 6,5 тыс ₸, выход 0,00 ₸; исходящие не прослежены (колено 4)"
100000002974256100,peripheral,0.9000,12,0.061664,"Признаков ролей нет: 1 отправителей, 0 получателей; вход 7,2 тыс ₸, выход 0,00 ₸"
100000003005167100,peripheral,0.7200,18,0.061319,"Признаков ролей нет: 1 отправителей, 0 получателей; вход 7,0 тыс ₸, выход 0,00 ₸; исходящие не прослежены (колено 4)"
100000003377795100,peripheral,0.9000,10,0.061319,"Признаков ролей нет: 1 отправителей, 0 получателей; вход 7,0 тыс ₸, выход 0,00 ₸"
100000004592467100,peripheral,0.9000,3,0.061319,"Признаков ролей нет: 1 отправителей, 0 получателей; вход 7,0 тыс ₸, выход 0,00 ₸"
100000008755754100,peripheral,0.9000,9,0.061319,"Признаков ролей нет: 1 отправителей, 0 получателей; вход 7,0 тыс ₸, выход 0,00 ₸"
100000000955444100,peripheral,0.9000,44,0.059938,"Признаков ролей нет: 1 отправителей, 0 получателей; вход 6,9 тыс ₸, выход 0,00 ₸"
100000001714883100,peripheral,0.7200,18,0.059823,"Признаков ролей нет: 1 отправителей, 0 получателей; вход 6,9 тыс ₸, выход 0,00 ₸; исходящие не прослежены (колено 4)"
100000002474570100,peripheral,0.7200,18,0.059478,"Признаков ролей нет: 1 отправителей, 0 получателей; вход 6,8 тыс ₸, выход 0,00 ₸; исходящие не прослежены (колено 4)"
100000005055454100,peripheral,0.9000,29,0.059132,"Признаков ролей нет: 1 отправителей, 0 получателей; вход 6,5 тыс ₸, выход 0,00 ₸"
100000003194831100,peripheral,0.7200,9,0.058672,"Признаков ролей нет: 1 отправителей, 0 получателей; вход 6,3 тыс ₸, выход 0,00 ₸; исходящие не прослежены (колено 4)"
100000000718427100,peripheral,0.9000,1,0.057981,"Признаков ролей нет: 1 отправителей, 0 получателей; вход 6,0 тыс ₸, выход 0,00 ₸"
100000002346166100,peripheral,0.9000,1,0.057981,"Признаков ролей нет: 1 отправителей, 0 получателей; вход 6,0 тыс ₸, выход 0,00 ₸"
100000002512742100,peripheral,0.7200,18,0.057981,"Признаков ролей нет: 1 отправителей, 0 получателей; вход 6,0 тыс ₸, выход 0,00 ₸; исходящие не прослежены (колено 4)"
100000002878483100,peripheral,0.7200,18,0.057981,"Признаков ролей нет: 1 отправителей, 0 получателей; вход 6,0 тыс ₸, выход 0,00 ₸; исходящие не прослежены (колено 4)"
100000002986245100,peripheral,0.7200,18,0.056600,"Признаков ролей нет: 1 отправителей, 0 получателей; вход 5,8 тыс ₸, выход 0,00 ₸; исходящие не прослежены (колено 4)"
100000008488166100,peripheral,0.9000,1,0.056140,"Признаков ролей нет: 1 отправителей, 0 получателей; вход 5,6 тыс ₸, выход 0,00 ₸"
100000004268036100,peripheral,0.7200,18,0.056025,"Признаков ролей нет: 1 отправителей, 0 получателей; вход 5,5 тыс ₸, выход 0,00 ₸; исходящие не прослежены (колено 4)"
100000002614095100,peripheral,0.9000,1,0.054874,"Признаков ролей нет: 1 отправителей, 0 получателей; вход 5,3 тыс ₸, выход 0,00 ₸"
100000002635746100,peripheral,0.7200,18,0.054874,"Признаков ролей нет: 1 отправителей, 0 получателей; вход 5,3 тыс ₸, выход 0,00 ₸; исходящие не прослежены (колено 4)"
100000008648783100,peripheral,0.7200,18,0.054183,"Признаков ролей нет: 1 отправителей, 0 получателей; вход 5,2 тыс ₸, выход 0,00 ₸; исходящие не прослежены (колено 4)"
100000001590795100,peripheral,0.7200,18,0.053723,"Признаков ролей нет: 1 отправителей, 0 получателей; вход 5,1 тыс ₸, выход 0,00 ₸; исходящие не прослежены (колено 4)"
100000000307908100,peripheral,0.9000,43,0.053608,"Признаков ролей нет: 1 отправителей, 0 получателей; вход 5,0 тыс ₸, выход 0,00 ₸"
100000001860090100,peripheral,0.9000,8,0.053608,"Признаков ролей нет: 1 отправителей, 0 получателей; вход 5,0 тыс ₸, выход 0,00 ₸"
100000005041905100,peripheral,0.9000,1,0.053608,"Признаков ролей нет: 1 отправителей, 1 получателей; вход 5,0 тыс ₸, выход 1,1 млн ₸; отдаёт больше наблюдаемого входа — вероятны внешние поступления"
100000006490557100,peripheral,0.9000,10,0.053608,"Признаков ролей нет: 1 отправителей, 0 получателей; вход 5,0 тыс ₸, выход 0,00 ₸"
100000007510875100,peripheral,0.9000,2,0.053608,"Признаков ролей нет: 1 отправителей, 0 получателей; вход 5,0 тыс ₸, выход 0,00 ₸"
100000007930878100,peripheral,0.9000,44,0.053608,"Признаков ролей нет: 1 отправителей, 0 получателей; вход 5,0 тыс ₸, выход 0,00 ₸"
100000008042075100,peripheral,0.9000,24,0.053608,"Признаков ролей нет: 1 отправителей, 0 получателей; вход 5,0 тыс ₸, выход 0,00 ₸"
100000000456947100,peripheral,0.3000,72,0.000000,"Признаков ролей нет: 0 отправителей, 0 получателей; вход 0,00 ₸, выход 0,00 ₸; seed: входящие неполные; переводов в выгрузке нет — данных недостаточно"
100000002916006100,peripheral,0.9500,19,0.000000,"Признаков ролей нет: 0 отправителей, 1 получателей; вход 0,00 ₸, выход 32,0 тыс ₸; seed: входящие неполные"
100000003200071100,peripheral,0.9500,68,0.000000,"Признаков ролей нет: 0 отправителей, 1 получателей; вход 0,00 ₸, выход 30,0 тыс ₸; seed: входящие неполные"
100000003265658100,peripheral,0.3000,73,0.000000,"Признаков ролей нет: 0 отправителей, 0 получателей; вход 0,00 ₸, выход 0,00 ₸; seed: входящие неполные; переводов в выгрузке нет — данных недостаточно"
100000003349739100,peripheral,0.3000,74,0.000000,"Признаков ролей нет: 0 отправителей, 0 получателей; вход 0,00 ₸, выход 0,00 ₸; seed: входящие неполные; переводов в выгрузке нет — данных недостаточно"
100000003770083100,peripheral,0.3000,75,0.000000,"Признаков ролей нет: 0 отправителей, 0 получателей; вход 0,00 ₸, выход 0,00 ₸; seed: входящие неполные; переводов в выгрузке нет — данных недостаточно"
100000004021459100,peripheral,0.3000,76,0.000000,"Признаков ролей нет: 0 отправителей, 0 получателей; вход 0,00 ₸, выход 0,00 ₸; seed: входящие неполные; переводов в выгрузке нет — данных недостаточно"
100000004174835100,peripheral,0.3000,77,0.000000,"Признаков ролей нет: 0 отправителей, 0 получателей; вход 0,00 ₸, выход 0,00 ₸; seed: входящие неполные; переводов в выгрузке нет — данных недостаточно"
100000004269433100,peripheral,0.9500,15,0.000000,"Признаков ролей нет: 0 отправителей, 1 получателей; вход 0,00 ₸, выход 1,4 млн ₸; seed: входящие неполные"
100000004388983100,peripheral,0.9000,65,0.000000,"Признаков ролей нет: 0 отправителей, 2 получателей; вход 0,00 ₸, выход 450,8 тыс ₸; seed: входящие неполные"
100000004714705100,peripheral,0.9500,19,0.000000,"Признаков ролей нет: 0 отправителей, 1 получателей; вход 0,00 ₸, выход 36,5 тыс ₸; seed: входящие неполные"
100000004723755100,peripheral,0.9500,3,0.000000,"Признаков ролей нет: 0 отправителей, 1 получателей; вход 0,00 ₸, выход 95,0 тыс ₸; seed: входящие неполные"
100000004813068100,peripheral,0.8500,24,0.000000,"Признаков ролей нет: 0 отправителей, 3 получателей; вход 0,00 ₸, выход 297,0 тыс ₸; seed: входящие неполные"
100000005017150100,peripheral,0.3000,78,0.000000,"Признаков ролей нет: 0 отправителей, 0 получателей; вход 0,00 ₸, выход 0,00 ₸; seed: входящие неполные; переводов в выгрузке нет — данных недостаточно"
100000005087431100,peripheral,0.3000,79,0.000000,"Признаков ролей нет: 0 отправителей, 0 получателей; вход 0,00 ₸, выход 0,00 ₸; seed: входящие неполные; переводов в выгрузке нет — данных недостаточно"
100000005235389100,peripheral,0.3000,80,0.000000,"Признаков ролей нет: 0 отправителей, 0 получателей; вход 0,00 ₸, выход 0,00 ₸; seed: входящие неполные; переводов в выгрузке нет — данных недостаточно"
100000005392290100,peripheral,0.9500,69,0.000000,"Признаков ролей нет: 0 отправителей, 1 получателей; вход 0,00 ₸, выход 81,5 тыс ₸; seed: входящие неполные"
100000005417257100,peripheral,0.9000,19,0.000000,"Признаков ролей нет: 0 отправителей, 2 получателей; вход 0,00 ₸, выход 106,0 тыс ₸; seed: входящие неполные"
100000005480435100,peripheral,0.3000,81,0.000000,"Признаков ролей нет: 0 отправителей, 0 получателей; вход 0,00 ₸, выход 0,00 ₸; seed: входящие неполные; переводов в выгрузке нет — данных недостаточно"
100000005485830100,peripheral,0.7500,46,0.000000,"Признаков ролей нет: 0 отправителей, 5 получателей; вход 0,00 ₸, выход 275,9 тыс ₸; seed: входящие неполные"
100000005495722100,peripheral,0.3000,82,0.000000,"Признаков ролей нет: 0 отправителей, 0 получателей; вход 0,00 ₸, выход 0,00 ₸; seed: входящие неполные; переводов в выгрузке нет — данных недостаточно"
100000005543136100,peripheral,0.9500,13,0.000000,"Признаков ролей нет: 0 отправителей, 1 получателей; вход 0,00 ₸, выход 10,0 тыс ₸; seed: входящие неполные"
100000005550592100,peripheral,0.3000,83,0.000000,"Признаков ролей нет: 0 отправителей, 0 получателей; вход 0,00 ₸, выход 0,00 ₸; seed: входящие неполные; переводов в выгрузке нет — данных недостаточно"
100000005560900100,peripheral,0.3000,84,0.000000,"Признаков ролей нет: 0 отправителей, 0 получателей; вход 0,00 ₸, выход 0,00 ₸; seed: входящие неполные; переводов в выгрузке нет — данных недостаточно"
100000005568407100,peripheral,0.3000,85,0.000000,"Признаков ролей нет: 0 отправителей, 0 получателей; вход 0,00 ₸, выход 0,00 ₸; seed: входящие неполные; переводов в выгрузке нет — данных недостаточно"
100000005744674100,peripheral,0.9500,19,0.000000,"Признаков ролей нет: 0 отправителей, 1 получателей; вход 0,00 ₸, выход 50,1 тыс ₸; seed: входящие неполные"
100000006249740100,peripheral,0.8500,53,0.000000,"Признаков ролей нет: 0 отправителей, 3 получателей; вход 0,00 ₸, выход 93,0 тыс ₸; seed: входящие неполные"
100000006831291100,peripheral,0.9500,53,0.000000,"Признаков ролей нет: 0 отправителей, 1 получателей; вход 0,00 ₸, выход 15,0 тыс ₸; seed: входящие неполные"
100000007018630100,peripheral,0.9500,61,0.000000,"Признаков ролей нет: 0 отправителей, 1 получателей; вход 0,00 ₸, выход 200,0 тыс ₸; seed: входящие неполные"
100000008117324100,peripheral,0.3000,86,0.000000,"Признаков ролей нет: 0 отправителей, 0 получателей; вход 0,00 ₸, выход 0,00 ₸; seed: входящие неполные; переводов в выгрузке нет — данных недостаточно"
100000008205000100,peripheral,0.3000,87,0.000000,"Признаков ролей нет: 0 отправителей, 0 получателей; вход 0,00 ₸, выход 0,00 ₸; seed: входящие неполные; переводов в выгрузке нет — данных недостаточно"
100000008513251100,peripheral,0.3000,88,0.000000,"Признаков ролей нет: 0 отправителей, 0 получателей; вход 0,00 ₸, выход 0,00 ₸; seed: входящие неполные; переводов в выгрузке нет — данных недостаточно"
100000008522127100,peripheral,0.9500,63,0.000000,"Признаков ролей нет: 0 отправителей, 1 получателей; вход 0,00 ₸, выход 145,0 тыс ₸; seed: входящие неполные"
100000008575624100,peripheral,0.8500,49,0.000000,"Признаков ролей нет: 0 отправителей, 3 получателей; вход 0,00 ₸, выход 89,5 тыс ₸; seed: входящие неполные"
100000008654653100,peripheral,0.9500,4,0.000000,"Признаков ролей нет: 0 отправителей, 1 получателей; вход 0,00 ₸, выход 54,0 тыс ₸; seed: входящие неполные"
100000008669037100,peripheral,0.3000,89,0.000000,"Признаков ролей нет: 0 отправителей, 0 получателей; вход 0,00 ₸, выход 0,00 ₸; seed: входящие неполные; переводов в выгрузке нет — данных недостаточно"
100000008701222100,peripheral,0.3000,90,0.000000,"Признаков ролей нет: 0 отправителей, 0 получателей; вход 0,00 ₸, выход 0,00 ₸; seed: входящие неполные; переводов в выгрузке нет — данных недостаточно"
